"symbol","timestamp","content","sentiment_score"
"IHG","2021-06-08 14:26:54+00:00","Best performing large cap stocks ($10B+ market cap) in today's early trading GameStop $GME BlackBerry $BB $AMC LI Auto $LI $TUYA Generac $GNRC Marvell $MRVL SolarEdge $SEDG Affirm $AFRM Trade Desk $TTD Cloudflare $NET Rocket $RKT UpStart $UPST Procore $PCOR InterContinental $IHG",0.6369
"IHG","2021-06-14 17:49:07+00:00","Chris Mayer‚Äôs 11 stock holdings aggregated from recent Tweets... $EVO $CSU $HEI $CPRT $EXO.MI $TPL $BRO $BOL.PA $HHC $IHG $TOI.V Am I 11/11 @chriswmayer?",0.0
"IHG","2021-06-25 14:23:39+00:00","Worst performing large cap stocks in today's early trading $SOFI FedEx $FDX $AMC New Oriental $EDU Logitech $LOGI Oatly $OTLY Unity $U GameStop $GME $RLX Vipshop $VIPS Tal Education $TAL Coinbase $COIN Roblox $RBLX Shopify $SHOP Intercontinental $IHG GoodRx $GDRX Vodafone $VOD",-0.6249
"IHG","2021-06-28 14:48:20+00:00","European travel shares fell materially today as Britons will be required to show proof of vaccination of people arriving from UK. Seems like an opportunity to accumulate. $DUFRY $TUI $AENA $IHG $SSP",0.7579
"IHG","2021-07-15 10:17:43+00:00","$IHG Deutsche Bank analyst Andre Juillard upgrades InterContinental Hotels from Hold to Buy.",0.0
"IHG","2021-07-15 11:34:33+00:00","$IHG: Deutsche Bank ups to Buy",0.0
"IHG","2021-07-16 12:39:22+00:00","Upgrades 7/16: $AA $CMI $CTAS $DNOW $ET $GATX $HNST $HP $IHG $MTDR $NOV $OLN $PAA $PAGP $TXT $WLK $WLKP $ZYXI  . Downgrades 7/16: $DOW $FGEN $FNV $GPX $HLX $HOMB $LONE $LYB $MPLX $SCPL $TME $TRQ $TU $UFS $WLPKP $ZTS",0.0
"IHG","2021-07-16 13:47:54+00:00","Best performing large cap stocks at today's open Aluminum $ACH Moderna $MRNA $AMC GameStop $GME InterContinental $IHG Live Nation $LYV Textron $TXT State ST $STT Royal Caribbean $RCL XPeng $XPEV $XP Roblox $RBLX Square $SQ Oak ST $OSH China Eastern $CEA Cintas $CTAS $CQP $BNTX",0.6369
"IHG","2021-07-16 14:49:35+00:00","businesses reopening, expect good hype in travel &amp; tourism $ABNB $BKNG $UAL $AAL $DAL $DIS $SIX $HLT $IHG I cover no meme stocks, as they are sooner or later will become a felony $AMC $GME",-0.4215
"IHG","2021-08-10 07:14:37+00:00","üè®#Intercontinental Hotel Group swings into profit. üõéÔ∏èA jump in summer bookings &amp; a pick up in business bookings saw revenue per room rise 20% in H1. ü¶†Delta COVID is causing some uncertainty to outlook.  $IHG üîΩ 0.3% #MarketUpdate  RW: 79.32% of retail clients lose money.",-0.296
"IHG","2021-08-10 08:38:52+00:00","BREAKING: @IHGhotels reports a $138 million profit for the first half of 2021. $IHG",0.4404
"IHG","2021-08-10 09:05:22+00:00","üö®üö®: @IHGhotels announces plans for new luxury and lifestyle ""soft brand"" collection of hotels, but Barr notes the company will keep a tight lid on the new brand's name and design features ""for just a few weeks longer."" $IHG Story to come later this AM post-earnings at @skift",0.0
"IHG","2021-08-10 13:04:40+00:00","$IHG - InterContinental Hotels reports 1H results Cap size: large, PE: -46.0, Current Price: $65.83, Last Daily Volume: 199k",0.0
"IHG","2021-08-16 15:44:41+00:00","InterContinental price target raised to 5,200 GBp from 4,900 GBp at Citi $IHG",0.0
"IHG","2021-08-19 09:35:46+00:00","InterContinental upgraded to Hold from Reduce at Peel Hunt $IHG",0.0
"IHG","2021-08-19 13:07:24+00:00","Upgrades 8/19: $APLS $BILL $BRSP $DQ $IHG $NEXA $NFE $OTLY $PAYS $SFL $SMAR $TX $WB $WRB  . Downgrades 8/19: $GLPG $ILMN $NTAP $NVDA $SE $TME $TTC $TX $VIPS",0.0
"IHG","2021-08-26 17:50:08+00:00","InterContinental price target raised to 5,650 GBp at Deutsche Bank $IHG",0.0
"IHG","2021-08-30 15:47:30+00:00","InterContinental upgraded to Buy from Hold at Societe Generale $IHG",0.0
"IHG","2021-08-30 15:56:11+00:00","Societe Generale upgrades InterContinental to Buy, says shouldn't lag U.S. peers $IHG",0.2584
"IHG","2021-08-30 17:17:51+00:00","Recording day tomorrow (Jon's shifts prevented a weekend recording), companies on the agenda are: Coca-Cola HBC $cch Just Eat Takeaway $jet Hargreaves Lansdown $hl Prudential $pru Intercontinental Hotels Group $ihg Disney $dis Release date will be tomorrow",0.0258
"IHG","2021-08-31 11:46:00+00:00","Just looking at the InterContinental Hotels Group results. Average rev per available room still only 57% of 2019 levels in the first half, although it was up to 64% in the second quarter. I don't understand why despite this the share price is at pre-pandemic levels. $ihg",-0.2235
"IHG","2021-09-17 10:16:56+00:00","$IHG Berenberg analyst Stuart Gordon upgrades InterContinental Hotels from Hold to Buy.",0.0
"IHG","2021-09-17 11:40:47+00:00","$ACCD: Baird Upgrades to Outperform from Neutral - PT $54 $DTE: Evercore ISI Upgrades to Outperform from In Line - PT $127 $IHG: Berenberg Upgrades to Buy from Hold  $MCW: BofA Securities Upgrades to Buy from Neutral - PT $23",0.296
"IHG","2021-09-17 13:13:53+00:00","Upgrades 9/20: $ACCD $DTE $E $HSBC $IHG $LOMA $MCW $PATH $RYAAY $SIVB $TRQ $VLY $WNEB $ZI  . Downgrades 9/20: $ALV $ARMK $CREE $CRUS $CSX $EQNR $GWB $HIMX $ILMN $LVS $MAN $ORLY $RACE $SNA $SNPS $TTE $TTWO $VALE $WYNN",0.0
"IHG","2021-09-23 19:02:48+00:00","upgrades 9/17 $PATH $VLY $ZI $MCW $FIVN $CNI $ACCD $DTE $HSBC $SIVB $TRQ $E $WNEB $IHG",0.0
"IHG","2021-10-22 11:19:00+00:00","#UK: Stocks on the move: üîª Hospitality $IHG -3%. Oilfield svc $PFC -3.3%. Insurance $SBRE -2.2% ‚ñ≤  Mining/Steel $EVR +3.1%. Sportswear $JD +2.8%. Chemical $CRDA +2.5% #StockMarket  @LSEplc",0.0
"IHG","2021-10-22 17:45:03+00:00","InterContinental Hotels Group PLC $IHG held an earnings call on 10/22/2021. Here are the highlights:",0.0
"IHG","2021-11-03 16:00:00+00:00","On January 1, 2022, Graham Denis Allan will start a role as #SeniorIndependentNED at @InterConHotels. #BoardExAlerts #FTSE100 $IHG",0.0
"IHG","2021-11-09 19:38:03+00:00","InterContinental price target raised to 5,700 GBp at Deutsche Bank $IHG",0.0
"IHG","2021-11-17 21:02:20+00:00","$IHG: Holiday Inn Express, a growth engine for IHG Hotels &amp; Resorts, surpasses 3000 hotels globally",0.6486
"IHG","2021-11-25 00:17:49+00:00","InterContinental double-upgraded to Buy from Underperform at Jefferies $IHG",0.0
"IHG","2021-12-15 14:46:37+00:00","09:46 New 52wk Lows: $CDXC $IHG $JOBS $MKFG $ORIC $SNN $VIRX $VVNT",-0.2023
"IHG","2021-12-23 14:15:15+00:00","Main Watchlist: Gapping UP: $BA, $RCL, $IHG, $WYNN, $LVS Gapping DOWN: $JD, $QDEL, $PDD, $MRNA Momentum Watchlist: $ENSC, $IINN, $ALLK, $TKC Good morning everyone. Market closed tomorrow, so let's end the week right.  Happy trading, and happy holidays :)",0.9423
"IHG","2022-01-04 15:02:49+00:00","Best performing large cap stocks in today's early trading Ford $F Halliburton $HAL Occidental $OXY Toyota $TM $HSBC $APA Discovery $DISCA Citizens $CFG China Eastern $CEA Schwab $SCHW Hewlett Packard $HPE $BP Hess $HES Inter $IHG $SIVB Continental $CLR Taiwan Semi $TSM $RDS.B",0.6369
"IHG","2022-01-04 15:22:09+00:00","Best performing large cap stocks in today's early trading Ford $F Halliburton $HAL Occidental $OXY Toyota $TM $HSBC $APA Discovery $DISCA Citizens $CFG China Eastern $CEA Schwab $SCHW Hewlett Packard $HPE $BP Hess $HES Inter $IHG $SIVB Continental $CLR Taiwan Semi $TSM $RDS.B",0.6369
"IHG","2022-01-04 15:32:37+00:00","Large caps con mejor rendimiento en lo que va de la ma√±ana: Ford $F Halliburton $HAL Occidental $OXY Toyota $TM $HSBC $APA Discovery $DISCA Citizens $CFG China Eastern $CEA Schwab $SCHW Hewlett Packard $HPE $BP Hess $HES Inter $IHG $SIVB Continental $CLR Taiwan Semi $TSM",0.0
"IHG","2022-01-05 12:31:16+00:00","$IHG: UBS ups to Buy",0.0
"IHG","2022-01-05 13:13:39+00:00","$IHG UBS analyst Bilal Aziz upgrades InterContinental Hotels from Neutral to Buy.",0.0
"IHG","2022-01-05 13:15:53+00:00","$IHG - UBS Upgrades InterContinental Hotels to Buy",0.0
"IHG","2022-01-05 13:15:57+00:00","$IHG - UBS Upgrades InterContinental Hotels to Buy",0.0
"IHG","2022-01-05 13:24:54+00:00","$IHG is moving pre-market:‚Å£ ‚Å£ InterContinental Hotels shares are trading higher after UBS upgraded the stock from Neutral to Buy.",0.296
"IHG","2022-01-05 14:19:37+00:00","Upgrades 1/5: $ACAD $AEL $AMP $BE $CAKE $CHK $CVX $D $EFX $EMR $FERG $GRMN $GOOS $IHG $INTC $LBRT $LDI $LNC $MET $MUR $NTRS $PFE $PINS $RRC $SM $STER $SU $VOYA",0.0
"IHG","2022-01-05 15:04:46+00:00","Best performing large cap stocks in today's early trading Steel Dynamics $STLD Nucor $NUE Cleveland $CLF Alibaba $BABA Alcoa $AA Tencent Music $TME Intel $INTC Posco $PKX $ZTO Pinduoduo $PDD UpStart $UPST Deere $DE Equinor $EQNR $SONY Pinterest $PINS Cheniere $LNG Lufax $LU $IHG",0.743
"IHG","2022-01-05 16:22:35+00:00","$IHG UBS Upgrades InterContinental Hotels to Buy $BHF Evercore ISI Group Downgrades Brighthouse Financial to In-Line, Lowers Price Target to $57 $DLR Deutsche Bank Downgrades Digital Realty Trust to Hold, Announces $175 Price Target",0.4215
"IHG","2022-01-11 20:09:34+00:00","InterContinental price target raised to 5,500 GBp at Morgan Stanley $IHG",0.0
"IHG","2022-01-11 20:13:40+00:00","InterContinental price target raised to 5,500 GBp at Morgan Stanley $IHG",0.0
"IHG","2022-01-18 20:09:59+00:00","InterContinental price target raised to 5,700 GBp from 5,400 GBp at Berenberg $IHG",0.0
"IHG","2022-01-18 20:10:44+00:00","InterContinental price target raised to 5,700 GBp from 5,400 GBp at Berenberg $IHG",0.0
"IHG","2022-01-21 10:30:50+00:00","InterContinental upgraded to Neutral from Underperform at Exane BNP Paribas $IHG",0.0
"IHG","2022-01-21 10:32:35+00:00","InterContinental upgraded to Neutral from Underperform at Exane BNP Paribas $IHG",0.0
"IHG","2022-01-25 14:16:00+00:00","If you only own #airline stocks, you're missing out on 2/3 of the #travel #recovery story. $TRYP ETF. #Rebound #Reopening #Reopeningtrade #Airlines #Hotels #Cruise $LUV $AAL $UAL $DAL $RYAAY $ALK $JBLU $HLT $MAR $JETS $VICI $HST $WH $IHG $VAC $CHH $H $PK $HGV $TNL $NCLH $RCL $CCL",-0.296
"IHG","2022-01-27 13:50:00+00:00","$TRYP #travel ETF. Not just #airlines but #hotels and #cruise lines too. #Recovery #Rebound #Reopening #Reopeningtrade $LUV $AAL $UAL $DAL $RYAAY $ALK $JBLU $HLT $MAR $JETS $VICI $HST $WH $IHG $VAC $CHH $H $PK $HGV $RHP $TNL $NCLH $RCL $CCL @Michael_Khouw @ZacksResearch",0.0
"IHG","2022-02-11 20:13:04+00:00","InterContinental price target lowered to 5,610 GBp at Deutsche Bank $IHG",-0.128
"IHG","2022-02-22 06:38:57+00:00","Corp events this morning..not that they will matter..  EX div  $LOG SM  $AMCR  Earning calls during mkt session : $SN/ at 9h30 $CINT 9h30 $HSBC 9h30 $CCH at 10h $IHG at 10h30  $FRE 13h30",0.0
"IHG","2022-02-22 09:35:18+00:00","BREAKING: @IHGhotels reports a $494M 2021 profit compared to a $153M loss in 2020. $IHG",0.1531
"IHG","2022-02-23 17:05:10+00:00","#EARNINGSüåéFEB22Tu R11 $1.5T: $HD $HSBC $MDT $PANW' $MELI' $NU' $Cdns' $Psa' $Vrsk' $A' $Rng' $Czr' $Fang' $Csgp' $Expd $Mos' $Anto. SaudT. $Fms. $Wow) $Hsngy) $Nhy. $Viv $Ihg. $Elezy. $Tru $O' $Midd $Pcor' $Ndsn' $M $Tdoc' $Tol' $Asm. $Au. $Col) $exas' $pen' $agr' $bld cnp tpx..",0.0
"IHG","2022-02-24 17:28:26+00:00","InterContinental price target raised to 5,675 GBp from 5,575 GBp at UBS $IHG",0.0
"IHG","2022-02-24 17:29:10+00:00","InterContinental price target raised to 5,675 GBp from 5,575 GBp at UBS $IHG",0.0
"IHG","2022-02-28 10:16:53+00:00","InterContinental upgraded to Outperform from Neutral at Exane BNP Paribas $IHG",0.0
"IHG","2022-02-28 10:19:28+00:00","InterContinental upgraded to Outperform from Neutral at Exane BNP Paribas $IHG",0.0
"IHG","2022-02-28 13:40:17+00:00","Expedia Group And IHG Hotels &amp; Resorts Enter Preferred Partnership For Optimized Distribution $EXPE $IHG",0.4588
"IHG","2022-02-28 18:40:12+00:00","üéØ $IHG price target update üü¢ Upgraded by BNP Paribas Price target: $5800 Day quote/change: $70.3 (-1.43%) Target upside: 8150.36% Published: Feb 28, 2022",0.0
"IHG","2022-03-01 14:50:18+00:00","Worst performing stocks at today's open GoodRx $GDRX Lucid $LCID Sea Limited $SE Domino's $DPZ $TREX $ICL $ING $IHG JM Smucker $SJM Ericsson $ERIC Zoom $ZM Deutsche $DB Stellantis $STLA $WPP Prudential $PUK Ryanair $RYAAY Fresenius $FMS Royal Carribean $RCL $AMP Toast $TOST",-0.7184
"IHG","2022-03-02 17:47:10+00:00","InterContinental Hotels Group PLC traded 2% above it's 50 DMA and 3% above it's 200 DMA $IHG",0.0
"IHG","2022-03-10 15:54:23+00:00","Trading the #Travel #reopening? Why limit yourself to one sector when you can have exposure to #Airlines, #Hotels, #Cruises in a single ETF, $TRYP. $LUV $AAL $UAL $DAL $RYAAY $ALK $JBLU $HLT $MAR $VICI $HST $WH $IHG $VAC $CHH $H $PK $HGV $RHP $TNL $NCLH $RCL $CCL",0.0
"IHG","2022-03-11 13:59:51+00:00","Pre-market Gainers $PSO +19.4% $FUTU +5.8% $BEKE +5.6% $TTM +5.6% $SOXL +4.9% $CS +4.4% $YMM +4.3% $JKS +4.2% $IHG +4.2% $TECL +4.1%",0.0
"IHG","2022-03-11 14:02:16+00:00","Pre-market Gainers $PSO +19.4% $FUTU +5.8% $BEKE +5.6% $TTM +5.6% $SOXL +4.9% $CS +4.4% $YMM +4.3% $JKS +4.2% $IHG +4.2% $TECL +4.1%",0.0
"IHG","2022-03-11 15:28:28+00:00","#WallStreet üá∫üá∏ Today‚Äôs Gainers: $PSO +19% $FUTU +5% $BEKE +5% $TTM +5% $SOXL +4% $CS +4% $YMM +4% $JKS +4% $IHG +4% $TECL +4% #WinningTime",0.0
"IHG","2022-03-19 01:36:19+00:00","InterContinental Hotels Group PLC traded -4.63% below it's 52-wk high $IHG",0.0
"IHG","2022-03-23 04:41:07+00:00","InterContinental Hotels Group PLC traded 6% above it's 50 DMA and 7% above it's 200 DMA $IHG golden cross #goldencross",0.0
"IHG","2022-03-27 17:43:55+00:00","InterContinental Hotels Group PLC traded 4% above it's 50 DMA and 5% above it's 200 DMA $IHG",0.0
"IHG","2022-04-04 07:23:52+00:00","#Europe: Stocks on the move  ‚ú¶ #France: $STM (Software) -2.2% | $HO (Defence) +2.6%  ‚ú¶ #Germany: $SIE (Industrials) -1.1% | $DHER (Internet Retail) 11.8%  ‚ú¶ #UK: $IHG (Hotels) -1.6% | $POLY (Metals) +6.4%  @euronext_fr @LSEplc #StockMarkets #DAX #FTSE #CAC",0.0
"IHG","2022-04-08 13:18:20+00:00","InterContinental Hotels Group PLC is down -2.71% in the pre-market $IHG",0.0
"IHG","2022-04-08 13:49:45+00:00","Worst performing large cap stocks at today's open Atlassian $TEAM Robinhood $HOOD Genmab $GMAB Seagen $SGEN Trade Desk $TTD Cheniere $CQP Best Buy $BBY $IHG XPeng $XPEV $ETSY Datadog $DDOG Rivian $RIVN $TFII New Oriental $EDU $UPS Toyota $TM Zoom $ZM BeiGene $BGNE Carvana $CVNA",0.0258
"IHG","2022-04-14 12:43:02+00:00","InterContinental Hotels Group PLC is up 2.95% in the pre-market $IHG",0.0
"IHG","2022-04-14 13:47:43+00:00","Best performing large cap stocks at today's open Twitter $TWTR James Hardie $JHX China Southern $ZNH NiSource $NI US Bancorp $USB Intercontinental $IHG Goldman Sachs $GS Taiwan Semi $TSM Canon $CAJ Morgan Stanley $MS Delta $DAL $CDW Gartner $IT $IBM Expedia $EXPE $RS Wayfair $W",0.6369
"IHG","2022-04-14 20:44:40+00:00","Best performing large cap stocks from today Nike $NKE +4.7% Caterpillar $CAT +4.4% US Bancorp $USB +4.2% Royalty Pharma $RPRX +3.9% Darlings $DAR +3.7% $DISH +3.3% Hyatt $H +3.3% Delta $DAL +3.3% $CCEP +3.1% $JAZZ +3.1% Marriott $MAR +2.8% InterContinetal $IHG +2.7% $RS +2.7%",0.8126
"IHG","2022-04-15 06:00:21+00:00","Here is a list of stocks that have appeared in Terry Smith's Fundsmith meetings which gives insight into his ""investible universe"" $MSFT $INTU $NOVO-B $EL $IDXX $PYPL $AMS.MC $KNEBV $ULVR $BF.B $FB $SGE $IHG $BDX $PM $MMM $CL $CLX $WAT $IMB.LN $DPZ $SYK $SRP.LN $SWMA.ST $KMB $MCD",0.0
"IHG","2022-05-03 13:28:49+00:00","InterContinental Hotels Group PLC is up 3.09% in the pre-market $IHG",0.0
"IHG","2022-05-17 13:09:12+00:00","Where are we in the travel sector recovery? Hotels (Q1 2022 revenue vs Q1 2019 revenue) - $H up 3.1%  - $CHH up 18.1% - $MAR down 16.2% - $IHG (RevPAR down 18%)",0.0
"IHG","2022-05-19 16:48:31+00:00","First out// $IHG: InterContinental Hotels &amp; Resorts unveils limited-edition suites in collaboration with leading artist Claire",0.0
"IHG","2022-05-19 20:06:41+00:00","Thank you $IHG for my dividendsüôåüèæüôåüèæ",0.3612
"IHG","2022-05-29 07:13:24+00:00","C'mon human, just move all human dollars into Intercontinental Hotels Group $IHG #ProTip",0.0
"IHG","2022-06-06 13:12:44+00:00",".@IHGhotels CEO Keith Barr: I don‚Äôt think the international borders of China will reopen until spring of next year. #NYUhospitality $IHG",0.0
"IHG","2022-06-08 11:15:48+00:00","$IHG IHG Hotels &amp; Resorts Marks 6,000 Hotels Milestone With Spectacular Openings And Partnerships To Reward Travellers Stock News Alerts In Bio",0.5719
"IHG","2022-06-14 13:35:48+00:00","09:35 New 52wk Lows: $ACRE $AWK $CM $FCPT $GAIN $IHG $INN $IREN $SFNC",-0.2023
"IHG","2022-06-27 16:38:15+00:00","$IHG #Intercontinental Hotel has finally pulled out of #Russia. Have not developed properties for quite some time. #Moscow head office closed. #Putin #Ukraine",0.0
"IHG","2022-07-27 03:13:25+00:00","Word on the street (but not THE Street) is that now is the time to move all human dollars into Intercontinental Hotels Group $IHG #ProTip",0.0
"IHG","2022-08-04 20:30:31+00:00","$SVC $RMR $IHG Service Properties Trust Announces Second Quarter 2022 Results Stock News Alerts In Bio",0.5106
"IHG","2022-08-11 13:15:21+00:00","$MYPS $IHG PLAYSTUDIOS Expands Collaboration With IHG Hotels &amp; Resorts, Offering Players Rewards At More Than 6,000 Destinations Worldwide #offering Stock News Alerts In Bio",0.5423
"IHG","2022-08-15 06:00:55+00:00","$IHG InterContinental Hotels Group PLC Announces Transaction In Own Shares Stock News Alerts In Bio",0.296
"IHG","2022-08-23 11:44:57+00:00","Recording day today, companies on the agenda are: NatWest $nwg Coca-Cola HBC $cch BAE Systems $ba InterContinental Hotels Group $ihg Entain $ent Disney $dis Release date will be today",0.0
"IHG","2022-08-24 14:26:23+00:00","$IHG IHG Hotels &amp; Resorts Returns To The US Open Tennis Championships With A New Line-Up Of Unforgettable Fan Experiences Stock News Alerts In Bio",0.6705
"IHG","2022-08-26 13:05:03+00:00","Upgrades 8/26: $FDS $FSLR $HIBB $PTR $TD $VTEX  . Downgrades 8/26: $ARCE $CNC $GDS $ICLK $IHG $IRIX $NEO $OTEX $SID $TX $UNP $ZM",0.0
"IHG","2022-08-31 23:14:24+00:00","InterContinental Hotels Group PLC is down -4.98% after hours $IHG",0.0
"IHG","2022-09-05 13:56:38+00:00","$IHG InterContinental Hotels Group PLC- - Announces Transaction In Own Shares Stock News Alerts In Bio",0.296
"IHG","2022-09-06 14:47:20+00:00","INTERCONTINENTAL HOTELS GROUP (IHG) REPORTS UNAUTHORISED ACCESS TO TECHNOLOGY SYSTEMS $IHG",0.0
"IHG","2022-09-06 15:19:51+00:00","HOLIDAY INN-OWNER IHG HIT BY 'UNAUTHORISED ACTIVITY' IN TECH SYSTEMS $IHG",0.4019
"IHG","2022-09-09 06:00:54+00:00","$IHG InterContinental Hotels Group PLC Announces Transaction In Own Shares - Sept 9 Stock News Alerts In Bio",0.296
"IHG","2022-09-12 06:00:55+00:00","$IHG InterContinental Hotels Group PLC Announces Transaction In Own Shares Stock News Alerts In Bio",0.296
"IHG","2022-09-22 06:00:38+00:00","$IHG InterContinental Hotels Group PLC Announces Transaction In Own Shares - Sept 22 Stock News Alerts In Bio",0.296
"IHG","2022-09-23 14:11:28+00:00","Should $IHG be trading at Spring 2020 prices? Is this just a British Peso bet?",0.0
"IHG","2022-10-07 06:00:49+00:00","$IHG InterContinental Hotels Group PLC Announces Transaction In Own Shares - Oct 7 Stock News Alerts In Bio",0.296
"IHG","2022-10-10 06:00:39+00:00","$IHG InterContinental Hotels Group PLC Announces Transaction In Own Shares Stock News Alerts In Bio",0.296
"IHG","2022-10-13 18:36:31+00:00","$PT will move up big on Monday, look for 10dma kisses 20dma confirmation. $CEI $HUSA $INDO $SGTX $SDC $NHI $IHG $VVI $CLDT  $JAAA $SVOL $CUK $GRVY $RGI $VRDN $IJK $BDJ $LQDH $ATHM $HCI $GIPR $AIT $HELE $LVO $CIDM $TRIN $VTVT $BRPM $PAYO $GOSS $SMAR $SIEB  $MUX #ShortSqueeze",0.5106
"IHG","2022-10-14 05:03:39+00:00","InterContinental Hotels Group PLC traded 95% above average volume, $IHG closed up 3.02%",0.0
"IHG","2022-10-21 06:01:04+00:00","$IHG InterContinental Hotels Group PLC Announces Transaction In Own Shares - Oct 21 Stock News Alerts In Bio",0.296
"IHG","2022-10-21 12:00:00+00:00","Shares in #InterContinentalHotels fell today after announcing CFO Paul Edgecliff-Johnson is leaving to join #FlutterEntertainment üìâ This disappointed $IHG investors who praised the finance chief for his performance during the pandemic yearsüè® Do you hold hospitality stocks?",0.5423
"IHG","2022-10-21 12:12:55+00:00","Gapping down in reaction to #earnings/guidance: $SNAP -28.1% $THC -19.9% $SIVB -18.9% $RHI -13.6% $AXP -5.9% $HCA -5.2% $WHR -4.8% $FFBC -4.7% $IHG -4.2% (Q3 trading update) $OZK -3.3%",0.0
"IHG","2022-10-24 02:29:35+00:00","$IHG Intercontinental Hotels Group (IHG) reports Q3 update; Q3 RevPAR up 28% yr/yr; CFO steps down",0.0
"IHG","2022-10-24 06:02:06+00:00","$IHG InterContinental Hotels Group PLC Announces Transaction In Own Shares - Oct 24 Stock News Alerts In Bio",0.296
"IHG","2022-10-25 06:00:37+00:00","$IHG InterContinental Hotels Group PLC Announces Transaction In Own Shares - Oct 25 Stock News Alerts In Bio",0.296
"IHG","2022-11-03 07:00:57+00:00","$IHG InterContinental Hotels Group PLC Announces Transaction In Own Shares - Nov 3 Stock News Alerts In Bio",0.296
"IHG","2022-11-03 13:15:07+00:00","$IHG Voco Hotels Launches New, Limited Edition Packages At Select Properties Stock News Alerts In Bio",-0.2263
"IHG","2022-11-04 07:20:29+00:00","$IHG InterContinental Hotels Group PLC Announces Transaction In Own Shares - Nov 4 Stock News Alerts In Bio",0.296
"IHG","2022-11-11 07:01:05+00:00","$IHG InterContinental Hotels Group PLC Announces Transaction In Own Shares - 11 November 2022 Stock News Alerts In Bio",0.296
"IHG","2022-11-18 11:53:45+00:00","$IHG InterContinental Hotels Group PLC Announces Transaction In Own Shares ‚Äì Nov 18 Stock News Alerts In Bio",0.296
"IHG","2022-11-25 07:00:33+00:00","$IHG InterContinental Hotels Group PLC Announces Transaction In Own Shares ‚Äì  Nov 25 Stock News Alerts In Bio",0.296
"IHG","2022-12-01 07:00:47+00:00","$IHG InterContinental Hotels Group PLC Announces Transaction In Own Shares - 01 Dec 2022 Stock News Alerts In Bio",0.296
"IHG","2022-12-09 09:51:13+00:00","$IHG ‚Üëupgrade InterContinental upgraded to Buy from Hold at Peel Hunt",0.0
"IHG","2022-12-09 14:47:11+00:00","Best and worst performing large cap stocks at today's open Best: 1 Netflix $NFLX 2 Ericsson $ERIC 3 $KB 4 $IHG 5 Prudential $PUK 6 Broadcom $AVGO 7 Gold Fields $GFI Worst: 1 LI Auto $LI 2 Lululemon $LULU 3 $ETSY 4 Formula One $FWONK 5 Infosys $INFY 6 Stellantis $STLA 7 $ABC",0.0516
"IHG","2022-12-09 15:02:47+00:00","Best and worst performing large cap stocks at today's open Best: 1 Netflix $NFLX 2 Ericsson $ERIC 3 $KB 4 $IHG 5 Prudential $PUK 6 Broadcom $AVGO 7 Gold Fields $GFI Worst: 1 LI Auto $LI 2 Lululemon $LULU 3 $ETSY 4 Formula One $FWONK 5 Infosys $INFY 6 Stellantis $STLA 7 $ABC",0.0516
"IHG","2022-12-13 01:09:15+00:00","InterContinental Hotels Group PLC is down -5.00% after hours $IHG",0.0
"IHG","2022-12-29 20:44:25+00:00","Once $MLGO starts running, the addiction will be strong trying to recoup that $70 high 12 days ago...nanofloat! $IHG $VVI $CLDT $OII $DHX $JAAA $SVOL $CUK $GRVY $ATHM $HCI $MULN $AIT $LVO $CIDM $TRIN $VTVT $BRPM $PAYO $GOSS $SMAR $SIEB $VATE $RELY $CNCE $LANC $VIXM $MUX $TANH",0.5562
"IHG","2023-01-04 04:44:30+00:00","InterContinental Hotels Group PLC is up 4.36% after hours $IHG",0.0
"IHG","2023-01-04 11:19:14+00:00","Once $MLGO starts running, the addiction will be strong trying to recoup that $70 high...nanofloat!  #Chart  $IHG $VVI $CLDT $OII $DHX $JAAA $SVOL $CUK $GRVY $ATHM $HCI $MULN $AIT $LVO $CIDM $TRIN $VTVT $BRPM $PAYO $GOSS $SMAR $SIEB $VATE $RELY $CNCE $LANC $VIXM $MUX $TANH",0.5562
"IHG","2023-01-04 12:37:07+00:00","$IHG said Wednesday it has launched the voco brand in India with the signing of a management agreement with Satyadeo Hospitality.",0.5719
"IHG","2023-01-18 12:27:00+00:00","$IHG upgraded to Buy from Neutral at BofA",0.0
"IHG","2023-01-18 14:04:48+00:00","Upgrades 1/18: $ASTL $CHKP $GDDY $GPS $GRFS $IHG $LSPD $MMP $MQ $MYGN $NTRA $OTLY $PEGA $RMD $STX $WTW",0.0
"IHG","2023-01-19 05:53:45+00:00","InterContinental Hotels Group PLC is down -4.99% after hours $IHG",0.0
"IHG","2023-01-27 11:51:30+00:00","Why InterContinental Hotels is turning investor heads. #IHG $IHG",0.0
"IHG","2023-01-28 09:09:27+00:00","[NYSE] NewHigh-Count/Consumer Cyclical $MHO 4 $RACE 4 $LTH 3 $LVS 3 $YUMC 3 $H 3 $DECK 2 $GPI 2 $IHG 2 $TMHC 2 From:2023/01/23„Äú",0.0
"IHG","2023-01-30 08:00:01+00:00","Why InterContinental Hotels is turning investor heads. #IHG $IHG",0.0
"IHG","2023-02-14 13:54:12+00:00","Upgrades 2/14: $EQNR $FIS $MT $OXY $SON  . Downgrades 2/14: $CF $ECPG $EMR $FIS $FREQ $FSLR $IHG $LYFT $NEM $SPT $TELL $TTWO $XPO",0.0
"IHG","2023-02-22 12:45:06+00:00","$IHG downgraded to Hold from Buy at Deutsche Bank",0.0
"IHG","2023-03-06 09:36:06+00:00","InterContinental downgraded to Equal Weight from Overweight at Barclays $IHG",-0.3612
"IHG","2023-03-06 13:40:18+00:00","Upgrades 3/6: $EXT $EMR $HCP $MNST $MTH $REVG $TX $VIR  . Downgrades 3/6: $AMOT $BIRD $DHI $EMBK $EURN $HR $IHG $KBH $NRGV $PRAX $RH $SI $SWX $WEN",0.0
"IHG","2023-03-18 10:25:17+00:00","SUBSCRIBER ALERT Another Update issued this morning - more on banks plus analysis on stocks in the Telecoms, Hotels. Transport and Tobacco sectors. Over 250 BUY &amp; SELL signals so check you emails. Charts on $941 $DTE $SCMN $BT $CTL $IHG $MM $DHER $HLAG $JBHT $UNP $IMT",0.4466
"IHG","2023-03-21 09:33:21+00:00","InterContinental downgraded to Sell from Neutral at Redburn $IHG",0.0
"IHG","2023-03-21 12:56:32+00:00","Upgrades 3/21: $AIZ $EMR $FL $FLT $HOG $IMO $META $NYCB $ORIC $RRC $TTE $VNO $WIX  . Downgrades 3/21: $ADC $ATNX $AWI $CYTH $GDDY $IHG $ORIC $OSH $PROF $SOLO $SU",0.0
"IHG","2023-03-21 13:49:22+00:00","Street Wrap: Today's Top 15 Upgrades, Downgrades, Initiations $FL $WIX $HOG $FLT $META $GDDY $IHG $AWI $CYTH $PROF $BMRN $VRTX $ALNY $SPG $IONS",0.2023
"IHG","2023-03-31 12:25:04+00:00","ATTN: Institutional Investors Analyst presentations today: ‚óæ @HedgeyeTech's ""2Q23 Tech Themes | When 2001 Meets 2008 ‚óæ @HedgeyeSnakeye on $MAR $HLT $H $WH $CHH $IHG ‚óæ @HedgeyeHC short $PGNY Email sales@hedgeye.com if you're interested in gaining access.",0.6705
"IHG","2023-04-06 22:12:53+00:00","üåû üèñÔ∏èHotel Stocks üèñÔ∏èüåû $VAC Marriott Vacations Worldwide - 2.1% Yield $IHG InterContinental Hotels - 2.1% Yield $WH Wyndham Hotels &amp; Resorts - 2% Yield $MAR Marriott International - 0.9% Yield $HLT Hilton Worldwide - 0.4% Yield $ABNB AirBnB - 0% Yield",0.0
"IHG","2023-04-13 09:04:04+00:00","New MOMO Trend 2 only from Mometic     $IHG #stockstowatch",0.0
"IHG","2023-04-20 17:01:07+00:00","New MOMO Trend 2 only from Mometic     $IHG #stockstowatch",0.0
"IHG","2023-04-21 15:22:03+00:00","New MOMO Trend 2 only from Mometic     $IHG,KBH,MKSI #stockstowatch",0.0
"IHG","2023-05-05 09:26:49+00:00","$IHG Intercontinental Hotels Group reports Q1 trading update; CEO to step down Reports Q1 group RevPARa +33% vs 2022, with Americas +18%, EMEAA +64% and  China +75%",0.0
"IHG","2023-05-12 21:00:09+00:00","Paul Torres-Cohen $IHG",0.0
"IHG","2023-05-14 15:47:39+00:00","Do you own any hotel stocks? $HLT $MAR $IHG",0.0
"IHG","2023-06-10 17:08:01+00:00","$IHG - intercontinental hotels - at $69.50, trading at 121x strip... something that beats $NVDA nvidia at 81x strip (!)",0.0
