time,rawContent
2021-06-05 17:16:58+00:00,Cruises are looking better by the day.  $CCL $RCL $NCLH $DIS $CUK
2021-06-08 15:58:49+00:00,Celebrity Equinox Heats Up Summer Vacation Options As The Latest Ship In The Celebrity Cruises' Fleet To Be Approved To Sail From A U.S. Port Beginning July 25 $CCL $NCLH $RCL $CUK $DIS
2021-06-08 19:30:16+00:00,Carnival's Vista Ship Receives CDC Approval To Resume Restricted Voyages Out Of US $CCL $NCLH $RCL $CUK $DIS
2021-06-17 13:54:59+00:00,"Tony Zhang Sees Unusual Options Activity In Carnival $CCL Purchase of 1,200 contracts of the July $30 calls for $1.32. Breaks even at $31.32 or around 7% above the closing price on Wed. The strategy risks only 4.5% if the stock trades lower at the July expiration $NCLH $RCL $CUK"
2021-06-23 13:17:51+00:00,$CCL $CUK Carnival Cruise Line To Grow Fleet By Two Additional Ships By 2023
2021-06-23 13:37:19+00:00,$CUK who still holding from our entry
2021-06-23 13:37:49+00:00,$CUK I mentioned in October easy money üí∞
2021-06-24 15:06:05+00:00,"Unusual Options Activity Insight: Norwegian Cruise $NCLH Following the unusual option alert, stock price moved up to $31.06. Sentiment: BEARISH Option Type: SWEEP Trade Type: CALL Expiration Date: 2021-07-16 Strike Price: $32.50 Volume: 1115 Open Interest: 50018 $CCL $RCL $CUK"
2021-06-28 04:17:14+00:00,I'm probably going Long 1 cent &gt; daily high $ETR $CUK $AEE $ELS $KAST $AASP $SBAC $SWCH $SOHOO $DSE $USCS $QEDN $BUD $GLAXF $TU $HTA $TRP $CERN $TTRAF $CHK $PHM $GBOX $JOAN $QSR Short 1 cent &lt; daily low $FOA $TAL $BCHG $CHAQ $MHH $FLYW $WISH $RNG $PTCT
2021-06-28 13:07:28+00:00,$CCL $CUK - Carnival to sell up $500M in stock
2021-06-28 13:13:18+00:00,MJ In Play Alert - Ticker: $CUK   DateTime: 2021-06-28 08:13   Price: 23.89   ATR: 0.84   Daily RVOL 1.15   Beta: 2.37   Short Float: 1.90%
2021-06-29 17:31:50+00:00,Royal Caribbean International CEO Says CDC Provisionally Approved Request To Conduct Simulated Voyage On Board Oasis Of The Seas $CCL $NCLH $RCL $CUK $DIS
2021-07-14 12:49:18+00:00,"1) #PeregrineUpgrades for today, Wed, 14 JUL 21 (will add charts tomorrow)  $AHCO  Robert W. Baird  Neutral to Outperform  $36 $CUK  Berenberg  Sell to Hold  no PT $EL  Raymond James  Mkt Perform to Strong Buy  $355 $GHL  Keefe Bruyette  Underperform to Mkt Perform$15.5"
2021-07-14 15:35:28+00:00,$AAL: Citigroup Upgrades to Neutral from Sell - PT $21.50 $AHCO: Baird upgrades to Outperform from Neutral - PT $36 $CUK: Berenberg upgrades to Hold from Sell - PT $20 $EL: Raymond James upgrades to Strong Buy from Market Perform - PT $355
2021-07-15 01:54:49+00:00,6 month calls on $CUK AND $UAL would be great
2021-07-15 05:18:42+00:00,$CUK Carnival plc (CUK) upgraded to Hold from Sell at Berenberg
2021-07-16 17:10:02+00:00,$CUK---Big downtrend...Little more to go before a bounce.
2021-07-16 17:13:07+00:00,"CUK (CARNIVAL PLC) üö® #Insider #stock alert! üí∞ #Sale on 2021-07-14 - $CUK üá∫üá∏: Thamm Michael Olaf (Group CEO - Costa Crociere), total amount $329.389. Float 1,026.00M shares"
2021-07-18 14:53:22+00:00,Will we see cruise line companies ever recover from 2020? $CCL $CUK $RCL $NCLH
2021-07-19 19:52:32+00:00,"UPDATE: Carnival Says 'will continue to operate all its ships as vaccinated cruises through at least October' $CCL Carnival Says 3 More Ships Will Resume Guest Operations In Sept., Another 4 In Oct., Bringing Total Ships To 15 $NCLH $RCL $CUK $DIS $SPY"
2021-07-21 13:20:11+00:00,MJ In Play Alert - Ticker: $CUK   DateTime: 2021-07-21 08:20   Price: 23.89   ATR: 0.84   Daily RVOL 1.15   Beta: 2.37   Short Float: 1.90%
2021-07-21 17:21:46+00:00,$CUK is up 10.04% to $20.85
2021-07-25 01:28:23+00:00,"Hello @CarnivalCruise , can you please stop $CUK ing my investment and open your god damn cruise lines? Thanks, concerned investor who will keep long $DKS ."
2021-07-26 17:05:53+00:00,MJ In Play Alert - Ticker: $CUK   DateTime: 2021-07-26 12:04   Price: 20.61   ATR: 1.01   Daily RVOL 1.61   Beta: 2.35   Short Float: 1.62%
2021-08-01 19:17:42+00:00,$CCL $CUK - Princess Cruises Successfully Completes First Voyage Following Extended Pause in OperationsMajestic Princess Returns to Seattle After First Alaska Sailing -
2021-08-03 17:35:20+00:00,"$CUK $12.50 Feb 18 2022 PUT ‚¨áÔ∏èüåä Underlying: $19.66 % Difference: 57.28% Daily $ Volume: $199,665 Volume: 2,958 OI: 363 IV: 64.64% Bid/Ask: $0.65/$0.70"
2021-08-05 17:17:51+00:00,Finally some positive price action on these cruise line stocks. Holy shit. I think we still have a long road ahead though. $NCLH $CUK
2021-08-08 13:21:32+00:00,"Tomrrow‚Äôs #watchlist for #NYSE, #NASDAQ between $20 and $30: $ALKS $ASB $BRX $BYSI $CNP $CUK $DVN $EQNR $HSBC $IVLU $KEY $KIM $LBTYK $MAT $MFC $ORI $PPL $QYLD $UAA $VIRT"
2021-08-10 14:08:17+00:00,$CCL $CUK Cunard Makes Final Touches to Queen Elizabeth as the Ship Prepares for Return to Sailing on Friday
2021-08-24 19:54:36+00:00,Disney Cruise Line Says To Require Proof Of Vaccinations For Passengers On Cruises To The Bahamas From Florida $DIS $CCL $NCLH $RCL $CUK
2021-09-02 18:32:46+00:00,Carnival's Cunard says Queen Mary 2 returns to sailing from November 28 $CCL $CUK
2021-09-22 22:40:45+00:00,"Tomorrow's #watchlist for #NYSE, #NASDAQ between $20 and $30: $AAL $ABCL $ALLO $AZUL $CCL $CUK $FPE $GRPN $GTN $HA $IRT $JETS $JWN $M $NCLH $NWS $NWSA $PEB $PLUG $RPAY $RVNC $SAVE $STWD $TTM $UNVR $UUP"
2021-09-28 08:52:58+00:00,Candlesticks of the day: BULLISH HARAMI $SDC $TCRR $TMC BEARISH HARAMI $CRM $DHX $EMKR $FLEX $NWS $NWSA $SNAP $VRAY $YOU BULLISH ENGULFING $BOLT $CMAX $JANX $LOMA $MREO $MSA BEARISH ENGULFING $BRO $FTCS $GIS $MMC $NOVT $NRG $SFE $VSAT SHOOTING STAR $BA $CUK $HESM $PEB $SAVE
2021-10-01 13:19:38+00:00,"September Update: Tracking portfolio +0.2% MoM, +53% YTD and +550% since 2017. A few highlights: - $VHI +124% in 1 year - $PAAS / $PAASF +50% in 8 months - $KKVX +58% in 2.5 months - 45 ideas remain active on SSI. Full report: $CUK $CCL $ML.V $BSMX $OSG"
2021-10-01 13:29:56+00:00,$RCL  $CCL  $NCLH   $CUK  Cruzelines are moving to the $MRK  news
2021-10-06 03:38:09+00:00,"I want  #TejasswiPrakash  &amp; #KaranKundrra to realise their potential and step up their game If they don't, makers will $cuk up #BB15 with overdose of Potik batshit nalla. This expired milk package is going to ruin it for viewers So teju &amp; Karan jago pls  #BiggBoss15"
2021-10-22 19:11:04+00:00,"Carnival plc price target raised to 1,600 GBp from 1,400 GBp at Berenberg $CUK"
2021-10-25 10:02:18+00:00,"Citi downgrades Carnival to Neutral, sees more upside in Norwegian $CCL $CUK $NCLH"
2021-10-27 03:13:24+00:00,"The probability of this advice being random is high. Still, pump and dump Carnival $CUK #BullMarket"
2021-10-28 21:05:22+00:00,Recent upgrades by MORNINGSTAR: $EFX Hold to Buy $IBM Sell to Hold $IPG Sell to Hold $DGX Sell to Hold $RCI Hold to Buy $AN Sell to Hold $ASML Sell to Hold $DRI Sell to Hold $CUK Hold to Buy #StockMarket #Trade #TradingView #Invest #Investing #Business #SP500 $SPY $SPX $AAPL
2021-11-01 20:30:07+00:00,"Tomorrow's #watchlist for #NYSE, #NASDAQ between $20 and $30: $BRX $CADE $CHNG $CNK $CUK $DVAX $FLR $GPS $ICLN $JWN $LAC $M $NAVI $NLSN $NWL $OPEN $ORI $PERI $PLTR $PPL $PSTG $QS $QYLD $SU $VRT $VST $WBT $WEN"
2021-11-03 21:09:49+00:00,"Tomorrow's #watchlist for #NYSE, #NASDAQ between $20 and $30: $BOX $CCJ $CCL $CUK $DISCA $DISCK $DVAX $JETS $KIM $LAC $LEVI $MAC $NCLH $NI $NWL $PK $PPL $QYLD $RF"
2021-11-05 12:29:44+00:00,MJ In Play Alert - Ticker: $CUK   DateTime: 2021-11-05 07:29   Price: 21.18   ATR: 0.68   Daily RVOL 0.98   Beta: 2.18   Short Float: 1.17%
2021-11-05 16:57:14+00:00,$CUK - Carnival Unit Holland America Line Launches Free Cruise Offer for Children
2021-11-05 16:57:17+00:00,$CUK - Carnival Unit Holland America Line Launches Free Cruise Offer for Children
2021-11-08 13:30:55+00:00,MJ In Play Alert - Ticker: $CUK   DateTime: 2021-11-08 07:29   Price: 22.97   ATR: 0.78   Daily RVOL 1.94   Beta: 2.18   Short Float: 2.00%
2021-11-17 14:01:05+00:00,MJ In Play Alert - Ticker: $CUK   DateTime: 2021-11-17 08:01   Price: 19.87   ATR: 0.71   Daily RVOL 1.27   Beta: 2.17   Short Float: 1.13%
2021-11-19 17:14:47+00:00,$CUK is on the move: -2.78%‚Å£ ‚Å£ Carnival shares are trading lower as Europe COVID concerns weigh on travel and reopening names.
2021-11-22 19:01:38+00:00,"$CCL $CUK HOLLAND AMERICA LINE'S BLACK FRIDAY SALE INCLUDES CREW APPRECIATION WITH SHORE EXCURSIONS, DRINKS, SPECIALTY DINING AND WI-FI"
2021-11-26 10:56:50+00:00,"Airlines, cruise operators sink with new variant detected in South Africa $ALK $LUV $DAL $JBLU $UAL $SAVE $AAL $CCL $NCLH $RCL $CUK"
2021-11-26 11:46:52+00:00,Covid $RCL(78.34) down 7.50 $CUK(18.58) down 2 $CCL(20.16) down 2 $HTZ(24.40) down 2.50 $WYNN(91.20) down 5 $HLT(145.29) down 8
2021-12-01 14:27:44+00:00,MJ In Play Alert - Ticker: $CUK   DateTime: 2021-12-01 08:27   Price: 16.19   ATR: 0.91   Daily RVOL 2.10   Beta: 2.17   Short Float: 0.71%
2021-12-06 18:26:59+00:00,$CUK is up 10.56% to $17.59
2021-12-08 12:47:43+00:00,MJ In Play Alert - Ticker: $CUK   DateTime: 2021-12-08 06:47   Price: 17.11   ATR: 1.07   Daily RVOL 2.46   Beta: 2.20   Short Float: 1.11%
2021-12-13 14:28:45+00:00,MJ In Play Alert - Ticker: $CUK   DateTime: 2021-12-13 08:27   Price: 17.73   ATR: 1.01   Daily RVOL 1.02   Beta: 2.20   Short Float: 1.28%
2021-12-14 21:36:04+00:00,"HOLLAND AMERICA LINE CRUISES INTO WAVE SEASON WITH 'THE ULTIMATE UPGRADE EVENT' PROMOTION THAT INCLUDES STATEROOM UPGRADES, $75 ALASKA FARES FOR KIDS AND POPULAR 'HAVE IT ALL' AMENITIES $CCL $CUK"
2021-12-16 22:30:11+00:00,"Tomorrow's #short #watchlist for #trading on #NYSE, #NASDAQ between $10 and $20: $AAL $AGNC $ARCC $ARRY $BBBY $BEKE $CCL $CORT $CUK $EDOC $FAZ $FSR $FUBO $GPS $GRUB $GT $HST $IBN $JETS $JMIA $KC $MAC $MFC $NCLH $NYCB $OPEN $PACB $PK $PLTR $REAL $RKT $SFIX $SH $SHO $SPCE $SPXS"
2021-12-21 13:59:19+00:00,The previous 20% discount for $BBL / $BHP dual shares structure has been eliminated through the merger. What about other similar discounts? ‚Ä¢ $VWAPY / $VWAGY -34% ‚Ä¢ $CUK / $CCL -9% ‚Ä¢ $RIO / $RTNTF -9% And a few more below.
2021-12-21 14:30:22+00:00,MJ In Play Alert - Ticker: $CUK   DateTime: 2021-12-21 08:30   Price: 17.23   ATR: 1.00   Daily RVOL 1.51   Beta: 2.20   Short Float: 1.29%
2021-12-23 03:47:38+00:00,"$CCL $CUK $NCLH $RCL lesson learned for next election/plandemic, when China or other countries over their start having problems, it is a good time to liquidate."
2021-12-31 10:08:24+00:00,$CCL $CUK $RCL $NCLH oh‚Ä¶so one minute they‚Äôre saying tests can be false and then the next minute‚Ä¶they‚Äôre reliable‚Ä¶oh ü§î
2022-01-04 12:31:37+00:00,MJ In Play Alert - Ticker: $CUK   DateTime: 2022-01-04 06:31   Price: 17.23   ATR: 1.00   Daily RVOL 1.51   Beta: 2.20   Short Float: 1.29%
2022-01-07 22:36:18+00:00,"Monday's #long #watchlist for #trading on #NYSE, #NASDAQ between $20 and $30: $APA $BKR $BP $CCL $CTRA $CUK $DBC $EPD $HAL $IBN $IVZ $JETS $KEY $MFC $NI $NWL $PBCT $PEB $RF $SAVE $T $TS $TZA $UNM $WEN $WMB $X"
2022-01-08 23:14:00+00:00,53 funds increasing $CUK vs last Q!#cuk CARNIVAL PLC
2022-01-12 16:32:13+00:00,"$CUK~Eagle Investors is a distinguished global trading community for Stocks, Options, and Cryptocurrencies. https://discord..gg/hHyAcn6AFZ"
2022-01-20 18:33:13+00:00,"CUK (CARNIVAL PLC) üö® #Insider #stock alert! üí∞ #Sale on 2022-01-18 - $CUK üá∫üá∏: Thamm Michael Olaf (Group CEO - Costa Crociere), total amount $418.697. Float 1,034.00M shares"
2022-01-21 16:50:21+00:00,First out// $CUK: CARNIVAL CRUISE LINE ADDING MORE EMBARKATION ENHANCEMENTS AS IT COMMITS TO CURRENT PROTOCOLS FOR THE FORESEEABLE
2022-01-21 16:58:48+00:00,"Carnival adding more embarkation enhancements, commits to protocols $CCL $CUK"
2022-01-21 17:00:15+00:00,"Carnival adding more embarkation enhancements, commits to protocols $CCL $CUK"
2022-01-31 14:21:07+00:00,Carnival announces extension of stock share sale program $CCL $CUK
2022-01-31 14:21:23+00:00,Carnival announces extension of stock share sale program $CCL $CUK
2022-02-04 10:29:22+00:00,"Carnival plc provides update to deployment plans, fleet $CUK"
2022-02-13 18:19:01+00:00,$CUK Roger Stone approves
2022-02-14 21:42:37+00:00,#short #watchlist for #trading on #nyse #nasdaq between $10 and $20: $ADPT $AGNC $AMTX $ATRA $ATUS $BCS $BGFV $BIGZ $BTZ $CRF $CSQ $CUK $CVAC $DAWN $DFEN $DOLE $EDIT $EHTH $FIGS $FLNC $FMTX $FTCH $GLT $GOF $GPS $HYT $IBN $ICPT $ING $ISEE $LABU $LAZR $MGNX $NRIX $NVTA $NZF $OLPX
2022-02-24 13:21:54+00:00,MJ In Play Alert - Ticker: $CUK   DateTime: 2022-02-24 07:21   Price: 18.80   ATR: 1.05   Daily RVOL 1.19   Beta: 2.08   Short Float: 1.27%
2022-02-24 13:33:23+00:00,Carnival Corporation &amp; plc is down -6.06% in the pre-market $CUK
2022-03-01 14:01:36+00:00,"Carnival Corporation &amp; plc traded 4.326M shares, 52% above average volume $CUK"
2022-03-04 12:40:42+00:00,MJ In Play Alert - Ticker: $CUK   DateTime: 2022-03-04 06:40   Price: 18.80   ATR: 1.05   Daily RVOL 1.19   Beta: 2.08   Short Float: 1.27%
2022-03-04 14:20:16+00:00,Carnival Corporation &amp; plc is down -3.90% in the pre-market $CUK
2022-03-05 03:48:13+00:00,"Carnival Corporation &amp; plc traded 4.674M shares, 65% above average volume $CUK"
2022-03-07 03:30:29+00:00,"Carnival Corporation &amp; plc traded 4.683M shares, 68% above average volume $CUK"
2022-03-07 22:28:20+00:00,"Carnival Corporation &amp; plc traded 5.106M shares, 81% above average volume $CUK"
2022-03-08 13:16:03+00:00,MJ In Play Alert - Ticker: $CUK   DateTime: 2022-03-08 07:15   Price: 18.80   ATR: 1.05   Daily RVOL 1.19   Beta: 2.08   Short Float: 1.27%
2022-03-09 03:50:45+00:00,"Carnival Corporation &amp; plc traded 5.376M shares, 89% above average volume $CUK"
2022-03-09 14:21:05+00:00,Carnival Corporation &amp; plc is up 6.45% in the pre-market $CUK
2022-03-09 22:39:23+00:00,"Carnival Corporation &amp; plc traded 4.762M shares, 67% above average volume $CUK"
2022-03-10 21:43:26+00:00,#long #watchlist for #trading on #nyse #nasdaq between $10 and $20: $ACVA $APLE $ARIS $ARRY $ASAZY $ASTL $ATCO $CCCS $CCL $CLVT $CMRE $CUK $CYH $DAN $EB $EFC $EVGO $FLNC $FULC $FXLV $GES $GFI $GGAL $GRPN $HA $HOPE $HSC $HST $HTZWW $IDYA $IEA $INVA $LAUR $LFG $NCLH $OEC $PARR $PBR
2022-03-11 13:38:17+00:00,MJ In Play Alert - Ticker: $CUK   DateTime: 2022-03-11 07:37   Price: 18.80   ATR: 1.05   Daily RVOL 1.19   Beta: 2.08   Short Float: 1.27%
2022-03-17 01:42:15+00:00,"Carnival Corporation &amp; plc traded 5.118M shares, 74% above average volume $CUK"
2022-03-18 12:03:09+00:00,Carnival Corporation &amp; plc is down -3.38% in the pre-market $CUK
2022-03-22 11:00:20+00:00,"Top earnings announcements Before Market today include $CCL, $GDS, $CUK, $CYXT, $SNCE #stockstowatch #earnings"
2022-03-22 16:53:44+00:00,"$CCL $CUK - Carnival GAAP EPS of -$1.66 misses by $0.38, revenue of $1.62B misses by $640M"
2022-03-31 17:41:25+00:00,"Carnival Corporation &amp; plc traded 2.497M shares, -18% below average volume $CUK"
2022-03-31 22:28:31+00:00,"Carnival Corporation &amp; plc traded 3.703M shares, 22% above average volume $CUK"
2022-04-01 15:14:10+00:00,"Carnival Corporation &amp; plc traded 1.230M shares, -60% below average volume $CUK"
2022-04-05 11:01:01+00:00,"People cruising ‚Ä¶ Carnival plc $CUK +2.5% after says the one-week period of March 28 through April 3 was the busiest booking week in its history, with a double-digit increase from the previous record seven-day booking total"
2022-04-05 12:21:50+00:00,MJ In Play Alert - Ticker: $CUK   DateTime: 2022-04-05 07:21   Price: 18.80   ATR: 1.05   Daily RVOL 1.19   Beta: 2.08   Short Float: 1.27%
2022-04-05 12:24:14+00:00,Carnival Corporation &amp; plc is up 5.01% in the pre-market $CUK
2022-04-05 12:34:32+00:00,"üìä üîä Stocks with the unusual returns and volume by this time of day:  $TWTR: +4.8%, 226.6x avg volume  $CUK: +5.3%, 3.5x avg volume  $PCAR: -2.3%, 0.4x avg volume  $NRIX: +6.6%, 0.3x avg volume  $LSTR: +1.4%, 0.0x avg volume  $HLT: -1.6%, 0.0x avg volume"
2022-04-05 16:49:28+00:00,"Carnival Corporation &amp; plc traded 2.979M shares, -2% below average volume $CUK"
2022-04-05 21:14:40+00:00,"Carnival Corporation &amp; plc traded 4.030M shares, 33% above average volume $CUK"
2022-04-06 17:38:00+00:00,"Carnival Corporation &amp; plc traded 2.076M shares, -32% below average volume $CUK"
2022-04-08 11:00:07+00:00,"Popular: $TSM, $MSFT, $LFUS, $HWM, $BP, $HRMY, $EXAS, $ACHC, $HAYW, $STG, $SHLS, $SRC, $CUK, $GS"
2022-04-13 16:38:58+00:00,"Carnival Corporation &amp; plc traded 1.556M shares, -50% below average volume $CUK"
2022-04-14 14:04:39+00:00,"$CUK $CCL Carnival cruise lines will have a full fleet in the water and running, the stock should jump through the roof over the summer as they price in gasoline and demand exceeds all time highs."
2022-04-15 20:25:29+00:00,"$CUK $CCL Carnival cruise lines, for May June July, CUK should be above $30 a share by July august‚Ä¶since July-August is its peak month. My opinion of course, also depends on war and Virus Variant, let‚Äôs hope they‚Äôre both ending."
2022-04-18 20:00:07+00:00,"Popular: $TWTR, $LEG, $RYN, $NVTA, $WGO, $AXSM, $PBF, $ALT, $PRG, $AXTI, $SRE, $ASTS, $CUK, $PAYX, $VLO"
2022-04-19 00:38:52+00:00,"$cuk $ccl Carnival Cruise Lines has all their ships in the water, everyone that I know that likes cruise lines has already booked their tickets. The industry has its strongest bookings in its history, wait when those numbers start coming out and they offer dividends! üöÄ"
2022-04-19 16:28:10+00:00,"Carnival Corporation &amp; plc traded -51% below average volume, $CUK up 4.03%"
2022-04-20 08:18:16+00:00,"Very excited for the future of Carnival Cruise Lines @CarnivalPR , this year it‚Äôs back to a full fleet of excited passengers $cuk $ccl #CruiseHour #cruise"
2022-04-20 12:32:24+00:00,Loading up on $nflx for the long haul. $cuk $dis all ready for post pandemic growth.
2022-04-27 15:08:50+00:00,"Carnival Corporation &amp; plc traded -59% below average volume, $CUK closed up 0.25%"
2022-04-29 13:30:57+00:00,MJ In Play Alert - Ticker: $CUK   DateTime: 2022-04-29 08:30   Price: 16.27   ATR: 0.78   Daily RVOL 0.71   Beta: 2.08   Short Float: 2.58%
2022-05-03 12:34:28+00:00,MJ In Play Alert - Ticker: $CUK   DateTime: 2022-05-03 07:34   Price: 15.83   ATR: 0.78   Daily RVOL 0.73   Beta: 2.09   Short Float: 2.59%
2022-05-06 01:59:20+00:00,"Carnival Corporation &amp; plc traded 19% above average volume, $CUK closed down -7.34%"
2022-05-06 13:59:11+00:00,"$CUK at $14.70 Sell Stock Pick Alert sent on May 6, 2022 at 9:41 AM ET to subscribers #stockpicks"
2022-05-08 20:45:27+00:00,"Carnival Corporation &amp; plc traded 9% above average volume, $CUK closed down -3.37%"
2022-05-09 15:35:25+00:00,"Carnival Corporation &amp; plc traded -32% below average volume, $CUK down -8.85%"
2022-05-10 05:34:27+00:00,#short #watchlist for #trading on #nyse #nasdaq between $10 and $20: $ACET $ACMR $ARCT $ASPN $BASE $BCYC $BHC $BIGC $BITO $BLFS $BLNK $BTF $BZ $CCL $CENX $CFLT $CHPT $CUK $DFEN $DKNG $EDIT $EDU $ETHE $EURN $FORG $GDRX $HCAT $HTZ $HTZWW $IGMS $IHRT $IMAB $INDO $INFA $ISEE $KNBE
2022-05-10 13:13:19+00:00,Carnival Corporation &amp; plc is up 4.75% in the pre-market $CUK
2022-05-13 13:02:24+00:00,MJ In Play Alert - Ticker: $CUK   DateTime: 2022-05-13 07:53   Price: 12.36   ATR: 0.93   Daily RVOL 1.56   Beta: 2.05   Short Float: 2.78%
2022-05-13 16:59:11+00:00,A list of large-cap stocks currently on sale: $LBRDA $CCL $CUK $RCL $SE $ROKU $SHOP $TWLO $NFLX $DOCU $OKTA $PYPL $SQ $MELI
2022-05-18 10:01:01+00:00,$CUK $CCL Cunard Reports Busiest Booking Day In A Decade Stock News Alerts In Bio
2022-05-24 17:15:44+00:00,"Carnival Corporation &amp; plc traded -15% below average volume, $CUK down -11.04%"
2022-05-24 23:41:28+00:00,"Carnival Corporation &amp; plc traded 35% above average volume, $CUK closed down -10.47%"
2022-05-25 12:09:55+00:00,MJ In Play Alert - Ticker: $CUK   DateTime: 2022-05-25 07:09   Price: 10.95   ATR: 0.90   Daily RVOL 1.33   Beta: 2.07   Short Float: 2.78%
2022-05-26 14:29:06+00:00,"$CUK at $12.03 Buy Stock Pick Alert sent on May 26, 2022 at 10:06 AM ET to subscribers #stockpicks"
2022-05-27 15:45:37+00:00,"FORM 4P   $CCL - CARNIVAL CORP DIRECTOR: WEISENBURGER RANDALL J P | 100,000 | $11.755 | $1,175,500  FORM 4P   $CUK - CARNIVAL PLC DIRECTOR: WEISENBURGER RANDALL J P | 100,000 | $11.755 | $1,175,500"
2022-05-30 13:00:53+00:00,$CCL $CUK Holland America Line's Holds Naming Ceremony For Rotterdam With Godmother Her Royal Highness Princess Margriet Of The Netherlands Stock News Alerts In Bio
2022-06-02 16:39:14+00:00,"$CUK $15.00 Nov 18 2022 CALL ‚¨ÜÔ∏èüåä Underlying: $12.76 % Difference: 14.93% Daily $ Volume: $148,628 Volume: 1,043 OI: 50 IV: 64.21% Bid/Ask: $1.35/$1.50"
2022-06-06 17:41:05+00:00,SEABOURN ANNOUNCES THE RETURN OF SEABOURN SOJOURN; ENTIRE SEABOURN FLEET BACK IN SERVICE $CUK $CCL
2022-06-08 11:27:54+00:00,MJ In Play Alert - Ticker: $CUK   DateTime: 2022-06-08 11:27   Price: 12.88   ATR: 0.79   Daily RVOL 0.47   Beta: 2.06   Short Float: 3.35%
2022-06-08 17:53:29+00:00,"Carnival Corporation &amp; plc traded 1% above average volume, $CUK down -6.44%"
2022-06-09 02:53:11+00:00,"Carnival Corporation &amp; plc traded 34% above average volume, $CUK closed down -7.07%"
2022-06-09 14:11:51+00:00,$CCL $CUK Holland America Line Partners With Alaska Seafood Marketing Institute To Promote State's Tastiest Natural Resource Stock News Alerts In Bio
2022-06-11 01:44:16+00:00,"Carnival Corporation &amp; plc traded 36% above average volume, $CUK closed down -6.27%"
2022-06-12 23:57:18+00:00,$CCL $CUK Westerdam's Return To Service June 12 In Seattle Marks Holland America Line's Completion Of Full Fleet Sailing Again Stock News Alerts In Bio
2022-06-15 17:38:49+00:00,"$CUK $9, up 3 pts but I am still not convinced. Earnings could still be very bad. Out soon."
2022-06-15 18:57:36+00:00,Looking to flip $CUK from 8.80s to $9
2022-06-16 12:09:42+00:00,Carnival Corporation &amp; plc is down -4.39% in the pre-market $CUK
2022-06-17 00:56:13+00:00,"Carnival Corporation &amp; plc traded 40% above average volume, $CUK closed down -11.22%"
2022-06-17 14:05:05+00:00,"$CUK at $8.22 Buy Stock Pick Alert sent on June 17, 2022 at 9:41 AM ET to subscribers #stockpicks"
2022-06-17 17:14:54+00:00,Daily Reversal (13:14): $CUK Last: 8.67; pHigh: 8.65; rVol: 0.640; pClose: 7.99; LOD: 8.0600; Perf: 8.5%
2022-06-22 13:01:03+00:00,"First out// $CUK: CARNIVAL CRUISE LINE TO BRING COSTA VENEZIA TO THE U.S. IN 2023, COSTA FIRENZE IN 2024, TO SAIL AS PART OF THE CARNIVAL"
2022-06-23 13:01:37+00:00,$CCL $CUK It's Official! Princess Cruises Only Line To Offer Authentic Gelato Experience At Sea Stock News Alerts In Bio
2022-06-24 11:00:27+00:00,"Top earnings announcements Before Market today include $KMX, $CCL, $BZ, $CUK, $HUIZ #stockstowatch #earnings"
2022-06-24 13:15:47+00:00,$CCL $CUK CARNIVAL CORPORATION &amp; PLC PROVIDES SECOND QUARTER 2022 BUSINESS UPDATE Stock News Alerts In Bio
2022-06-24 13:52:44+00:00,$IBO a top-shelf stock investment on TSX-V  $BCTX #StocksToBuy @SuperDuperInvst  $FDX #trading @dahud67  $CUK $ANSS #stockmarkets
2022-06-24 14:02:59+00:00,$IBO with a splendid rally in the market  üìäüìäüìä $BCTX $FDX $CUK $ANSS #StockMarket #StocksToBuy üöÄüöÄ #Investor #investments #TradingSignals
2022-06-24 15:48:31+00:00,"Carnival Corporation &amp; plc traded -21% below average volume, $CUK up 8.22%"
2022-06-27 21:33:05+00:00,"Carnival Corporation &amp; plc traded 15% above average volume, $CUK closed down -2.54%"
2022-06-28 14:03:05+00:00,"$CUK at $9.87 Buy Stock Pick Alert sent on June 28, 2022 at 9:36 AM ET to subscribers #stockpicks"
2022-06-29 21:00:03+00:00,"üìâ Today's Top 10 Loser #Stocks üìâ Wed, Jun 29, 2022 @ 04:00 PM EST 1. $JTKWY (-16.17%) 2. $AANNF (-14.42%) 3. $CCL (-14.13%) 4. $CUK (-13.71%) 5. $SPWR (-10.78%) 6. $MNSO (-10.67%) 7. $BBVXF (-10.56%) 8. $YMM (-10.53%) 9. $RCL (-10.26%) 10. $UPST (-10.21%)"
2022-06-30 09:32:57+00:00,üì∞ $CUK üì∞üì∞ üìª Turkey's Minister of Health Reported First Case of Monkeypox in the Country üìª
2022-06-30 10:55:03+00:00,Carnival Corporation &amp; plc is down -4.93% in the pre-market $CUK
2022-06-30 19:08:17+00:00,Holland America Line Sees a Surge in Demand for Alaska Cruising $CCL $CUK
2022-06-30 21:06:33+00:00,"Carnival Corporation &amp; plc traded 58% above average volume, $CUK closed down -2.71%"
2022-07-01 14:13:04+00:00,"$CUK at $8.17 Buy Stock Pick Alert sent on July 1, 2022 at 9:53 AM ET to subscribers #stockpicks"
2022-07-02 19:37:25+00:00,"Carnival Corporation &amp; plc traded 72% above average volume, $CUK closed up 3.04%"
2022-07-05 13:09:22+00:00,Carnival Corporation &amp; plc is down -5.90% in the pre-market $CUK
2022-07-05 17:00:46+00:00,"$CCL $CUK Innovative New Stateroom Entry Experience, Princess Prizes, Rolling Out Fleetwide Offering Guests Chance To Win Host Of Prizes, Including $100,000 In Cash #offering Stock News Alerts In Bio"
2022-07-05 19:22:16+00:00,"Carnival Corporation &amp; plc traded 56% above average volume, $CUK up 3.50%"
2022-07-05 19:37:43+00:00,#LargeCaps shall see $SPY $QQQ $IWM $VIX Take a look at this Watchlist:  $AGEN $ASX $AUR $BNGO $CUK $DNA $IDEX $IQ $MQ $NILE $OCGN $REAL $RIDE $SENS $TLRY $UXIN $WKHS $ZH  #scnDollHiVol    DateTime: 2022-07-05 15:37 ET
2022-07-06 17:39:29+00:00,"Carnival Corporation &amp; plc traded -7% below average volume, $CUK down -5.59%"
2022-07-06 22:35:29+00:00,"Carnival Corporation &amp; plc traded 30% above average volume, $CUK closed down -5.77%"
2022-07-07 14:27:07+00:00,"$CUK at $8.42 Buy Stock Pick Alert sent on July 7, 2022 at 9:45 AM ET to subscribers #stockpicks"
2022-07-09 15:13:24+00:00,Not following my advice? Sad! You should rage trade Carnival $CUK #TradingTip
2022-07-12 14:23:49+00:00,#LargeCaps shall see $SPY $QQQ $IWM $VIX Take a look at this Watchlist:  $APPH $BBVA $BCS $CUK $GGB $OXLC  #scnDollHiVol    DateTime: 2022-07-12 10:23 ET
2022-07-12 14:39:05+00:00,"$CUK at $7.93 Buy Stock Pick Alert sent on July 12, 2022 at 10:12 AM ET to subscribers #stockpicks"
2022-07-12 17:45:32+00:00,"Carnival Corporation &amp; plc traded 10% above average volume, $CUK up 6.34%"
2022-07-13 03:48:49+00:00,"Carnival Corporation &amp; plc traded 53% above average volume, $CUK closed up 6.21%"
2022-07-13 13:30:47+00:00,$CCL $CUK Carnival Corporation Releases 2021 Sustainability Report Stock News Alerts In Bio
2022-07-13 15:00:53+00:00,$CUK $CCL Barclays And Carnival Renew Long-Term Partnership Agreement Stock News Alerts In Bio
2022-07-14 14:52:36+00:00,"Carnival Corporation &amp; plc traded -63% below average volume, $CUK down -4.19%"
2022-07-15 13:01:43+00:00,$CCL $CUK Princess Cruises' Kids Sail Free Promotion Offers Incredible Savings On Family Vacations Stock News Alerts In Bio
2022-07-18 16:15:24+00:00,#LargeCaps shall see $SPY $QQQ $IWM $VIX Take a look at this Watchlist:  $ATHX $BTG $CUK $CYH $DBD $DM $EBON $HL $SKLZ $SOS $SPPI $TGB  #scnDollHiVol    DateTime: 2022-07-18 12:15 ET
2022-07-18 17:02:44+00:00,"Carnival Corporation &amp; plc traded -8% below average volume, $CUK up 6.86%"
2022-07-19 17:08:42+00:00,Consumer Discretionary clear winner in today's bear market rally.   Know who to short Fashion $FTCH +16%!!  $BURBY $GPS $ADDYY +6% Auto $DMLRY $CARG $GT +6% Vacation $CUK $MLCO  $CZR $CCL $SHO+6%
2022-07-20 14:31:06+00:00,"$CUK at $9.33 Buy Stock Pick Alert sent on July 20, 2022 at 10:08 AM ET to subscribers #stockpicks"
2022-07-20 15:36:34+00:00,.@CarnivalCruise The Ships are floating cities which could benefit from Mining Bitcoin on them with the excess energy that is there everyday. Plus a retrofit of the water heating system with mining rigs could produce profits on every voyage. $ccl $cuk
2022-07-20 19:15:17+00:00,"$CUK $12.50 Feb 17 2023 CALL ‚¨ÜÔ∏èüåä Underlying: $9.52 % Difference: 23.88% Daily $ Volume: $107,858 Volume: 591 OI: 1 IV: 65.76% Bid/Ask: $1.00/$2.65"
2022-07-20 20:14:50+00:00,$CUK $CCL Carnival Corporation &amp; Plc Announces Offering Of Common Stock #offering Stock News Alerts In Bio
2022-07-20 20:14:58+00:00,CARNIVAL CORP. (CCL) ANNOUNCES $1B COMMON STOCK OFFERING $CCL $CUK
2022-07-20 20:15:36+00:00,"$CCL $CUK Carnival Corporation &amp; plc Announces Offering of $1,000,000,000 of shares of common stock of the Company"
2022-07-20 20:15:59+00:00,"$CCL $CUK Carnival Corporation &amp; plc Announces Offering of $1,000,000,000 of shares of common stock of the Company"
2022-07-21 01:27:05+00:00,$CUK $CCL Carnival Corporation &amp; Plc Announces Pricing Of Offering Of Common Stock #offering Stock News Alerts In Bio
2022-07-21 09:43:03+00:00,CARNIVAL CORP. (CCL) PRICES 102.14M SHARE OFFERING AT $9.95/SH $CCL $CUK
2022-07-21 13:24:12+00:00,Carnival Corporation &amp; plc is down -10.77% in the pre-market $CUK
2022-07-21 17:47:46+00:00,"Carnival Corporation &amp; plc traded -11% below average volume, $CUK down -10.66%"
2022-07-21 21:00:04+00:00,"üìâ Today's Top 10 Loser #Stocks üìâ Thu, Jul 21, 2022 @ 04:00 PM EST 1. $HLFFF (-18.08%) 2. $PGY (-13.71%) 3. $HELFY (-13.29%) 4. $CCL (-11.18%) 5. $UAL (-10.17%) 6. $POOL (-10.13%) 7. $CUK (-9.52%) 8. $DFS (-8.93%) 9. $RCL (-8.24%) 10. $HAYW (-8.22%)"
2022-07-25 12:08:46+00:00,$CCL $CUK Holland America Line Celebrates One Year Back To Cruising Since End Of Industry-Wide Pause Stock News Alerts In Bio
2022-07-25 15:33:22+00:00,"Carnival Corporation &amp; plc traded -58% below average volume, $CUK down -2.55%"
2022-07-25 17:11:42+00:00,$CCL $CUK Carnival Corporation's Costa Group Starts Use Of Biofuels Stock News Alerts In Bio
2022-07-25 20:30:38+00:00,#short #watchlist for #trading on #nyse #nasdaq between $2 and $10: $ADCT $ADT $AERC $AG $ATAI $ATER $ATRA $AUR $AVDX $AVYA $BGCP $BHAT $BKKT $BLDP $BLU $CCL $CGC $CLSK $COMP $COOK $CRGE $CUK $EOSE $EXG $FFIE $FIGS $FUBO $GOEV $HLDCY $HOOD $HRTX $IBRX $INVZ $IS $JCSE $JNCE $KOD
2022-07-26 20:31:06+00:00,#short #watchlist for #trading on #nyse #nasdaq between $2 and $10: $ADN $AERC $AEVA $ALLK $ANGI $APPH $ASTS $ATER $AUR $BBBY $BKKT $BLDP $BLND $BULZ $CAN $CBD $CCL $CGC $CLSK $COMP $COOK $CUK $DENN $DIDIY $DM $DNA $EGHT $ETHE $ETWO $EVGO $FFIE $FIGS $FLWS $FNGG $FNGU $FTCH $FUBO
2022-07-27 19:51:43+00:00,#LargeCaps shall see $SPY $QQQ $IWM $VIX Take a look at this Watchlist:  $CUK $ENDP $GOEV $INO $MILE $NAT $NEX $OCGN $PBTS $QTEK $SSKN $TEVA $WKHS $YSG  #scnDollHiVol    DateTime: 2022-07-27 15:51 ET
2022-07-28 19:52:25+00:00,"New MOMO Trend only from Mometic     $CUK,BNGO"
2022-07-29 21:47:45+00:00,$ccl $cuk Carnival Says Effective For Embarkations On Or After August 4 No Pre-Cruise Testing For Vaccinated Guests Booked On Cruises With Itineraries 5 Nights Or Less @BenzingaPro
2022-08-01 14:38:12+00:00,$CUK $CCL CARNIVAL CRUISE LINE'S BANNER SUMMER BRINGS GUEST TOTAL TO THREE MILLION SINCE JULY 2021 RESTART Stock News Alerts In Bio
2022-08-02 10:49:32+00:00,Carnival Corporation &amp; plc is down -3.21% in the pre-market $CUK
2022-08-02 22:42:59+00:00,"Carnival Corporation &amp; plc traded 32% above average volume, $CUK closed up 4.94%"
2022-08-08 20:27:00+00:00,#long #watchlist for #trading on #nyse #nasdaq between $2 and $10: $ABSI $ADN $AIV $ALDX $AMPS $AMWL $ANGI $AREC $ATER $ATRA $AVDL $AZUL $BB $BIRD $BKKT $BLUE $BNGO $BNSO $BRSP $BWEN $CHS $CIG $CNDT $CPS $CRDF $CRMD $CUK $CURV $CX $DDL $DNAY $EBR $ERAS $ESPR $EXPR $FCEL $FUBO
2022-08-11 12:00:54+00:00,Carnival Corporation &amp; plc is up 2.87% in the pre-market $CUK
2022-08-12 14:13:27+00:00,Random stock tip. Not #FakeNews! Time to hold on to Carnival $CUK #NotRealStockAdvice
2022-08-12 18:02:26+00:00,$CUK $CCL Cunard Updates Covid-19 Travel Requirements #covid19 Stock News Alerts In Bio
2022-08-12 18:04:12+00:00,*Cunard Updates COVID-19 Travel Requirements $CCL $CUK $NCLH $RCL
2022-08-12 19:01:18+00:00,"$CCL $CUK PRINCESS CRUISES REMOVES VACCINE REQUIREMENT FOR MOST VOYAGES, ELMINATES PRE-CRUISE TESTING FOR VACCINATED GUESTS #vaccine Stock News Alerts In Bio"
2022-08-12 21:16:45+00:00,$CCL $CUK CARNIVAL CRUISE LINE REMOVES PRE-CRUISE TESTING FOR VACCINATED GUESTS AND WELCOMES ALL UNVACCINATED TO SAIL Stock News Alerts In Bio
2022-08-15 16:01:46+00:00,$CCL $CUK Holland America Line Simplifies COVID-19 Procedures #covid19 Stock News Alerts In Bio
2022-08-15 18:08:53+00:00,$CUK $CCL SEABOURN SIMPLIFIES COVID-19 PROCEDURES REMOVING VACCINE REQUIREMENT FOR MOST VOYAGES AND ELIMINATING PRE-CRUISE TESTING FOR VACCINATED GUESTS #vaccine #covid19 Stock News Alerts In Bio
2022-08-16 16:05:53+00:00,$CUK $CCL CARNIVAL CRUISE LINE SAYS BOOKING ACTIVITY NEARLY DOUBLES 2019 COMPARISON AFTER COVID PROTOCOLS SIMPLIFIED Stock News Alerts In Bio
2022-08-16 18:47:38+00:00,$CCL $CUK Princess Cruises Joins Trackhouse Racing Stock News Alerts In Bio
2022-08-19 10:54:46+00:00,Carnival Corporation &amp; plc is down -3.37% in the pre-market $CUK
2022-08-19 20:27:02+00:00,#short #watchlist for #trading on #nyse #nasdaq between $2 and $10: $ABUS $ACHR $ADN $AHT $ALIT $AMTD $AMWL $APGN $ATEC $ATER $AUR $BARK $BB $BCS $BFLY $BGRY $BHC $BHIL $BIGZ $BIRD $BKD $BKKT $BKSY $BLDP $BLND $BNGO $CCL $CDXS $CINT $CLOV $CMRX $CRGE $CRNT $CRON $CS $CUK $CURV
2022-08-22 13:27:12+00:00,Carnival Corporation &amp; plc is down -4.48% in the pre-market $CUK
2022-08-22 20:25:26+00:00,"$CCL $CUK Carnival Corporation &amp; Plc Announces Closing Of Convertible Notes Exchange, Extending Maturity At Existing 5.75% Rate Stock News Alerts In Bio"
2022-08-22 20:28:42+00:00,#short #watchlist for #trading on #nyse #nasdaq between $2 and $10: $ADN $AGS $AHT $AIMFF $ALSMY $AMRS $ARR $ATEC $ATER $AUPH $BB $BBBY $BCAB $BFLY $BGRY $BIGZ $BIRD $BKKT $BLDP $BLND $BNGO $BNR $BWV $CCL $CUK $CYXT $DCFC $DNA $EAR $EH $EHTH $ESRT $ETWO $EVGO $FCEL $FLWS $FOSL
2022-08-24 13:33:50+00:00,#LargeCaps shall see $SPY $QQQ $IWM $VIX Take a look at this Watchlist:  $CUK $DNN $EAR $ENDP $GRAB $IMPP $PSHG $TTOO $UEC  #scnDollHiVol    DateTime: 2022-08-24 09:33 ET
2022-08-24 18:00:20+00:00,$CUK $CCL CARNIVAL LUMINOSA OPENS FOR SALE AS THE NEWEST FUN SHIP PREPARES TO JOIN THE CARNIVAL CRUISE LINE FLEET Stock News Alerts In Bio
2022-08-25 14:11:04+00:00,"$CUK at $9.40 Buy Stock Pick Alert sent on August 25, 2022 at 9:54 AM ET to subscribers #stockpicks"
2022-08-25 16:05:10+00:00,"Carnival Corporation &amp; plc traded -57% below average volume, $CUK up 3.61%"
2022-08-26 10:52:40+00:00,Carnival Corporation &amp; plc is down -2.34% in the pre-market $CUK
2022-08-26 14:19:05+00:00,"$CUK at $9.28 Sell Stock Pick Alert sent on August 26, 2022 at 10:03 AM ET to subscribers #stockpicks"
2022-09-01 10:49:15+00:00,Carnival Corporation &amp; plc is down -2.83% in the pre-market $CUK
2022-09-01 22:39:14+00:00,$CCL $CUK Princess Cruises Offers Something Everyone Will Love With The Love Boat Sale Stock News Alerts In Bio
2022-09-07 14:01:04+00:00,"$CUK at $8.48 Buy Stock Pick Alert sent on September 7, 2022 at 9:35 AM ET to subscribers #stockpicks"
2022-09-08 20:25:01+00:00,#long #watchlist for #trading on #nyse #nasdaq between $2 and $10: $AMBP $ASTL $AUR $AVIR $BDN $BGRY $BKD $BKSY $BLI $COMP $COOK $CUK $CYH $DM $EOSE $ETWO $EYEN $FIP $FSLY $FTI $FUBO $GDRX $GRTX $HLN $HLTH $HRTX $IMRA $INM $LAZR $LFST $LYEL $MCRB $ME $MTTR $MXCT $NAT $NLY $NVTA
2022-09-12 13:00:45+00:00,"$XPOF $CCL $CUK Xponential Fitness, Inc. And Princess Cruises Announce Exclusive License Agreement Stock News Alerts In Bio"
2022-09-12 13:10:05+00:00,"$CCL $OSWWF $CUK $XPOF Princess Cruises and Xponential Fitness, Inc. Announce Exclusive License Agreement PR NEWSWIRE - 9:00 AM ET 09/12/22 Princess will add Xponential's leading boutique fitness branded content across its full fleet of premium cruise ships"
2022-09-13 14:11:05+00:00,"$CUK at $9.22 Buy Stock Pick Alert sent on September 13, 2022 at 9:52 AM ET to subscribers #stockpicks"
2022-09-13 17:08:37+00:00,$CCL $CUK Holland America Line's 2024 Grand Australia And New Zealand Voyage Returns After A Decade With Easy San Diego Departure Stock News Alerts In Bio
2022-09-15 22:30:47+00:00,$CCL $CUK Princess Cruises Unveils Bespoke Next Generation Ship - Sun Princess¬Æ Stock News Alerts In Bio
2022-09-16 20:00:45+00:00,$CCL $CUK Holland America Line Reports Positive Results Of Cruise Industry's First Long-Term Biofuel Test On Board Volendam At Port Of Rotterdam Stock News Alerts In Bio
2022-09-20 14:00:47+00:00,"$CUK $CCL Scott Armour McCrea Awarded Sixth Annual Samuel Cunard Prize For Vision, Courage And Creativity Stock News Alerts In Bio"
2022-09-21 11:43:16+00:00,Carnival Corporation &amp; plc is down -2.39% in the pre-market $CUK
2022-09-21 16:38:57+00:00,"Carnival Corporation &amp; plc traded -39% below average volume, $CUK down -2.94%"
2022-09-21 18:38:05+00:00,"$CUK $CCL PRINCESS CRUISES, FUJI SPORTS AND FUJI MATS FORM EXCLUSIVE PARTNERSHIP TO FACILITATE GLOBAL MARTIAL ARTS EXPERIENCES AT SEA Stock News Alerts In Bio"
2022-09-23 13:41:09+00:00,#LargeCaps shall see $SPY $QQQ $IWM $VIX Take a look at this Watchlist:  $BNGO $CUK $GFI $PACB $PSFE $SPCE $TCRT $TLRY  #scnDollHiVol    DateTime: 2022-09-23 09:41 ET
2022-09-23 22:55:08+00:00,#short #watchlist for #trading on #nyse #nasdaq between $2 and $10: $ADN $ADPT $ADTX $AEG $ALDX $AM $AMPY $AMRS $AMTX $AREC $ASTS $ATUS $ATXG $AYRWF $BBAR $BBBY $BBIO $BIAF $BKD $BLUE $BORR $BRY $BTEGF $BULZ $BW $CAMP $CCL $CDE $CENX $CLNE $CPG $CRLBF $CS $CUK $CURLF $CYH $DCFC
2022-09-27 10:07:20+00:00,$CCL $CUK Holland America Line Completes Installation of Industry-Leading SYNKROS Gaming Technology for Casino Slot Machines BUSINESS WIRE - 6:00 AM ET 09/27/22 Holland America Line is the first brand in Carnival Corporation (CCL) to receive the system
2022-09-28 21:04:08+00:00,$CCL $CUK report ER on this Friday before the market opens
2022-09-29 02:29:57+00:00,Thursday earnings: BMO $BBBY | Bed Bath &amp; Beyond $RAD | Rite Aid $KMX | CarMax $WOR | Worthington Ind. $AHEL | Antelope Enterprise $CUK | Carnival PLC $HNNMY | Hennes and Mauritz $VIAO | VIA optronics AMC $NKE | Nike $MU | Micron Technology  $CMTL | Comtech $FFHL | Fuwei Films
2022-09-30 06:49:36+00:00,$CUK is an actual stock symbol
2022-09-30 11:00:12+00:00,"Top earnings announcements Before Market today include $CCL, $CUK, $GCT, $UXIN #stockstowatch #earnings"
2022-09-30 13:22:38+00:00,"$CUK down 11.11% at $7.36 (Volume 307k, AvgVolume 2M) in the last 20 min"
2022-09-30 14:00:26+00:00,Daily Gainers &amp; Losers $AIMD (+53%) $FXLV (+46%) $INM (+43%) $ATXI (+35%) $TONR (+28%) $VECT (+23%) $AVCT (-40%) $PBLA (-24%) $ATER (-19%) $PBTS (-17%) $CCL (-16%) $CUK (-15%)
2022-09-30 16:00:31+00:00,"TOP MARKET GAINERS: $ATXI 10.73(+48.06%), $INM 7.88(+37.33%), $FXLV 3.00(+36.99%), $OIIM 4.20(+29.23%), $IGMS 24.39(+25.53%) TOP MARKET DECLINERS: $LASE 3.76(-24.80%), $FEAM 10.93(-22.13%), $RCII 17.84(-20.09%), $CCL 7.33(-20.03%), $CUK 6.46(-19.65%) #Stocks"
2022-10-01 07:34:19+00:00,Failing to plan is like planning to fail $msft $nflx $tsla $ccl $abbv $nclh $rcl $fngr $egle $cuk $save $cs $gnk $meta $vz $dis $fxlv $blue
2022-10-02 20:56:53+00:00,üëÄüìà TICKERS ON WATCH üìàüëÄ 2022-10-02 at 04:56 PM $LVWR $AVDL $GSUN $OIIM $LE $RXDX $SBS $JELD $YELL $KOD $CAMP $NTNX $LYV $JOBY $METV $DOLE $GWH $DAX $IONQ $RELL $ALDX $BLUE $ACLS $CUK $AVA $CENX $EXAS $FALN $TAK $OMF
2022-10-03 14:05:59+00:00,"Carnival CEO: ""While we're still carrying a higher proportion of repeat guests, we have seen an improving trend in new-to-cruise and are already 2/3 of the way back to 2019 levels"" $CUK"
2022-10-04 01:33:22+00:00,I would like to see $CUK above $6.37. Currently at $6.01. #stocks #stockstowatch
2022-10-04 17:49:40+00:00,"Carnival Corporation &amp; plc traded 76% above average volume, $CUK up 13.75%"
2022-10-04 20:15:04+00:00,"TOP GAINERS TUE, OCT 04 üöÄ $TWTR +22.35% | $PTON +18.01% | $BLKB +17.82% | $NCLH +16.84% | $COMM +16.63% | $RCL +16.55% | $PSNY +15.70% | $YMM +14.89% | $CUK +14.67% | $AFRM +13.73% | $RIVN +13.72% | $SHOP +13.45% | $CCL +13.43%"
2022-10-04 21:00:03+00:00,"üìà Today's Top 10 Gainer #Stocks üìà Tue, Oct 04, 2022 @ 04:00 PM EST 1. $TWTR (+22.24%) 2. $KOTMY (+18.81%) 3. $PTON (+18.61%) 4. $BLKB (+18.04%) 5. $COMM (+17.15%) 6. $NCLH (+16.84%) 7. $RCL (+16.65%) 8. $PSNY (+16.09%) 9. $YMM (+14.81%) 10. $CUK (+14.50%)"
2022-10-05 19:52:17+00:00,"Carnival Corporation &amp; plc traded 37% above average volume, $CUK down -3.64%"
2022-10-10 19:49:12+00:00,ELEK IS THE TICKER SYMBOL BIG BIG GREEN EV CAR WINNER KEYS TO THE LOTTERY GET RICH LETS GO üöÄüöÄüöÄüöÄüöÄüöÄüöÄüöÄüöÄüöÄüöÄüöÄüöÄüöÄüöÄüöÄüöÄüçÄüçÄüçÄüçÄüçÄüçÄüçÄüçÄüçÄüçÄüçÄ $AAPL $AMZN $BTC $ETH $FB $GOOG $MSFT $QQQ $SPY $TSLA $EPR $WYND $LIVN $BBU $SPR $APLE $PK $M $CUK $CAR $CPA $EHTH $SHOO
2022-10-11 14:16:30+00:00,#LargeCaps shall see $SPY $QQQ $IWM $VIX Take a look at this Watchlist:  $AGNC $CCL $CGC $CUK $ILAG $ORC $PEGY $RLX $UEC  #scnDollHiVol    DateTime: 2022-10-11 10:16 ET
2022-10-11 16:47:34+00:00,$CCL $CUK Carnival Corporation Again Named To Forbes List Of World's Best Employers Stock News Alerts In Bio
2022-10-12 14:20:45+00:00,#LargeCaps shall see $SPY $QQQ $IWM $VIX Take a look at this Watchlist:  $CCL $CUK $DB $GERN $HYMC $ING $SCPH $SHIP $TMC  #scnDollHiVol    DateTime: 2022-10-12 10:20 ET
2022-10-12 15:00:23+00:00,üëÄüìà TICKERS ON WATCH üìàüëÄ 2022-10-12 at 11:00 AM $PEGY $TOPS $LOCO $KNBE $TCDA $PACB $NEOG $GRIN $NCLH $KROS $FNGR $CUK $CELC $AIMBU $CVAC $ATEC $NOG $HDGE $EWW $TSLQ
2022-10-12 18:03:42+00:00,üëÄüìà TICKERS ON WATCH üìàüëÄ 2022-10-12 at 02:03 PM $PEGY $FNGR $LOCO $KNBE $PACB $TOPS $NCLH $RCL $CUK $CCL $KURA $FTCH $RBLX $PBF $TCDA $TNP $CENX $NEOG $BROS $CAKE
2022-10-12 19:53:17+00:00,"Carnival Corporation &amp; plc traded 52% above average volume, $CUK up 10.65%"
2022-10-12 20:15:04+00:00,"TOP GAINERS WED, OCT 12 üöÄ $KNBE +12.71% | $NCLH +11.74% | $RCL +11.56% | $FTCH +8.45 | $CCL +10.21% | $CUK +10.14% | $MRNA +130.82 | $RBLX +7.52% | $PBF +40.60 | $BROS +6.85% | $TLRY +6.21% | $AA +40.08 | $UPST +5.86%"
2022-10-12 21:00:02+00:00,"üìà Today's Top 10 Gainer #Stocks üìà Wed, Oct 12, 2022 @ 04:00 PM EST 1. $MPCFF (+181.25%) 2. $BGNE (+20.55%) 3. $CHYHY (+14.64%) 4. $KNBE (+12.69%) 5. $TOSBF (+11.80%) 6. $NCLH (+11.61%) 7. $RCL (+11.48%) 8. $TOSYY (+10.57%) 9. $CCL (+10.09%) 10. $CUK (+10.05%)"
2022-10-13 08:20:51+00:00,New MOMO Trend 2 only from Mometic     $CUK #stockstowatch
2022-10-13 18:35:09+00:00,"$CCL $CUK Holland America Line Brings Alaska Cruise And Denali/Yukon Adventures To Phoenix Area With Free Travel Show Saturday, Nov. 5 Stock News Alerts In Bio"
2022-10-13 18:36:31+00:00,"$PT will move up big on Monday, look for 10dma kisses 20dma confirmation. $CEI $HUSA $INDO $SGTX $SDC $NHI $IHG $VVI $CLDT  $JAAA $SVOL $CUK $GRVY $RGI $VRDN $IJK $BDJ $LQDH $ATHM $HCI $GIPR $AIT $HELE $LVO $CIDM $TRIN $VTVT $BRPM $PAYO $GOSS $SMAR $SIEB  $MUX #ShortSqueeze"
2022-10-14 03:55:20+00:00,"Carnival Corporation &amp; plc traded 103% above average volume, $CUK closed down -2.32%"
2022-10-17 12:49:35+00:00,"New MOMO Trend 2 only from Mometic     $CUK,DISH,DELL,MDLZ #stockstowatch"
2022-10-18 16:13:04+00:00,"Carnival Corporation &amp; plc traded 7% above average volume, $CUK up 9.21%"
2022-10-18 21:00:02+00:00,"üìà Today's Top 10 Gainer #Stocks üìà Tue, Oct 18, 2022 @ 04:00 PM EST 1. $LEGN (+14.20%) 2. $CRCT (+11.39%) 3. $CUK (+10.84%) 4. $CCL (+11.14%) 5. $NTCO (+11.07%) 6. $APE (+10.53%) 7. $VZIO (+10.08%) 8. $CAHPF (+9.61%) 9. $JAMF (+9.33%) 10. $NCLH (+8.57%)"
2022-10-18 21:34:12+00:00,"Carnival Corporation &amp; plc traded 98% above average volume, $CUK closed up 10.84%"
2022-10-18 23:02:04+00:00,$CCL $CUK Carnival Corporation &amp; Plc Announces Upsizing And Pricing Of $2.03 Billion Senior Priority Notes Due 2028 To Be Issued By Carnival Holdings (Bermuda) Limited For Refinancing Stock News Alerts In Bio
2022-10-19 14:08:00+00:00,#LargeCaps shall see $SPY $QQQ $IWM $VIX Take a look at this Watchlist:  $AMBP $BBBY $CCL $CPG $CUK $HEXO $KGC $LASE $MIR $PR $SRNE $TAL $UMC $WISH $YSG  #scnDollHiVol    DateTime: 2022-10-19 10:07 ET
2022-10-19 20:28:17+00:00,$CCL $CUK New Culinary Collection Of Holiday Menus From Princess Cruises Kicks Off Holiday Season In Grand Fashion Stock News Alerts In Bio
2022-10-20 13:57:14+00:00,"$CUK at $7.12 Buy Stock Pick Alert sent on October 20, 2022 at 9:38 AM ET to subscribers #stockpicks"
2022-10-20 16:44:31+00:00,$CUK $CCL World Famous Adventurer Bear Grylls To Join Cunard's 2023 Insights Program In Alaska Stock News Alerts In Bio
2022-10-22 23:32:28+00:00,"$CCL $CUK EXCITING AND NEW INTRODUCTIONS BETWEEN THE ORIGINAL CAST OF ""THE LOVE BOAT"" AND ""THE REAL LOVE BOAT"" HOSTS AND CREW Stock News Alerts In Bio"
2022-10-24 18:05:45+00:00,$CCL $CUK Holland America Line's New 'A City On The Sea' Entertainment Show Takes Guests On An Immersive Journey Behind The Scenes Stock News Alerts In Bio
2022-10-24 23:08:35+00:00,#long #watchlist for #trading on #nyse #nasdaq between $2 and $10: $ACCYY $ADPT $ADV $AOD $ARLO $ASX $ATAI $ATRA $BB $BBVA $BCS $BHIL $BIVI $BORR $BTEGF $BTG $CCL $CDXS $CHS $CIM $CLVT $CPG $CUK $CX $DB $ELP $ENSV $EQRX $ETHE $GGE $GPRO $HLN $HLX $HSCS $HUMA $ICL $INDI $JBLU $MAC
2022-10-25 20:05:49+00:00,$CCL $CUK Carnival Corporation &amp; Plc Announces Closing Of $2.03 Billion Senior Priority Notes Due 2028 Issued By Carnival Holdings (Bermuda) Limited For Refinancing Stock News Alerts In Bio
2022-11-01 20:26:55+00:00,"$CCL $CUK Carnival Corporation &amp; Plc Announces Closing Of Convertible Notes Exchange, Extending Maturity Of $87 Million Of Convertible Notes At Existing 5.75% Rate Stock News Alerts In Bio"
2022-11-02 14:04:21+00:00,#LargeCaps shall see $SPY $QQQ $IWM $VIX Take a look at this Watchlist:  $ADT $CUK $FFIE $GRAB $IQ $KALV $MLCO $MMAT $NKLA $PLTR $RWT $STRY  #scnDollHiVol    DateTime: 2022-11-02 10:04 ET
2022-11-02 23:13:25+00:00,A Nigerian prince emailed and said he'd make me rich! His advice was to move all human dollars into Carnival $CUK #stonks
2022-11-03 02:33:21+00:00,"Carnival Corporation &amp; plc traded 72% above average volume, $CUK closed down -4.09%"
2022-11-03 13:00:53+00:00,$CCL $CUK Carnival Corporation &amp; Plc Announces Long-Time Board Member Arnold Donald Is Stepping Down After More Than Two Decades Of Service Stock News Alerts In Bio
2022-11-04 14:14:26+00:00,$CCL $CUK Carnival Corporation Again Named One Of World's Top Companies For Women Stock News Alerts In Bio
2022-11-06 14:00:43+00:00,"$CCL $CUK Life's Sweetest Reward! SMiZE Cream, New Super-Premium Ice Cream Created By Iconic Supermodel Tyra Banks Soon Available Fleetwide On Princess Cruises Stock News Alerts In Bio"
2022-11-07 16:15:18+00:00,$CCL $CUK Princess Cruises Unveils 360: An Extraordinary Experience On Discovery Princess; Coming Soon To Enchanted Princess Stock News Alerts In Bio
2022-11-07 17:00:12+00:00,"Popular: $MATIC.X, $CHPT, $DIS, $FLGT, $INDO, $OXY, $RVPH, $FIGS, $CUK, $ARCB, $ARLP, $APPS"
2022-11-08 14:34:15+00:00,#LargeCaps shall see $SPY $QQQ $IWM $VIX Take a look at this Watchlist:  $ASX $ATHX $BCS $BLDP $CCL $CTIC $CUK $FCEL $GRWG $LYLT $MAPS $NU $PACB $PHUN $ROIV $SPRO $STRY $TEVA $TLRY  #scnDollHiVol    DateTime: 2022-11-08 09:34 ET
2022-11-10 17:10:46+00:00,$CCL $CUK Holland America Line's Black Friday Offer Includes Crew Appreciation And Up To 40% Off Cruise Fares #blackfriday Stock News Alerts In Bio
2022-11-11 23:27:21+00:00,$CCL $CUK Princess Cruises Black Friday Sale Offers Significant Savings On 2022 And 2023 Cruises To Destinations Worldwide #blackfriday Stock News Alerts In Bio
2022-11-14 21:24:02+00:00,#long #watchlist for #trading on #nyse #nasdaq between $2 and $10: $ABUS $ADAP $ADMA $AGEN $AMC $AMRS $ARLO $ATRA $AVPT $BBVA $BCAB $BIRD $BLUE $BNGO $BORR $BW $CABA $CD $CGC $CLPHY $CRGE $CRLBF $CRMD $CTLP $CUK $CURLF $DADA $DBD $DCGO $DDL $DWACW $EGO $EGY $ENSV $EQX $ERAS $ETWO
2022-11-14 22:42:24+00:00,$CCL $CUK Holland America Line Launches 'Refer A Friend' Program Stock News Alerts In Bio
2022-11-15 21:06:23+00:00,CARNIVAL CORP - COMMENCED A PRIVATE OFFERING OF $1 BLN OF CONVERTIBLE SENIOR NOTES DUE 2027 TO BE USED AS PART OF COMPANY'S 2024 REFINANCING PLAN $CUK $CCL
2022-11-15 21:15:50+00:00,$CUK 9 crack
2022-11-15 21:16:50+00:00,$CCL $CUK Without the discord crowd you get clean moves....
2022-11-15 21:25:53+00:00,#long #watchlist for #trading on #nyse #nasdaq between $10 and $20: $AAAU $ABCL $ACRS $BEKE $BGFV $BILI $BSM $BYND $BZ $CCL $CMRE $CNK $CUK $CWAN $DCT $DDD $DNB $ECC $ENVX $EURN $EWH $EWS $FDMT $FOLD $FRO $GDS $GDYN $GES $GLNCY $GNK $GPS $GTBIF $GTN $HA $HCM $HPE $IMAX $INGVF
2022-11-15 21:42:26+00:00,CARNIVAL CORP SHARES FALL 11.4% AFTER THE BELL; CO TO OFFER $1 BLN IN CONVERTIBLE DEBT $CUK $CCL
2022-11-16 04:33:06+00:00,$CCL $CUK Carnival Corporation &amp; Plc Announces Pricing Of 5.75% Convertible Senior Notes Due 2027 For Refinancing 2024 Maturities Stock News Alerts In Bio
2022-11-16 14:35:01+00:00,"üìâ Pre-Market Loser #Stocks üìâ Wed, Nov 16, 2022 @ 09:35 AM EST 1. $PHJMF (-24.86%) 2. $OCDDY (-15.91%) 3. $TGT (-15.10%) 4. $PCOR (-11.97%) 5. $CCL (-12.26%) 6. $CUK (-12.15%) 7. $AAP (-13.02%) 8. $OROCF (-11.59%) 9. $AEO (-8.03%) 10. $GPS (-8.57%)"
2022-11-16 21:00:04+00:00,"üìâ Today's Top 10 Loser #Stocks üìâ Wed, Nov 16, 2022 @ 04:00 PM EST 1. $DLO (-50.90%) 2. $LU (-15.17%) 3. $AAP (-14.93%) 4. $ZI (-14.23%) 5. $WEGZY (-14.09%) 6. $CHFLF (-14.08%) 7. $CCL (-13.75%) 8. $CUK (-13.65%) 9. $XPNGF (-13.48%) 10. $DNA (-13.11%)"
2022-11-21 00:00:46+00:00,$CCL $CUK Diamond Princess Sets Sail With A Season Of Mexico And Hawaii Sailings From San Diego Stock News Alerts In Bio
2022-11-21 14:00:52+00:00,"$CCL $CUK Princess Cruises Cyber Monday Deal: $1 Deposits, One Day Only! #cybermonday Stock News Alerts In Bio"
2022-11-21 19:58:39+00:00,$CUK SEABOURN CELEBRATES SEABOURN VENTURE'S MAIDEN VOYAGE TO ANTARCTICA AND NAMING OF ITS FIRST PURPOSE-BUILT EXPEDITION SHIP Stock News Alerts In Bio
2022-11-21 22:50:13+00:00,#short #watchlist for #trading on #nyse #nasdaq between $2 and $10: $ACHR $AGEN $ALEC $AMPS $AMWL $AP $APLD $ATRA $BBBY $BFLY $BLUE $BNGO $BRMK $BRY $BTEGF $BV $BVN $CAN $CCL $CGNT $CLSK $COMP $CPG $CS $CUK $CVNA $CX $DBD $DCGO $DDD $DM $DO $EB $EGHT $EHTH $ETHE $ETWO $EVCM $EVGO
2022-11-22 14:10:21+00:00,$CCL $CUK XPASS And Princess Cruises¬Æ Join Forces For Special Black Friday Offer #blackfriday Stock News Alerts In Bio
2022-11-26 18:44:02+00:00,"$YY $CCL $CUK $COSM $MOMO Long investors needed, Look at UNQL, this company made over Billion last year &amp; under 5 cent  way undervalued.    40k. investment will make you a million in 3-9 months.  Do your DD and invest this is a Growing company with a pending merge still."
2022-11-28 15:42:15+00:00,"$COSM $SPR $CCL $CUK Super undervalued stock, this company ""UNQL"" made a billion last year and under 5 cent with a very low MC of 23 m.  UNQL is growing and has new customers like Kroger, HP and Auto Zone."
2022-11-29 14:07:34+00:00,$CUK $CCL Cunard Announces 2024 Summer and Fall Program
2022-11-30 17:47:57+00:00,$CCL $CUK Japan Commitment to Reopen Cruising Sets Stage for Long-Awaited Holland America Line Asia Voyages
2022-12-01 15:40:21+00:00,$CCL $CUK Holland America Line Sees Record Black Friday Bookings In The U.S. #blackfriday Stock News Alerts In Bio
2022-12-01 15:50:04+00:00,$CUK $CCL An Immersive Introduction To Queen Anne. The Next In A Fine Line. Stock News Alerts In Bio
2022-12-01 19:17:08+00:00,$CCL $CUK Holland America Line Gift Card Offer Adds A 10% Bonus Just In Time For Holiday Gifting Stock News Alerts In Bio
2022-12-05 14:52:55+00:00,#LargeCaps shall see $SPY $QQQ $IWM $VIX Take a look at this Watchlist:  $CRBP $CUK $DBD $EOSE $HLN $IDEX $JBLU $MLCO $SHPH $VERU $ZOM  #scnDollHiVol    DateTime: 2022-12-05 09:52 ET
2022-12-05 15:35:06+00:00,"$CUK at $9.10 Buy Stock Pick Alert sent on December 5, 2022 at 9:50 AM ET to subscribers #stockpicks"
2022-12-06 15:41:48+00:00,"$COSM $SPR $CCL $CUK  Way undervalued stock, UNQL  made over a billion, SP  3 cents with a MC under 20 m.  Wow !  We need investors to Pop the short squeeze $$   IMO  25k. investment will make you 200k.+  in 3-6 months.  The next Q should be big with Kroger a new client"
2022-12-07 21:30:14+00:00,#short #watchlist for #trading on #nyse #nasdaq between $2 and $10: $ACHR $ADCT $AGEN $ALLK $ALTO $AMC $AMTX $AMWL $ASTS $AUPH $BB $BFLY $BHC $BHIL $BORR $BZUN $CCL $CGNT $CMRE $CNDT $COMM $COMP $CPG $CUK $CVNA $DDD $DESP $DHT $DO $DSX $ECVT $EGHT $ETHE $ETRN $EVGO $FTCH $FUBO
2022-12-19 21:29:13+00:00,#short #watchlist for #trading on #nyse #nasdaq between $2 and $10: $ACET $ACMR $ACVA $ADEA $ADPT $AFRM $AGEN $ALLO $AMC $AMRX $AXL $BGCP $BGFV $BHIL $BLDP $BLU $BLUE $BZUN $CAN $CCCC $CCL $CDLX $CDXS $CERS $CGC $CHPT $CHRS $CLM $CLVT $CNK $COMM $CONN $CRF $CTIC $CUK $CVT $DDD
2022-12-21 10:49:09+00:00,$CCL just so you know $CUK has better exposure you're welcome...
2022-12-21 12:00:33+00:00,"Top earnings announcements Before Market today include $CTAS, $TTC, $CCL, $CUK, $RAD #stockstowatch #earnings"
2022-12-21 14:17:32+00:00,"CARNIVAL CORP. (CCL) GUIDES Q4 EPS OF ($0.85), PROVIDES BUSINESS UPDATE $CCL $CUK"
2022-12-21 14:21:04+00:00,"CARNIVAL CORP. (CCL) REPORTS Q4 RESULTS, PROVIDES BUSINESS UPDATE $CCL $CUK"
2022-12-21 14:21:05+00:00,$CCL Carnival Q4 22 Earnings:  - ADJ Loss/SHR 85C (est Loss/SHR 87C)  - Rev. $3.84B (est $3.93B)  - Adj EBITDA Loss $96M (est Loss $73.4M)  - Adj Net Loss $1.07B (est Loss $1.08B) $CUK
2022-12-21 15:25:07+00:00,"$CUK at $7.38 Buy Stock Pick Alert sent on December 21, 2022 at 9:38 AM ET to subscribers #stockpicks"
2022-12-21 15:48:19+00:00,#LargeCaps shall see $SPY $QQQ $IWM $VIX Take a look at this Watchlist:  $ACB $ACER $ARDX $CENN $CUK $FSM $FUBO $GROV $HUYA $IMPP $OPK $PGY $PR $VXRT $XFOR $ZH  #scnDollHiVol    DateTime: 2022-12-21 10:48 ET
2022-12-26 22:32:01+00:00,"$CCL $CUK $AAL $RCL Great hidden Gem ""UNQL"" , they made over a billion.  Read the SPAC deal  it's like free gift to OTC investors but missing out,  they are not reading the 8K ,  now looking for Nasdaq investors.   UNQL doesn't belong here &amp; won't be here much longer $$"
2022-12-27 21:30:19+00:00,#short #watchlist for #trading on #nyse #nasdaq between $2 and $10: $CTKB $CUK $CVAC $CVNA $DDD $EDIT $EGHT $ESPR $ETHE $EVGO $FREY $FSLY $FSR $FTCI $FXLV $GENI $GLO $GPMT $GPRO $GRWG $GTHX $GWH $HA $HIMS $HIMX $HLMN $HOOD $HOUS $HRTX $IBRX $IMGN $IMMR $INDI $INVZ $IONQ $JMIA
2022-12-29 17:46:51+00:00,"$COSM $SPR $CCL  $CUK   A new great company uplifting to Nasdaq, read the 8K.  UNQL  doesn't belong in the OTC market, do your DD,  IMO  this is a 20X ++ with the merge and 8 acquisitions coming and the very low MC"
2022-12-29 20:44:25+00:00,"Once $MLGO starts running, the addiction will be strong trying to recoup that $70 high 12 days ago...nanofloat! $IHG $VVI $CLDT $OII $DHX $JAAA $SVOL $CUK $GRVY $ATHM $HCI $MULN $AIT $LVO $CIDM $TRIN $VTVT $BRPM $PAYO $GOSS $SMAR $SIEB $VATE $RELY $CNCE $LANC $VIXM $MUX $TANH"
2023-01-04 11:19:14+00:00,"Once $MLGO starts running, the addiction will be strong trying to recoup that $70 high...nanofloat!  #Chart  $IHG $VVI $CLDT $OII $DHX $JAAA $SVOL $CUK $GRVY $ATHM $HCI $MULN $AIT $LVO $CIDM $TRIN $VTVT $BRPM $PAYO $GOSS $SMAR $SIEB $VATE $RELY $CNCE $LANC $VIXM $MUX $TANH"
2023-01-04 16:12:03+00:00,"$SPR $CCL $CUK $AAL  ""UNQL""  is uplifting to Nasdaq, makes a billion, 8 acquisitions coming , 14 m.  MC,  This stock IMO is a 20X +++  in 3-6 months  Do your DD , buy and hold if you like $$$"
2023-01-04 20:49:16+00:00,$CUK $CCL CARNIVAL SAYS IT WOULD RAISE A COUPLE OF PRICES FOR CUSTOMERS OF ITS NAMESAKE CRUISE LINE - WSJ
2023-01-06 15:36:38+00:00,"$SPR $CCL $CUK $AAL Investors needed !  This is being manipulated for cheap shares and will end when the word get out Uplift to Nasdaq.  UNQL  made a billion year yr. and is acquiring 8 companies with the Uplift.  Read the SPAC deal, do your ""own"" DD and not what is posted"
2023-01-09 14:52:24+00:00,"$COSM $SPR $CCL $CUK    Investors do your DD on this stock UNQL , Uplifting to Nasdaq with 8 acquisitions at the same time.  UNQL did over a Billion last yr. and has Auto Zone and Kroger as a customer.  IMO this will be a 20X  within 2-4 months.      $$$"
2023-01-10 22:27:48+00:00,#long #watchlist for #trading on #nyse #nasdaq between $2 and $10: $ABUS $ACCD $ACTG $ADCT $ADPT $AHT $AMWL $APLD $AZUL $BIGC $BIOR $BLDP $CAN $CBAY $CBD $CCCC $CCL $CDE $CDXS $CGNT $CIG $CLLS $COMP $CUK $DDD $DXLG $EAF $EBON $EHTH $ENVX $ESPR $ETHE $ETRN $FCEL $FIP $FREY $GBTC
2023-01-11 00:23:47+00:00,Something to keep an eye on: Mostly large institutional traders are showing a long build up in $CCL.  Net option volume delta is 417 K $CUK
2023-01-11 15:11:05+00:00,"$BEKE $ON $BSX $CUK   Need to look at UNQL , This company is way under valued and is uplifting to Nasdaq with 8 acquisitions in the same industry, the CEO stated he wants to do more &amp; this is the purpose to Uplift into Nasdaq. UNQL is the Real Deal and IMO it's a 20X++"
2023-01-12 14:34:22+00:00,#LargeCaps shall see $SPY $QQQ $IWM $VIX Take a look at this Watchlist:  $AMC $AQN $AVYA $BBBY $CDE $CS $CUK $CX $EXK $FFIE $HL $IAUX $LU $MMV $MUFG $SMFG $SPCE $SWN $SWVL $XPON  #scnDollHiVol    DateTime: 2023-01-12 09:34 ET
2023-01-18 02:02:06+00:00,#long #watchlist for #trading on #nyse #nasdaq between $2 and $10: $ACCD $ALLK $AMC $ARDX $ARLO $BBAR $BDORY $BFLY $BHC $BLDP $BORR $BRPHF $BTCM $CAN $CBAY $CD $CGNT $CMPO $CONL $CTIC $CUK $DBD $DDD $DHT $DMTK $DNMR $DOUG $EGY $ETHE $FCEL $FIGS $FLJ $FSCO $FTCH $FUBO $GOGL $GP
2023-01-23 15:06:55+00:00,"$CUK, CARNIVAL PLC, Bernstein David,  sold shares valued at 135835 USD, date 2023-01-19, posted 2023-01-23T10:06:19"
2023-01-23 15:11:54+00:00,"$CUK, CARNIVAL PLC, Thamm Michael Olaf,  sold shares valued at 236047 USD, date 2023-01-19, posted 2023-01-23T10:11:16"
2023-01-25 16:43:05+00:00,"$CUK at $9.62 Buy Stock Pick Alert sent on January 25, 2023 at 11:09 AM ET to subscribers #stockpicks"
2023-01-30 15:08:43+00:00,I just sent #BUY +1 $CUK at @9.95 LMT DAY #orders @TDAmeritrade
2023-02-01 19:47:34+00:00,I just sent #SELL -1 $CUK at @9.98 LMT DAY #orders @TDAmeritrade
2023-02-07 15:27:36+00:00,"$CUK at $11.14 Buy Stock Pick Alert sent on February 7, 2023 at 9:43 AM ET to subscribers #stockpicks"
2023-02-08 16:42:50+00:00,"$CUK, CARNIVAL PLC, weinstein joshua ian,  sold shares valued at 296277 USD, date 2023-02-06, posted 2023-02-08T11:42:22"
2023-02-08 16:45:11+00:00,"$CUK, CARNIVAL PLC, Thamm Michael Olaf,  sold shares valued at 544033 USD, date 2023-02-06, posted 2023-02-08T11:44:28"
2023-02-09 16:00:09+00:00,"$CCL $CUK $AAL $RCL $NCLN $DAL  ""UNQL""  is absolutely cheap,  this should be above 40 cents at this point.  Nothing wrong , great company and great growth .   Nasdaq and 8 companies being acquired in the next 60 days"
2023-02-10 15:43:06+00:00,"$CUK at $10.30 Buy Stock Pick Alert sent on February 10, 2023 at 9:36 AM ET to subscribers #stockpicks"
2023-02-10 22:23:22+00:00,#short #watchlist for #trading on #nyse #nasdaq between $10 and $20: $AFRM $APLE $ARKF $ASAN $BHVN $BLNK $CABA $CARA $CARG $CCL $CENX $CHPT $CNK $COGT $COUR $CRNX $CUK $DAN $ELAN $GFI $GLNCY $GME $HAIN $HDSN $HST $JETS $LCID $LMND $LPSN $LYFT $MERC $MGNI $NCLH $NGLOY $NWS $NWSA
2023-02-15 21:26:32+00:00,#long #watchlist for #trading on #nyse #nasdaq between $10 and $20: $ACMR $ACVA $ADYEY $AFRM $AMPL $APP $ARHS $ARKF $ASAN $ASC $ASPN $BLCO $BOWL $CCL $CHPT $CNK $COUR $CRSR $CSTM $CUK $DBI $DDD $DH $DISH $DKNG $DLO $DOMO $EBS $EDIT $EHTH $FNA $FSLY $GIII $GTN $HA $HCAT $HTZ
2023-02-23 16:49:00+00:00,"$CUK, CARNIVAL PLC, Bernstein David,  sold shares valued at 1186696 USD, date 2023-02-21, posted 2023-02-23T11:48:23"
2023-02-23 16:55:29+00:00,Top Losers $BNSO $LUNR $ECX $ORGS $BAND $W New Low $CYRN $INFI $CNXA $IMPL Oversold $GORO $ALPS Most Volatile $OCEA $LION Most Active $VBLT $MULN Downgrades $ALHC Earnings After $AAOI Insider Selling $CUK
2023-02-23 21:29:37+00:00,#short #watchlist for #trading on #nyse #nasdaq between $2 and $10: $ABCL $ADCT $AEG $AG $ALHC $AMLI $AMPS $ARLO $AUY $AVIR $AXL $BCAB $BLNK $BTG $CD $CDE $CGC $CLSK $COSM $CUK $CVAC $CX $DADA $DOUG $EGO $EXK $FSCO $FXLV $GFI $GNUS $GOL $GOTU $HBM $HFRO $HIVE $HLN $HOUS $HPP
2023-02-24 18:55:39+00:00,$CCL $CUK Exclusive Offer Gives California Residents Spending Money for Holland America Line's 2023 Alaska Cruisetours to the Yukon
2023-02-28 14:00:09+00:00,"KuCoin Announces Its Arbitrum Ecosystem Listing Carnival, Showing Full Supports for Arbitrum Ecosystem $CUK $CCL $KCS"
2023-02-28 14:00:09+00:00,"#KuCoin Announces Its Arbitrum Ecosystem Listing Carnival, Showing Full Supports for Arbitrum Ecosystem $CUK $CCL $KCS"
2023-03-08 21:26:42+00:00,#short #watchlist for #trading on #nyse #nasdaq between $2 and $10: $ACHR $ADCT $ADV $AG $AHT $ALTO $AMC $AMTX $APLD $ASTL $AVDX $BFLY $BIGC $BIRD $BLNK $BRSP $CARA $CDE $CDLX $CDXS $CHMI $CIM $CNDT $CNSL $CTIC $CTKB $CUK $CVAC $CYH $DNMR $EQX $ERAS $ETWO $EVGO $EXK $FIGS $FNKO
2023-03-16 17:35:57+00:00,CARNIVAL CRUISE LINE  *INDUSTRY MILESTONE  *FIRST CRUISE LINE TO SAIL 100 MILLION GUESTS  $CCL $CUK
2023-03-20 09:12:45+00:00,New MOMO Trend 2 only from Mometic     $CUK #stockstowatch
2023-03-22 13:33:27+00:00,#LargeCaps shall see $SPY $QQQ $IWM $VIX Take a look at this Watchlist:  $AG $ARVL $BRDS $CISO $CPG $CUK $HMY $KGC $LAZR $PLTR $PYXS $REE $SBSW $SCYX $TK $TME $UMC $WULF  #scnDollHiVol    DateTime: 2023-03-22 09:33 ET
2023-03-28 08:02:04+00:00,$BRDS $CUK $SPRO $TRKA $MARA $HLGN $PXMD Good morning traders! üåû
2023-03-28 14:21:09+00:00,#LargeCaps shall see $SPY $QQQ $IWM $VIX Take a look at this Watchlist:  $AMC $BANL $BBBY $BCS $CCL $CLOV $CPG $CUK $DBD $GOEV $GRAB $ITUB $LYG $MARA $MGOL $OSCR $RIG $RITM $SAN  #scnDollHiVol    DateTime: 2023-03-28 10:21 ET
2023-03-29 15:29:30+00:00,$NCLH hi $CCL $CUK $RCL gettin over
2023-03-29 16:24:40+00:00,"$CUK breaking above 8.80, if it holds I see 10.00 as first target and 11.20 as next.... keep awatchin'."
2023-03-29 17:31:37+00:00,"Carnival Corporation &amp; plc traded -23% below average volume, $CUK up 5.07%"
2023-03-29 19:47:13+00:00,"Carnival Corporation &amp; plc traded 8% above average volume, $CUK up 6.32%"
2023-04-06 16:43:49+00:00,"New MOMO Trend 2 only from Mometic     $CUK,DQ,EGBN,MACK,EB,DEN,ECL,CYBR,DKS,ENPH #stockstowatch"
2023-04-11 20:31:43+00:00,#long #watchlist for #trading on #nyse #nasdaq between $2 and $10: $ACCO $AGRO $ALIT $ALT $AMC $APLD $ARAY $ASTL $ATHA $AVDL $BCAB $BFLY $BLU $BNRG $BRCC $CDLX $CIG $CLNE $CRMD $CSSE $CTIC $CUK $CVAC $CVNA $CYH $DBI $DRH $EAF $ELAN $ELOX $EVLV $FSR $FTCH $FTCI $GENI $GLDD $GLRE
2023-04-12 08:19:51+00:00,New MOMO Trend 2 only from Mometic     $CUK #stockstowatch
2023-04-17 15:35:06+00:00,"$CUK at $8.78 Buy Stock Pick Alert sent on April 17, 2023 at 11:06 AM ET to subscribers #stockpicks"
2023-04-18 19:10:35+00:00,#LargeCaps shall see $SPY $QQQ $IWM $VIX Take a look at this Watchlist:  $BBD $CUK $DNN $ITUB $PBR/A $PRU $VRNA $XM  #scnDollHiVol    DateTime: 2023-04-18 15:10 ET
2023-04-21 14:33:06+00:00,"$CUK at $8.22 Sell Stock Pick Alert sent on April 21, 2023 at 10:02 AM ET to subscribers #stockpicks"
2023-05-02 16:09:31+00:00,CARNIVAL CEO JOSH WEINSTEIN SAYS DEMAND IS BACK AT MILKEN PANEL $CUK $CCL
2023-05-23 11:13:42+00:00,"New MOMO Trend 2 only from Mometic     $CUK,DKS #stockstowatch"
2023-05-30 20:26:22+00:00,#long #watchlist for #trading on #nyse #nasdaq between $10 and $20: $ABR $ALCC $BFAC $BITO $BKU $CCCS $CCL $CLS $CUK $DBRG $DRIP $ERJ $F $GBTC $GOGO $GTES $HBAN $HLIT $HPE $HTGC $INFY $JETS $KN $LEVI $MFC $MTG $MWA $NAD $NEA $NOVA $NWSA $NZF $OUT $PEB $PLTR $QYLD $RUN $SFTBY $SHO
2023-05-31 13:44:08+00:00,"New MOMO Trend 2 only from Mometic     $CUK,ICPT,SHEL,SHOP,TECL #stockstowatch"
2023-06-02 17:38:55+00:00,New MOMO Trend 2 only from Mometic     $CUK #stockstowatch
2023-06-05 20:25:30+00:00,#long #watchlist for #trading on #nyse #nasdaq between $10 and $20: $ABR $ALDX $AVDL $BBIO $BLCO $BTAI $BTU $BYND $CAL $CCL $CLF $CLOU $CNK $COGT $COUR $CSTM $CUK $DBRG $DCPH $DRS $EHAB $ETNB $F $FGEN $GHL $GNK $GSBD $IMGN $IVZ $KNSA $MBC $MRVI $NAVI $NCLH $NEWT $PACB $PAGS $PATH
2023-06-08 11:13:24+00:00,You seem like a smart and good looking human. Now bet the farm on Carnival $CUK #FreeTip
2023-06-09 13:41:30+00:00,"New MOMO Trend 2 only from Mometic     $CUK,CXM,FUBO,GRRR #stockstowatch"
