"timestamp","content","symbol"
"2021-06-09 12:01:37+00:00","NVR - $NVR üí∞ QUOTE $NVR was UP ‚¨Ü on Tue Jun 08 Closed at 4838.13 USD for a 0.62% gain from previous close üìà üìà üìà üìä ANALYSIS NVR should be nationalized ‚ò≠ ‚ò≠ ‚ò≠","NVR"
"2021-06-10 16:35:02+00:00","I think you missed the Zelman Home builder call out there $BZH $CFH $NVR alldowngraded ""stance on the group has become increasingly cautious, etc"" @ScottWapnerCNBC","NVR"
"2021-06-10 20:00:01+00:00","$SPY ATH, $LLY $BMY $BIIB $TMO lead $XHB fall on weak Zelman survey, $BZH $CCS $DFH $NVR d/g $GME roll despite beat as it may offer 5M shrs, disclosed SEC probe EPS: $RH $SIG spike, $FCEL slump $TAL $GOTU $EDU rally as tutor ban less likely $PLBY $CAKE $CELH $REVG $LESL offerings","NVR"
"2021-06-10 20:34:11+00:00","Worst performing large cap ($10B+ market cap) stocks from today GameStop $GME -27.2% $AMC -13.2% QuantumScape $QS -11% $TUYA -6.6% Tilray $TLRY -6.4% Rocket $RKT -5.2% $SIVB -4.7% Logitech $LOGI -4.4% $NVR -4% Upstart $UPST -3.9% Caterpillar $CAT -3.8% Albemarle $ALB -3.8%","NVR"
"2021-06-10 20:52:06+00:00","These are all quality large-cap stocks that I... 1) Don't currently own. 2) Would be happy to snap-buy if they fell 50%. $CMG $ACN $SBUX $GOOG $NVR $MSFT $FB $NKE $AAPL $MTCH $NFLX","NVR"
"2021-06-10 21:16:03+00:00","$NLSN and $SIVB both lost over 4% and are Thursday's worst performing $SPX #stock; $NVR $CAT $ALB $MHK $FTI $URI $PHM $HBAN $CF $WHR $DHI $CMA and $VMC all closed down over 3% on the day #trading","NVR"
"2021-06-10 21:30:52+00:00","$NVR NVR Inc is falling fast! It's down -3.96% today!","NVR"
"2021-06-11 02:22:48+00:00","Worst performing #largecap ($10B+ market cap) #stocks today $GME -27.2% $AMC -13.2% $QS -11% $TUYA -6.6% $TLRY -6.4% $RKT -5.2% $SIVB -4.7% $LOGI -4.4% $NVR -4% $UPST -3.9% $CAT -3.8% $ALB -3.8%","NVR"
"2021-06-17 03:07:40+00:00","$DFH is growing fast and uses a similar business model to $NVR. It could be a good way to invest in the housing market.","NVR"
"2021-06-18 21:30:53+00:00","$NVR NVR Inc is shooting through the roof with a +1.86% increase today!","NVR"
"2021-06-22 01:13:03+00:00","There are currently 15 stocks with a dollar price over $1000: Berkshire $BRK.A $NVR Seaboard $SEB Amazon $AMZN Google $GOOGL Booking $BKNG Cable One $CABO Texas $TPL Shopify $SHOP Mercolibre $MELI Chipotle $CMG AutoZone $AZO Mettler $MTD Markel $MKL White Mountains $WTM","NVR"
"2021-06-25 14:09:07+00:00","$LSEA SOLD 63 @ $8.34; -$15.2, -2.98% Peers: $DHI $LEN $NVR $SPY","NVR"
"2021-06-29 21:30:54+00:00","$NVR NVR Inc is shooting through the roof with a +1.64% increase today!","NVR"
"2021-06-30 15:03:48+00:00","$MTH SOLD 5 @ $93.58; +$11.6, +2.42% Peers: $MHO $NVR $DHI $HOV","NVR"
"2021-07-01 21:30:57+00:00","$NVR NVR Inc is shooting through the roof with a +2.79% increase today!","NVR"
"2021-07-02 10:15:18+00:00","13. $NVR    Close Price: 5.111,89 $   Volume: 20.879 Atr: 106,22 $ BB: ‚Üë    Obv: ‚Üë   Rsi &gt;= 50 Ichimoku: + Macd: ‚Üë EmaTrend: ‚Üë Stop Loss: 4.952,56 Limit Order: 5.430,55 *This is not a trading advice*","NVR"
"2021-07-06 21:45:26+00:00","$NVR where are the short sellers? lol","NVR"
"2021-07-07 15:26:20+00:00","1/ Studying Winning Stocks: $NVR in 2001 Norbert Lou (Punchcard Capital) publicly shared his thoughts on NVR in 2001 Since then, the stock's been a 36-bagger! ~20% CAGR over 20 years! Had you come across Lou's writeup, would you have bought the stock? Let's take a closer look","NVR"
"2021-07-19 16:00:09+00:00","Tomorrows top estimated earners: $NVR : 72.53 $CMG : 6.5 $UAL : -3.94 $VOLVF : 3.43 $HCA : 3.16","NVR"
"2021-07-20 12:45:13+00:00","Top Earnings Tu 7/20 Aft: $AIR $AGR $CNI $CMG $FOR $FULT $HWC $HOPE $IBKR $ISRG $NFLX $PNFP $XM $SNBR $UAL $UCBI . Top Earnings Wed 7/21 Pre: $AFI $ANTM $ASML $BKR $BOKF $CMA $FCFS $HOG $IPG $JNJ $KNX $KO $LAD $MTB $MKTX $NDAQ $NTRS $NVS $NVR $RCI $SAP $STX $TZOO $VZ $WRLD","NVR"
"2021-07-20 15:29:19+00:00","#WallStreet üá∫üá∏ #earnings before the open tomorrow:  $KO $JNJ $VZ $ASML $HOG $STX $ANTM $NDAQ $SAP $LAD $CMA $TZOO $BKR $NVS $MTB $KNX $RCI $NTRS $MKTX $BHLB $BOKF $NVR $IPG $OFG $USAP $FCFS $WRLD $HCSG","NVR"
"2021-07-21 14:00:03+00:00","$NVR 6/30 backlog up 19% units over 2020, and 32% over 2019. (As a reminder, homebuilders only get paid when they build homes.)","NVR"
"2021-07-21 18:22:17+00:00","Well crap.   I now dread the upcoming Q2 results for homebuilders. $NVR reported today.  YoY: Net Income +94% Revenues +41% Closings +32% Unit backlog +19% $ backlog +35% Stock's reaction? ... DOWN 1/2%. After being down 7.5% from highs achieved just 10 trading days ago.","NVR"
"2021-07-22 21:31:01+00:00","$NVR NVR Inc is shooting through the roof with a +2.47% increase today!","NVR"
"2021-07-26 14:18:45+00:00","New home sales down 6.6% m/m (vs. exp inc of 3.7%) in June and May revised down to -7.8% from -5.8%. New homes sales down 20% y/y. New home SAAR lowest since April 2020. New home sales were 676k vs. Est of 796k. Median new home price fell modestly. $XHB $PHM $NVR $MDC $DHI $KBH","NVR"
"2021-07-26 21:30:59+00:00","$NVR NVR Inc is falling fast! It's down -1.90% today!","NVR"
"2021-07-27 10:24:00+00:00","Candlestick patterns of the day part 1: BULLISH HARAMI $CZR $DBRG $PCT $VYGR BEARISH HARAMI $COO $CRWD $ETSY $HOWL $NVR BULLISH ENGULFING $PHGE $SLGN $USFD $XOG BEARISH ENGULFING $ISD $PCEF $USHY BULLISH PIERCING $BAOS $GOSS $SRG","NVR"
"2021-08-04 17:30:47+00:00","*NVR Inc: Board Authorized the Repurchase of $500M of Common Stk  $NVR","NVR"
"2021-08-04 17:33:16+00:00","‚ûü *NVR Inc: Board Authorized the Repurchase of $500M of Common Stk  $NVR #NEWS","NVR"
"2021-08-05 07:37:55+00:00","DeItaone: *NVR Inc: Board Authorized the Repurchase of $500M of Common Stk  $NVR","NVR"
"2021-08-06 21:30:55+00:00","$NVR NVR Inc is falling fast! It's down -1.89% today!","NVR"
"2021-08-10 13:12:35+00:00","Added some more $SQ and $NVR to my holdings. Love Squares Afterpay acquisition and NVR just seems perfectly positioned for the next decade.","NVR"
"2021-08-10 22:55:46+00:00","$NVR since 1994: - 2.1x in P/E - 90x growth in net income - 80% reduction in shares outstanding (aka. 5x in proportional ownership for remaining holders) 2 .1*90*5 = damn near 1,000 bagger status He's out of it now, but Charlie479 killed it","NVR"
"2021-08-11 02:44:42+00:00","Late on my #WeeklyBuyLog! $UPST $LSPD $ZI $NVR $EXAS $NVTA $PACB $BEAM $TRUP #WeeklySellLog $NFLX $IPGP $YNDX $MASI Earnings swing $ZI","NVR"
"2021-08-11 20:44:20+00:00","Bulls jump back into homebuilder stocks after a spring slump. Wed.: Beazer $BZH +4.8% Toll $TOL +3.9 Pulte $PHM +3.6 KBHome $KBH +3.6 Meritage $MTH +3.5 Hovnanian $HOV +3.4 Horton $DHI +2.9 $XHB builder ETF +2.3 $NVR +2.1 S&amp;P 500 +0.3","NVR"
"2021-08-18 12:07:10+00:00","LosingStreak5 $NCR $41.80 0.00% -5.52% -1.81% -13.48% 43.00 $NPTN $8.16 0.00% -9.23% -5.56% -10.43% 34.43 $NVR $5114.17 -0.00% -3.61% 6.81% 3.32% 48.94 $PBF $8.35 0.00% -11.08% -11.36% -45.74% 31.50 $PFC $29.25 -0.31% -2.89% 12.15% -6.85% 57.59","NVR"
"2021-08-18 17:08:47+00:00",".@SmeadCap Value Fund's top holdings: $TGT $CLR $AXP $LEN $NVR","NVR"
"2021-08-18 21:07:14+00:00","LosingStreak5 $MSGE $62.00 -0.53% -10.96% -13.21% -30.33% 26.73 $NCR $41.02 -1.87% -7.28% -3.64% -15.09% 40.41 $NPTN $8.11 -0.61% -9.79% -6.13% -10.98% 33.87 $NVR $5101.37 -0.25% -3.85% 6.54% 3.06% 48.19 $PBCT $15.88 -1.06% -4.97% 3.86% -17.93% 43.64","NVR"
"2021-08-18 21:37:15+00:00","LosingStreak5 $NCR $41.02 -1.87% -7.28% -3.64% -15.09% 40.41 $NPTN $8.11 -0.61% -9.79% -6.13% -10.98% 33.87 $NVR $5101.37 -0.25% -3.85% 6.54% 3.06% 48.19 $PBCT $15.88 -1.06% -4.97% 3.86% -17.93% 43.64 $PBF $8.06 -3.47% -14.16% -14.44% -47.63% 29.64","NVR"
"2021-08-20 13:07:18+00:00","LosingStreak5 $NTAP $79.25 -0.01% -3.68% 1.21% 2.55% 41.47 $NUS $50.82 0.00% -5.47% -4.49% -13.86% 35.84 $NVR $5072.27 0.00% -3.43% 3.65% 7.33% 46.45 $ODC $33.95 0.00% -3.47% -4.90% -6.58% 29.80 $OLN $43.00 -0.58% -12.08% -2.98% -5.60% 39.36","NVR"
"2021-08-20 21:07:06+00:00","WeeklyUp10 $DOV $194.20 12.63% 13.14% 18.35% 31.39% 85.26 $NVR $5800.80 14.36% 10.44% 18.53% 22.74% 72.90 $POOL $544.60 12.43% 12.24% 18.99% 27.51% 78.34","NVR"
"2021-08-20 21:07:13+00:00","Above5DaysMA $NVR $5800.80 14.36% 10.44% 18.53% 22.74% 72.90","NVR"
"2021-08-25 13:48:14+00:00","Best performing large cap stocks at today's open Intuit $INTU $AMC Huaneng $HNP Taiwan Semi $TSM China Southern $ZNH $OKTA United Micro $UMC $BBCA Aluminum $ACH Clarivate $CLVR Ericsson $ERIC $NVR Credit Suisse $CS FacrSet $FDS Monday $MNDY $KB Posco $PKX Santander $SAN $ASX","NVR"
"2021-08-25 17:24:45+00:00","Best performing large cap stocks today Intuit $INTU $AMC Huaneng $HNP Taiwan Semi $TSM China Southern $ZNH $OKTA United Micro $UMC $BBCA Aluminum $ACH Clarivate $CLVR Ericsson $ERIC $NVR Credit Suisse $CS FacrSet $FDS Monday $MNDY $KB Posco $PKX Santander $SAN $ASX","NVR"
"2021-08-31 13:09:25+00:00","U.S. home prices rose record 18.6% (highest in 30 years) according to S&amp;P CoreLogic Case Shiller Index in June vs. 16.8% in May 2021 20 city index rose 19.1% Bidding wars drove up prices, largest increase since 1988 $xhb $phm $bzh $tph $nvr $hov $mth $mdc $dhi $nwhm","NVR"
"2021-09-07 09:28:57+00:00","to this day nothing tops Norbert Lou's $NVR write up in 2001","NVR"
"2021-09-28 22:52:56+00:00","$CEI Calling all the bulls, do your DD and join if interested. $NVDA $AAPL $VLY $BAC $BRK.A $JPM $BRK.B $NVR $APPS $NIO $AMD $UNTY $AMZN","NVR"
"2021-09-29 16:45:15+00:00","Why is real estate-transaction $EXPI $Z $RDFN Is much much weaker than real estate builders $NVR $LEN","NVR"
"2021-10-05 04:58:59+00:00","Self reflection - Why is it so difficult to me to convince myself of buying into stocks with a high per-share-price like $AMZN $CNSWF $NVR $GOOGL ? - it feels like less bang for the buck, while it clearly isn‚Äòt. Stupid psychology.","NVR"
"2021-10-05 13:05:03+00:00","NVR Inc - $NVR üí∞ QUOTE $NVR was DOWN ‚¨á on Mon Oct 04 Closed at 4781.86 USD for a -0.07% loss from previous close üìâ üìâ üìâ üìä ANALYSIS NVR Inc should be nationalized ‚ò≠ ‚ò≠ ‚ò≠","NVR"
"2021-10-06 12:37:09+00:00","LosingStreak5 $KMB $131.36 -0.43% -3.26% -6.67% -2.23% 36.55 $MKC $79.65 -0.50% -4.83% -9.57% -10.09% 23.64 $NVR $4781.82 -0.00% -3.25% -6.25% -6.50% 34.81 $REGN $546.83 -0.74% -9.87% -19.53% -6.31% 18.94 $SKLZ $8.51 -2.07% -14.64% -29.67% -56.40% 26.09","NVR"
"2021-10-06 16:07:10+00:00","LosingStreak5 $NVR $4772.93 -0.19% -3.43% -6.42% -6.68% 34.32 $REGN $545.52 -0.98% -10.08% -19.73% -6.53% 18.73 $TMUS $124.07 -1.06% -3.15% -8.77% -15.19% 31.99 $VSCO $51.04 -2.41% -9.65% -23.82% nan% 28.62 $WKHS $6.31 -8.55% -18.48% -29.89% -55.47% 25.91","NVR"
"2021-10-07 09:13:24+00:00","Complex analysis suggests you should move all human dollars into NVR $NVR #NotRealInvestingAdvice","NVR"
"2021-10-11 18:26:57+00:00","1/2 Q3 21 Earnings Housing   $NVR 10/18 expected   $TPH 10/21 before open cc: 10 am   $PHM 10/26 before open cc: 8:30 am   $MHO 10/26 expected   $GRBK 10/27 expected   $TMHC 10/27 before open cc: 8:30 am   $MTH 10/27 after close cc: 10/28 11 am   $CCS 10/27 after close cc: 5 pm","NVR"
"2021-10-11 21:05:38+00:00","NVR Inc - $NVR üí∞ QUOTE $NVR was UP ‚¨Ü on Mon Oct 11 Closed at 4840.86 USD for a 0.05% gain from previous close üìà üìà üìà üìä ANALYSIS NVR Inc should be nationalized ‚ò≠ ‚ò≠ ‚ò≠","NVR"
"2021-10-14 11:45:44+00:00","NVR price target lowered to $5,770 from $6,300 at JPMorgan $NVR","NVR"
"2021-10-17 16:00:07+00:00","Tomorrows top estimated earners: $NVR : 93.79 $STLD : 4.57 $STT : 1.92 $TER : 1.43 $BFC : 1.42","NVR"
"2021-10-20 21:09:12+00:00","added to my $NVR sold half my $BAM. I'm sure I will regret it but I can understand the homebuilder's numbers better than I can Brookifeld","NVR"
"2021-10-26 15:35:03+00:00","*INSIDER BUY ALERT* Kelpy Matthew B., VP, Chief Accounting Officer, purchased 100 shares of $NVR at $4,860.00. Kelpy Matthew B. now owns 212 shares worth $1,037,638 of NVR INC stock.","NVR"
"2021-11-01 06:49:04+00:00","Stocks with positive macd crossover 1. $WORK 2. $NKLA 3. $SM 4. $OPK 5. $MCD 6. $CTVA 7. $IMGN 8. $BMRN 9. $ANF 10. $MDRX 11. $HGV 12. $MDB 13. $NVR *This is not a trading advice*","NVR"
"2021-11-03 18:44:22+00:00","*NVR BOARD AUTHORIZES SHARE BUYBACK OF $500M $NVR","NVR"
"2021-11-03 18:48:06+00:00","NVR authorizes repurchase of $500M of outstanding common stock $NVR","NVR"
"2021-11-08 20:29:59+00:00","It's Nov 8, 2021 will $TSLA ? : 1. Buy $SQ, $MARA, $GM, $AES, $NVR, $LEN, $WTER 2. ICO a ""Tesla"" coin for Tesla Prime membership 3. Buy a Green Home Builder 4. Expand Solar / Energy / Water 5. Humanoid / AI / Rideshare/ SaaS 6. Launch Knight Rider mode cc: @elonmusk @Tesla","NVR"
"2021-11-09 17:08:44+00:00","Home-builders sectors  showing strength  $BZH $KBH $LEN $TOL $DHI $NVR $MTH $SKY $HOV $GRBK $CVCO $XBH $ITB","NVR"
"2021-11-11 06:45:14+00:00","5. $NVR    C: 5.200,27 $   V: 13.345 Atr: 99,22 $ BB: ‚Üë    Obv: ‚Üë   Rsi &gt;= 50 WaveTrendPositive: ‚Üë Ichimoku: + Macd: ‚Üë EmaTrend: ‚Üë Stop Loss: 5.051,43 Limit Order: 5.497,94 *This is not a trading advice*","NVR"
"2021-11-12 14:57:40+00:00","It's Nov 12,  2021 did $TSLA ? : 1. Buy $SQ, $MARA, $GM, $AES, $NVR, $WTER 2. ICO a ""Tesla"" coin for Tesla Prime membership 3. Buy a Green Home Builder 4. Expand Solar / Energy / Water 5. Humanoid / AI / Rideshare/ SaaS 6. Launch Knight Rider mode cc:  @elonmusk  @Tesla","NVR"
"2021-11-18 17:50:09+00:00","It's Nov 18 2021, did $TSLA ? 1. Buy $SQ, $MARA, $GM, $BKKT, $AES, $NVR, $LEN, $DHI, $TOL 2. ICO a ""Tesla"" coin for Tesla Prime membership 3. Buy a Green Home Builder 4. Accept #BTC as payment","NVR"
"2021-11-22 12:45:52+00:00","It's Nov 22 2021, did $TSLA ? 1. Buy $SQ, $MARA, $GM, $BKKT, $AES, $NVR, $LEN,           $DHI, $WTER 2. ICO a ""Tesla"" coin for Tesla Prime membership 3. Buy a Green Home Builder 4. Accept #BTC as payment","NVR"
"2021-11-23 23:32:10+00:00","$NVR literally to the moon!!","NVR"
"2021-11-27 09:09:23+00:00","[NYSE] NewHigh-Count/Consumer Cyclical $MOV 4 $CSV 3 $DDS 3 $BBY 2 $BVH 2 $HD 2 $LCII 2 $RACE 2 $MCD 1 $NVR 1 From:2021/11/19„Äú","NVR"
"2021-11-28 22:02:04+00:00","NVR Inc - $NVR üí∞ QUOTE $NVR was DOWN ‚¨á on Fri Nov 26 Closed at 5291.10 USD for a -1.13% loss from previous close üìâ üìâ üìâ üìä ANALYSIS NVR Inc should be nationalized ‚ò≠ ‚ò≠ ‚ò≠","NVR"
"2021-11-30 09:09:25+00:00","[NYSE] NewHigh-Count/Consumer Cyclical $MOV 3 $CSV 2 $DDS 2 $CARS 1 $MCD 1 $NVR 1 $LTH 1 $BBY 1 $BVH 1 $DKS 1 From:2021/11/22„Äú","NVR"
"2021-11-30 13:41:43+00:00","SP500 - Resistencia - Pregao: 2021-11-30 $CRL - 375.36 $DRI - 141.76 $FMC - 103.56 $XEL - 65.6 $AIG - 54.96 $NOC - 356.51 $D - 74.44 $CI - 199.66 $ALLE - 128.72 $CMA - 85.35 $KO - 54.6 $NVR - 5283.6 $RTX - 82.97 $EXPE - 166.58 $UAL - 42.56 $AME - 140.1 $PHM - 51.54 $AXP - 157.95","NVR"
"2021-12-01 09:09:24+00:00","[NYSE] NewHigh-Count/Consumer Cyclical $CSV 2 $MOV 2 $CARS 1 $MCD 1 $NVR 1 $DDS 1 $LTH 1 From:2021/11/23„Äú","NVR"
"2021-12-01 20:36:49+00:00","$NVR shares are safe as houses for #DiamondHill LargeCap fundholders.","NVR"
"2021-12-01 21:31:09+00:00","$NVR NVR Inc saw an increase of +3.43% today!","NVR"
"2021-12-01 21:38:06+00:00","Biggest Gains in the $SPY: $VRTX +9.66% $NVR +3.43% $LEN +3.35% Biggest Gains in the $QQQ : $VRTX +9.66% $NTES +3.79% $AMAT +3.04%","NVR"
"2021-12-01 22:54:17+00:00","Best performing large cap stocks from today Vertex $VRTX +9.7% United Micro $UMC +5.2% Posco $PKX +4.2% NetEase $NTES +3.8% $HTHT +3.4% $NVR +3.4% Lennar $LEN +3.4% HP $HPQ +3.3% Stellantis $STLA +3.2% ASE $ASX +3.2% $BNS +3.1% Applied Materials $AMAT +3% Taiwan Semi $TSM +3%","NVR"
"2021-12-02 09:09:24+00:00","[NYSE] NewHigh-Count/Consumer Cyclical $CARS 2 $BBW 1 $CSV 1 $MCD 1 $MOV 1 $NVR 1 From:2021/11/24„Äú","NVR"
"2021-12-02 16:21:34+00:00","The Homebuilders have momentum $ITB $DHI $LEN $NVR $PHM üî• üî• üî•","NVR"
"2021-12-02 21:21:55+00:00","‚¨Ü‚¨Ü Today's New 52-week Highs ‚¨Ü‚¨Ü: üìà $OPNT (Price: 29.60, %Chg: 10.65%) üìà $BXC (Price: 78.63, %Chg: 10.67%) üìà $NVR (Price: 5549.18, %Chg: 2.68%) üìà $MGPI (Price: 85.58, %Chg: 1.87%) üìà $LAND (Price: 30.32, %Chg: 4.26%) üìà $SNPS (Price: 349.67, %Chg: 4.46%)","NVR"
"2021-12-03 00:27:40+00:00","$SPX #stocks $EIX $NVR $SHW and $SNPS each put in new 52 week highs Thursday. $ATVI $BIIB $CTXS $GPS $LVS $MDT $MTCH $NEM $QRVO $TWTR $VIAC and $VTRS all hit new 52 week lows #trading","NVR"
"2021-12-03 12:45:11+00:00","15. $NVR    C: 5.549,18 $   V: 26.577 Atr: 126,39 $ BB: ‚Üë    Obv: ‚Üë   Rsi &gt;= 50 Ichimoku: + Macd: ‚Üë EmaTrend: ‚Üë Stop Loss: 5.359,60 Limit Order: 5.928,35 *This is not a trading advice*","NVR"
"2021-12-03 14:17:56+00:00","It's Dec, 2021 $TSLA Why not? 1. Buy $SQ $MARA $GM $BKKT $AES $NVR $LEN $WTER 2. ICO a ""Tesla"" coin for Tesla Prime membership 3. Buy a Green Home Builder 4. Expand Solar / Energy / Water 5. Humanoid / AI / Rideshare/ SaaS 6. Launch Knight Rider mode 7. Launch TITS U","NVR"
"2021-12-03 17:35:27+00:00","Ho-hum kind of day/week in the stock market.  $AVB $DEA $INVH $LSI $MAA $NVR $STAG $SUI How's everyone doing out there? üòâ","NVR"
"2021-12-04 01:33:24+00:00","Real Estate at one-year highs. $TOL $NVR $PLD  While a bunch of techs without earnings being oversold. $WE $SPACE $UBER $TWTR $SNAP $PINS","NVR"
"2021-12-06 15:07:49+00:00","Before buying land in #Metaverse, they might wanna buy a home.. When quality homebuilders trading at 7-8x next year PE with solid order data, improving economy and rates still low, worth looking at  My fav $TOL $TPH, others look good too $LEN $NVR $BZH  $RBLX","NVR"
"2021-12-07 15:27:32+00:00","23 S&amp;P 500 RECORD HIGHS so far today, incl: Apple $AAPL Broadcom $AVGO NXP Semiconductors $NXPI Teradyne $TER Procter &amp; Gamble $PG McDonald's $MCD Lennar $LEN $NVR $CSX Union Pacific $UNP Fastenal $FAST Duke Realty $DRE Prologis $PLD $UDR NextEra Energy $NEE etc @cnbc","NVR"
"2021-12-08 09:09:23+00:00","[NYSE] NewHigh-Count/Consumer Cyclical $TOL 4 $NVR 3 $APRN 2 $CARS 2 $LEN 2 $LEN-B 2 $MUSA 2 $SKY 2 $TPH 2 From:2021/12/01„Äú","NVR"
"2021-12-08 15:24:54+00:00","22 S&amp;P 500 RECORD HIGHS so far today, incl: Apple $AAPL Lam Research $LRCX Teradyne $TER UnitedHealth $UNH Quest Diagnostics $DGX $CME Group Procter &amp; Gamble $PG McDonald's $MCD O'Reilly Auto $ORLY Lowe's $LOW Lennar $LEN DR Horton $DHI $NVR Prologis $PLD Zoetis $ZTS etc @cnbc","NVR"
"2021-12-08 21:31:15+00:00","$NVR NVR Inc saw an increase of +3.90% today!","NVR"
"2021-12-09 04:03:15+00:00","üêµ‚è© BIG BOY/BIG DOG play üëâ $NVR üëâ 5,480.86 üëâ Triggered and goin' ‚òù. $AMC can you top that? üòÅ DIAMOND HAND$ APE$ trade. üêµüíµüåúüëä","NVR"
"2021-12-09 09:09:22+00:00","[NYSE] NewHigh-Count/Consumer Cyclical $TOL 5 $NVR 4 $LEN 3 $SKY 3 $CARS 2 $CSV 2 $DHI 2 $LOW 2 $MCD 2 $APRN 2 From:2021/12/02„Äú","NVR"
"2021-12-09 18:27:12+00:00","Homebuilder $NVR's capital-light business model is superior for long-term holders.  Their return on invested capital is a testament to their model.  But at these levels, all real estate is a technical trade to me.","NVR"
"2021-12-10 09:09:23+00:00","[NYSE] NewHigh-Count/Consumer Cyclical $NVR 5 $TOL 5 $LEN 4 $CSV 3 $DHI 3 $LEN-B 3 $LOW 3 $MCD 3 $TPH 3 $SKY 3 From:2021/12/03„Äú","NVR"
"2021-12-11 09:09:56+00:00","[NYSE] NewHigh-Count/Consumer Cyclical $LEN 5 $TOL 5 $DHI 4 $LOW 4 $MCD 4 $NVR 4 $CSV 3 $LEN-B 3 $TPH 3 $BVH 2 From:2021/12/06„Äú","NVR"
"2021-12-14 09:09:21+00:00","[NYSE] NewHigh-Count/Consumer Cyclical $DHI 5 $LEN 5 $LOW 5 $MCD 5 $TOL 5 $BVH 3 $CSV 3 $NVR 3 $TMHC 2 $CCS 2 From:2021/12/07„Äú","NVR"
"2021-12-16 15:09:21+00:00","Best performing large cap stocks in today's early trading BeiGene $BGNE Toast $TOST Accenture $ACN $BEKE Aurora $AUR Interactive Brokers $IBRK Aluminum $ACH Weibo $WB AT&amp;T $T Endeavor $EDR Confluent $CFLT Infosys $INFY Generac $GNRC Novartis $NVR Yandex $YNDX $ROKU $LYG $MNDY","NVR"
"2021-12-16 15:34:47+00:00","Best performing large cap stocks in today's early trading BeiGene $BGNE Toast $TOST Accenture $ACN $BEKE Aurora $AUR Interactive Brokers $IBRK Aluminum $ACH Weibo $WB AT&amp;T $T Endeavor $EDR Confluent $CFLT Infosys $INFY Generac $GNRC Novartis $NVR Yandex $YNDX $ROKU $LYG $MNDY","NVR"
"2021-12-20 13:04:14+00:00","Spending the week digging into businesses that have crushed the S&amp;P over the last 5 years but aren't talked about much. The 3 on my list: $POOL $NVR $ALGN Anyone found any interesting write-ups on these?","NVR"
"2021-12-29 21:31:01+00:00","$NVR NVR Inc saw an increase of +1.53% today!","NVR"
"2022-01-02 20:39:59+00:00","$ITB &amp; $XHB also show strength, and strong stocks in their holdings are - $BLDR $AOS $JCI $TPH $SHW  $NVR $TMHC $LOW $LEN $HD $BLD $MTH $MAS $DHI $TOL $TREX $SKY $PHM $MDC $TT $PHM $FBHS","NVR"
"2022-01-03 16:19:25+00:00","$NVR short. Daily double top. Not so macro so we'll see if this is just a short term correction on profit taking into the new year.","NVR"
"2022-01-03 21:04:16+00:00","Homebuilder's Revenue = units delivered x price (a) Units delivered will fare better in 2022 if the supply chain issues are resolved. Orders are up and the backlog has grown. (b) Home prices are surging $LEN $DHI $NVR","NVR"
"2022-01-04 13:32:47+00:00","It's JAN, 2022 $TSLA Why not? 1. Buy $SQ $MARA $GM $BKKT $AES $NVR $LEN $WTER 2. ICO a ""Tesla"" coin for Tesla Prime membership 3. Buy a Green Home Builder 4. Expand Solar / Energy / Water 5. Humanoid / AI / Rideshare/ SaaS 6. Launch Knight Rider mode 7. Launch TITS U","NVR"
"2022-01-06 21:35:00+00:00","18 more funds hold $NVR vs last Q! #nvr NVR INC","NVR"
"2022-01-07 14:33:24+00:00","$NVR +1.9% hanging off a cliff","NVR"
"2022-01-07 21:31:10+00:00","$NVR NVR Inc is falling fast! It's down -4.43% today!","NVR"
"2022-01-10 14:33:30+00:00","$NVR + 6.43% plenty others left","NVR"
"2022-01-12 16:19:28+00:00","$NVR they dumping on these buyers. hard. Holding short","NVR"
"2022-01-15 18:56:49+00:00","Gross profit margins in the residential home construction space (3 year average):  $NVR  NVR Inc 20%  $MTH Meritage Homes 19%  $CCS Century Communities 18%","NVR"
"2022-01-19 21:40:30+00:00","NVR initiated with a Sell at UBS $NVR","NVR"
"2022-01-19 21:43:47+00:00","NVR initiated with a Sell at UBS $NVR","NVR"
"2022-01-20 10:24:59+00:00","$NVR UBS analyst John Lovallo initiates coverage on NVR with a Sell rating and announces Price Target of $4825.","NVR"
"2022-01-20 12:22:37+00:00","$NVR: UBS starts at Sell","NVR"
"2022-01-20 19:23:13+00:00","$NVR +8.03% headed towards the edge of the next cliff.","NVR"
"2022-01-21 20:47:35+00:00","$NVR s +9.81% booked","NVR"
"2022-01-25 16:51:07+00:00","It's Jan 25, 2022, did $TSLA ? 1. Buy $SQ, $MARA, $GM, $BKKT, $AES, $NVR, $LEN, $DHI, $TOL 2. ICO a ""Tesla"" coin for Tesla Prime membership 3. Buy a Green Home Builder 4. Expand Solar / Energy / Water 5. Launch Humanoid JILLI_factory 6. Launch Knight Rider mode","NVR"
"2022-01-30 21:00:29+00:00","Upcoming earnings calls on Monday, January 31 2022: 1. $BABA Alibaba Group Holding Limited 2. $NXPI NXP Semiconductors N.V. 3. $SCCO Southern Copper Corporation 4. $OTIS Otis Worldwide Corporation 5. $ARE Alexandria Real Estate Equities 6. $NVR NVR, Inc.","NVR"
"2022-01-31 23:00:52+00:00","NVR Inc - $NVR üí∞ QUOTE $NVR was UP ‚¨Ü on Mon Jan 31 Closed at 5327.22 USD for a 2.31% gain from previous close üìà üìà üìà üìä ANALYSIS NVR Inc should be nationalized ‚ò≠ ‚ò≠ ‚ò≠","NVR"
"2022-02-01 21:00:01+00:00","$UPS ATH on beat, div raise $XOM soars on beat, div raise, $10B buyback $MDC 52wk low, $NVR red on misses, $PHM up on beat $T rolls on WarnerMedia spin, to pay $1.11/shr this yr in divs from $2.08 YoY $CRUS weak on cautious JuneQ outlook $SEAS reportedly made $3,4B bid for $FUN","NVR"
"2022-02-03 10:32:15+00:00","NVR upgraded to Neutral from Sell at UBS $NVR","NVR"
"2022-02-03 10:36:30+00:00","NVR upgraded to Neutral from Sell at UBS $NVR","NVR"
"2022-02-03 11:15:31+00:00","$NVR UBS analyst John Lovallo upgrades NVR from Sell to Neutral and raises the price target from $4825 to $5500.","NVR"
"2022-02-03 12:31:46+00:00","üéØ $NVR price target update üü¢ Upgraded by UBS Group From $4,825.00 to $5,500.00 Day quote/change: $5200 (0%) Target upside: 5.77% Published: Feb 03, 2022","NVR"
"2022-02-03 13:59:55+00:00","üéØ $NVR price target update üü¢ Upgraded by UBS Group From $4,825.00 to $5,500.00 Day quote/change: $5342.77 (0%) Target upside: 2.94% Published: Feb 03, 2022","NVR"
"2022-02-03 15:12:25+00:00","Street Wrap: Today's Top 15 Upgrades, Downgrades, Initiations $SEDG $PODD $DXCM $CHRW $NVR $GKOS $ALC $FB $GPS $CHD $VRTX $CEG $EXC $SWK $MCW $SGHT $FGI $FSLR","NVR"
"2022-02-03 15:14:48+00:00","Street Wrap: Today's Top 15 Upgrades, Downgrades, Initiations $SEDG $PODD $DXCM $CHRW $NVR $GKOS $ALC $FB $GPS $CHD $VRTX $CEG $EXC $SWK $MCW $SGHT $FGI $FSLR","NVR"
"2022-02-03 20:36:06+00:00","üéØ $NVR price target update üü¢ Upgraded by UBS Group From $4,825.00 to $5,500.00 Day quote/change: $5509.52 (0.34%) Target upside: -0.17% Published: Feb 03, 2022","NVR"
"2022-02-04 21:43:57+00:00","$AMZN repurchase: $1.3b / 500k shares / $2,600 per share Some of the greatest capital deployment stories have been companies profitably reinvesting cash flow while also cannibalizing the shares. $NVR $AZO $CHTR $DG What starts as a trickle can turn into a flood.","NVR"
"2022-02-04 22:40:45+00:00","Home builders dive on fears that rising bond yields will push up mortgage rates. But will higher rates trigger rush to buy? Fri.: $NVR -2.9% Hovnanian $HOV -2.9 DRHorton $DHI -4.7 Lennar $LEN -4.8 Toll $TOL -6.1 Beazer $BZH -6.2 KBHome $KBH -7.1 Pulte $PHM -7.8 S&amp;P 500 +0.5","NVR"
"2022-02-05 01:00:47+00:00","NVR Inc - $NVR üí∞ QUOTE $NVR was DOWN ‚¨á on Fri Feb 04 Closed at 5275.03 USD for a -3.98% loss from previous close üìâ üìâ üìâ üìä ANALYSIS NVR Inc should be nationalized ‚ò≠ ‚ò≠ ‚ò≠","NVR"
"2022-02-08 09:32:28+00:00","$NVR Keybanc analyst Kenneth Zener maintains NVR with a Overweight and raises the price target from $5450 to $5700.","NVR"
"2022-02-08 11:38:10+00:00","NVR price target raised to $5,700 from $5,450 at KeyBanc $NVR","NVR"
"2022-02-08 16:29:05+00:00","üéØ $NVR price target update üü¢ Target Raised by KeyCorp From $5,450.00 to $5,700.00 Day quote/change: $5304.41 (0.35%) Target upside: 7.46% Published: Feb 08, 2022","NVR"
"2022-02-24 03:23:49+00:00","$nvr looks interesting at 13x trailing fcf","NVR"
"2022-02-24 14:38:41+00:00","$NVR NVR, Inc.: Reference Price 5463.81, 1 Year Prediction 5180.66, Potential -5.0%, #NVR","NVR"
"2022-02-28 19:18:17+00:00","It's Feb 28, 2022, did $TSLA ? 1. Buy $SQ, $MARA, $GM, $BKKT, $AES, $NVR, $LEN, $DHI, $TOL 2. ICO a ""Tesla"" coin for Tesla Prime membership 3. Buy a Green Home Builder 4. Expand Solar / Energy / Water 5. Launch Humanoid JILLI_factory 6. Launch Knight Rider mode","NVR"
"2022-03-01 23:48:44+00:00","Been a while since I posted my top holdings: $LMT $CVS $FB $ATVI $BTI $GSK $BUD $SLB $BABA $ET $FISV $CHRW $PARA $DISCA $MAS $NVR","NVR"
"2022-03-09 13:37:24+00:00","DailyDown5 $EOLS $9.00 -6.64% -3.85% 7.40% 61.00% 54.82 $GOLD $23.92 -5.68% 3.33% 24.65% 31.57% 62.84 $NVR $4000.01 -13.95% -20.20% -24.17% -27.92% 22.85 $OTRK $1.96 -22.83% -26.32% -33.11% -68.49% 31.89 $OXY $51.28 -6.08% 6.02% 25.69% 72.95% 66.68","NVR"
"2022-03-09 14:07:16+00:00","DailyDown5 $CDE $4.66 -5.09% 6.88% 2.42% -11.07% 49.21 $EOLS $9.00 -6.64% -3.85% 7.40% 61.00% 54.82 $GOLD $23.91 -5.72% 3.28% 24.60% 31.52% 62.75 $NVR $4000.01 -13.95% -20.20% -24.17% -27.92% 22.85 $OTRK $1.99 -21.65% -25.19% -32.08% -68.01% 32.26","NVR"
"2022-03-10 17:25:35+00:00","üéØ $NVR price target update üî¥ Target Lowered by JPMorgan Chase &amp; Co. From $6,630.00 to $5,300.00 Day quote/change: $4787.51 (-0.4%) Target upside: 10.7% Published: March 10, 2022","NVR"
"2022-03-12 04:01:17+00:00","NVR Inc - $NVR üí∞ QUOTE $NVR was DOWN ‚¨á on Fri Mar 11 Closed at 4752.54 USD for a 0.00% loss from previous close üìâ üìâ üìâ üìä ANALYSIS NVR Inc should be nationalized ‚ò≠ ‚ò≠ ‚ò≠","NVR"
"2022-03-13 05:13:24+00:00","I'm not a financial advisor, I'm a twitter robot. And that's why you should pump and dump NVR $NVR #Advice","NVR"
"2022-03-15 19:21:08+00:00","$NVR is the best operator in its space, has a forward PE of 10 and a PEG ratio of 0.4. A lot of recession risk is already in the price.","NVR"
"2022-03-19 23:17:52+00:00","$NVR NVR, Inc.: Reference Price 5463.81, 1 Year Prediction 5180.66, Potential -5.0%, #NVR","NVR"
"2022-03-23 14:35:09+00:00","Average new home sales price rises above $500K for the first time ever $xhb $phm $hov $tol $dhi $nvr $len $mdc $kbh","NVR"
"2022-03-24 17:16:07+00:00","A realtor survey indicated that affordability issues are on the rise amid Americans spending 30% of their monthly budgets on rents on an average in February. $DHI $LEN $TOL $PHM $BLD $NVR $XHB $ITB $HOMZ $REZ $SPY $DIA $QQQ $TLT $IEF $TYX $TNX $MBB $REM $VNQ","NVR"
"2022-03-26 13:00:00+00:00","üë®‚Äçüíº CEO Changes for week March 19-26: $CNC CENTENE CORP $DRI DARDEN RESTAURANTS INC $NVR NVR INC $WTRG Essential Utilities, Inc. $LII LENNOX INTERNATIONAL INC $VST Vistra Corp. $JHG JANUS HENDERSON GROUP PLC $PSB PS BUSINESS PARKS, INC./MD","NVR"
"2022-03-26 16:45:24+00:00","Not a great time to he invested in homebuilding stocks. Looking at you $DHI, $LEN and $NVR. üè°","NVR"
"2022-03-27 17:26:30+00:00","US 30-year fixed mortgage rates rose +24bps to 4.95%, the largest 12-week jump since 1994.  Should cool housing prices and likely a headwind for homebuilders and related stocks. $HOMZ $XHB $ITB $DHI $LEN $NVR $HD $LOW","NVR"
"2022-03-28 18:01:03+00:00","Stocks that moved abnormally over the past hour: $QS : +9.5% today, +6.9% past hour $OKTA : +6.6% today, +3.6% past hour $NVR : -0.1% today, -0.7% past hour $VTRS : -3.7% today, -0.7% past hour $SHLS : -4.8% today, +3.5% past hour $AMLX : -30.8% today, -1.3% past hour","NVR"
"2022-03-31 18:30:05+00:00","Stocks moving abnormally over the past hour: $LAC [+7.5%]: +2.3% hr  3.4x av $LGO [+1.0%]: -1.9% hr  0.8x av $NVR [-2.1%]: -1.6% hr  2.9x av $MMYT [-1.1%]: -1.4% hr  0.4x av $KRTX [+4.5%]: +1.1% hr  1.2x av $CALM [+5.3%]: +0.8% hr  4.6x av (av): Average volume for time of day.","NVR"
"2022-03-31 21:17:59+00:00","Fresh surge in mortgage rates hammers housing-related stocks. Thurs. declines to 52-wk lows: Whirlpool $WHR -4.2% $NVR -4.4 Masco $MAS -4.4 FortuneBrands $FBHS -4.4 Hovnanian $HOV -4.7 Toll $TOL -4.9 Pulte $PHM -5.5 DRHorton $DHI -5.6 Floor&amp;Decor $FND-7.1 $TREX -7.4 S&amp;P500 -1.6","NVR"
"2022-04-01 08:56:21+00:00","$NVR has gone from $9 when they restructured in 1993 to over $4,700 today, and it has repurchased 78% of its shares over that stretch.","NVR"
"2022-04-01 21:56:22+00:00","Largest long positions at end of Q1: $LMT $FB $CVS $WHR $ATVI $BTI $SLB $BUD $BABA $CHRW $FISV $PARA $QSR $MAS $VNT $DISCA $NVR $GSK $TPB $ONEW","NVR"
"2022-04-02 16:00:18+00:00","NVR Inc - $NVR üí∞ QUOTE $NVR was DOWN ‚¨á on Fri Apr 01 Closed at 4531.41 USD for a 0.00% loss from previous close üìâ üìâ üìâ üìä ANALYSIS NVR Inc should be nationalized ‚ò≠ ‚ò≠ ‚ò≠","NVR"
"2022-04-06 19:45:20+00:00","Largest stocks that hit new 52 Week Lows at some point today Home Depot $HD Goldman Sachs $GS Citi $C Illinois Tool $ITW General Motors $GM $TEL Parker $PH DR Horton $DHI Lennar $LEN ROcket $RKT Expeditors $EXPD $NVR Domino's $DPZ Qorvo $QRVO Masco $MAS Bath &amp; Body Works $BBWI","NVR"
"2022-04-15 11:34:27+00:00","Anyone else think $NVR is getting close to being too cheap?  Understand all headwinds homebuldlers are facing btw","NVR"
"2022-04-19 02:06:15+00:00","$NVR is an all-time great, buying back 78% of its shares last 30 yrs Since 2005 (top of last housing mkt) NVR repurchased 51% of its shares But the big box housing suppliers did better: it's interesting that $HD repurchased 53% of its shares &amp; $LOW repurchased 57% since '05","NVR"
"2022-04-19 18:03:09+00:00","In recent weeks we have seen a perplexing amount of insider buying and stock buybacks in companies exposed to the housing sector including home builders like $KBH $PHM and $NVR and mortgage originators like $RKT $LDI and $PFSI 1/n","NVR"
"2022-04-23 19:04:42+00:00","What do these companies have in common? $FAST $BRO $XPEL $NVR $AZO $FSV $POOL $WSO $AAON They are arguably simple business models.  But they didn‚Äôt lose their focus, and simplicity scales.","NVR"
"2022-04-24 22:13:24+00:00","You won't believe what those millennial humans are up to now. That's why you need to buy and/or sell NVR $NVR #WallStreetBets","NVR"
"2022-04-26 16:29:27+00:00","Not a bad printout from $NVR, surprised to see them fade. Can't fight this broader tape down I suppose üôá‚Äç‚ôÇÔ∏è","NVR"
"2022-05-02 14:55:05+00:00","Started a trade in home builders. Thesis: 1) disconnect bt the stocks and fundamentals is as wide as I‚Äôve seen 2) We have a several mm deficit in homes 3) potential for a rally if mortgage rates peak and fed eases rhetoric 4) good balances sheets in the sector $dhi $lnr $nvr","NVR"
"2022-05-04 18:04:05+00:00","$NVR Announces Share Repurchase Authorization","NVR"
"2022-05-04 20:28:52+00:00","Homebuilders up most in a year after Powell backed off 75ps hike... $XHB up 3.3% $PHM up 5.2% $BZH up 6.3% $TOL up 5.3% $HOV up 4.5% $NVR up 5.7% $DHI up 5.4% $MDC up 5% $KBH up 5.9% $LGIH up 5.6%","NVR"
"2022-05-08 08:00:50+00:00","NVR Inc - $NVR üí∞ QUOTE $NVR was DOWN ‚¨á on Fri May 06 Closed at 4415.62 USD for a -0.68% loss from previous close üìâ üìâ üìâ üìä ANALYSIS NVR Inc should be nationalized ‚ò≠ ‚ò≠ ‚ò≠","NVR"
"2022-05-11 10:23:26+00:00","#Earnings 22Q1 $NVR (NVR) Sector=Consumer Discretionary ‚óèEPS=(YOY:‚≠ï)(Surprise:‚≠ï) „ÄÄ(21Q1/Est./Actual) „ÄÄ($63.21/$96.98/$116.56) ‚óèRevenue=(YOY:‚≠ï)(Surprise:‚≠ï) „ÄÄ(21Q1/Est./Actual) „ÄÄ($2,043M/$2,340M/$2,380M)","NVR"
"2022-05-15 18:26:38+00:00","$NVR NVR, Inc.: Reference Price 5463.81, 1 Year Prediction 5180.66, Potential -5.0%, #NVR","NVR"
"2022-05-18 21:36:23+00:00","DailyDown5 $NVR $4136.52 -5.31% 0.62% -4.26% -17.89% 40.86 $NVTA $3.48 -8.42% -3.06% -42.95% -67.81% 31.36 $NWL $20.59 -10.75% -5.51% -8.49% -15.58% 38.66 $NXPI $174.31 -6.10% 2.01% 0.61% -6.66% 47.93 $ODFL $236.45 -12.98% -12.69% -10.90% -20.02% 31.92","NVR"
"2022-05-20 20:32:37+00:00","The 10 highest quality stocks that I own - using ROIC/ROE as a measure of quality: $ANET $NWL.AX $FLGT $VEEV $NVR $SPGI $ASML $INMD $LRCX $MA It is a profitability ratio, calculated as follows: ROIC = net profit after tax / total invested capital.","NVR"
"2022-05-22 14:00:42+00:00","NVR Inc - $NVR üí∞ QUOTE $NVR was UP ‚¨Ü on Fri May 20 Closed at 4262.41 USD for a 2.57% gain from previous close üìà üìà üìà üìä ANALYSIS NVR Inc should be nationalized ‚ò≠ ‚ò≠ ‚ò≠","NVR"
"2022-05-22 15:14:40+00:00","$NVR NVR, Inc.: Reference Price 5463.81, 1 Year Prediction 5180.66, Potential -5.0%, #NVR","NVR"
"2022-05-24 09:00:30+00:00","NVR Inc - $NVR üí∞ QUOTE $NVR was DOWN ‚¨á on Mon May 23 Closed at 4211.33 USD for a -1.20% loss from previous close üìâ üìâ üìâ üìä ANALYSIS NVR Inc should be nationalized ‚ò≠ ‚ò≠ ‚ò≠","NVR"
"2022-05-24 09:02:54+00:00","Was browsing through homebuilders in GFC:  namely $NVR vs S&amp;P 500: 2007: -18% vs +5% 2008: -13% vs -37% 2009: +55% vs +26% üòè (and yes this is hindsight capital -- just was looking how they went through 2008 period basically)","NVR"
"2022-05-29 21:00:50+00:00","$NVR NVR, Inc.: Reference Price 5482.0, 3 Year Prediction 6201.17, Potential 13.0%, #NVR","NVR"
"2022-05-31 13:32:50+00:00","Stocks I think have a reasonable risk/return profile at current prices: $ASML $PUBM $GOOG $FB $SPGI $DPZ $MELI $1N8.F $ADBE $FLGT $EVVTY $WD $ADSK $NVR $NEM.DE $KNSL $LRCX","NVR"
"2022-06-07 20:16:58+00:00","Quality stocks NEVER look cheap by traditional metrics... BUT You CAN buy them at a discount... The stock market is giving you an OPPORTUNITY to invest in some of the best businesses in the world, on SALE! Research $GOOG $MELI $ASML $SPGI $ANET $DPZ $WD $NVR $ADBE","NVR"
"2022-06-09 14:24:06+00:00","Potentially doing a housing focused space after market close at 5pm today... interested? $XHB $PHM $TOL $NVR $DHI $BXMT $AGNC $BZH $DHI","NVR"
"2022-06-13 15:49:06+00:00","I think of narrowed down home builder stocks to two that interest me most: $NVR and $DFH.","NVR"
"2022-06-14 16:04:49+00:00","$NVR NVR, Inc.: Reference Price 5463.81, 1 Year Prediction 5180.66, Potential -5.0%, #NVR","NVR"
"2022-06-15 15:27:28+00:00","mortgage rates murdering the housing sector. Fed single handedly punishing housing with rate hikes too fast. $DFH $MDC $NVR $DHI $TOL $LEN $LGIH $PHM $HOV $BZH","NVR"
"2022-06-16 16:07:14+00:00","20220616 Lows:   $ADBE $ABNB $ADSK $EBAY $FISV $HEAR $NWL $QRVO $TREE $TRIP $DFS $EAF $ESNT $HOG $MSI $NVR $RH $SRG $TWLO $UBER $WHR $ZEN","NVR"
"2022-06-16 22:36:09+00:00","$COST $CMG $AZO $BKNG $NVR  Can only dream of a forward split. Yes, you can buy fractional shares. I‚Äôd rather buy full shares","NVR"
"2022-06-17 17:01:05+00:00","üìà üìâ Stocks moving unusually over the past hour:      $FTXN: -7.1% today, -1.1% past hour      $TRI: +2.5% today, +1.1% past hour      $NVR: +0.2% today, -0.8% past hour      $AMED: +5.7% today, +1.1% past hour      $BA: +2.9% today, +1.2% past hour","NVR"
"2022-06-17 17:44:09+00:00","Builders Slashing Prices to Unload Homes in Fast-Cooling US Markets:  In Austin, Texas, and Nashville, Tennessee the share of new-construction offerings w/ px cuts has quadrupled y/y, according to $RDFN. Tripled in Phoenix and doubled in Tampa FL  $XHB $LEN $PHM $DHI $TOL $NVR","NVR"
"2022-06-20 14:56:58+00:00","! FOR YOUR INFORMATION ! Here are the Top Homebuilders: 1) D.R. Horton Homes #DHI 2) Lennar Homes $LEN 3) NVR Homes $NVR 4) PulteGroup Inc (formerly Pulte Homes) $PHM What is your advice on how to get PulteGroup Inc back to #1, again?","NVR"
"2022-06-21 14:52:36+00:00","Existing home sales down 3.4% m/m, roughly in line with estimates of 3.7% ‚ÄúFurther sales declines should be expected in upcoming months given housing affordability challenges from sharp rise in mortgage rates,‚Äù Lawrence Yun, NAR‚Äôs chief economist. $PHM $LEN $XHB $DHI $NVR $TOL","NVR"
"2022-06-27 09:28:59+00:00","GOOD MORNING! S&amp;P 500 +0.5% Nasdaq-100 rose 0.74% STOXX Europe 600 +1% #BTC  steady above $21,000 WTI crude quite negative -0.3% Advancer $TSLA +2% $NVDA +1.5% Decliners $NVR -6% $HSY -3% Follow Usüîî $spy $iwm $qqq $spx #USA #news #stocks #StockMarket #mondaythoughts","NVR"
"2022-06-27 12:23:02+00:00","Upside:  $AFIB +102% $EVFM +73% $EPZM +65% $AXSM +40% $DXR +21% $VORB +12% $GROW +10% $CHWY +5% $JD +5% $RRC +3% Downside:  $NUVB -18% $SIGA -9% $DWAC -9% $CMRX -8% $NVR -7% $COIN -5% $SAVE -5% $ALTR -3% $EAR -3%","NVR"
"2022-06-29 20:49:36+00:00","$NVR NVR, Inc.: Reference Price 5463.81, 1 Year Prediction 5180.66, Potential -5.0%, #NVR","NVR"
"2022-07-01 14:01:05+00:00","üìà üìâ Stocks moving unusually over the past hour:      $NAPA: -4.3% today, -3.7% past hour      $NVR: +2.3% today, +4.1% past hour      $CLDX: -14.4% today, -7.8% past hour      $ESTA: +4.1% today, +4.2% past hour      $SHOP: +3.5% today, +3.6% past hour","NVR"
"2022-07-01 14:56:01+00:00","Best performing large cap stocks in today's early trading Coupang $CPNG Roblox $RBLX DoorDash $DASH $BZ Lennar $LEN DR Horton $DHI Atlassian $TEAM Chewy $CHWY Rocket $RKT American $AWK Moderna $MRNA $OKTA $NU Square $SQ $NVR $SBAC NextEra $NEE Generac $GNRC Bilibili $BILI $SPLK","NVR"
"2022-07-01 21:30:47+00:00","$NVR NVR Inc is shooting through the roof with a +4.11% increase today!","NVR"
"2022-07-05 21:30:51+00:00","$NVR NVR Inc is shooting through the roof with a +4.80% increase today!","NVR"
"2022-07-12 13:46:05+00:00","$NVR ripping I am finally positive return. TBH I have zero problem holding it through all the chop from $4178 avg cost basis. I got wrecked  (-20%+) on initial buy but doubled down. I am expecting similar stories for most of my holdings over the next year. #PAytience","NVR"
"2022-07-12 19:39:52+00:00","$XHB red tap $FND $LEN $NVR $CARR $JCI $HD $DHI $LOW $FBHS $ALLE","NVR"
"2022-07-16 13:04:48+00:00","$NVR NVR, Inc.: Reference Price 5482.0, 3 Year Prediction 6201.17, Potential 13.0%, #NVR","NVR"
"2022-07-17 16:13:24+00:00","Buy! Sell! No buy! On second thought, sell! Actually just consider selling NVR $NVR #NotRealInvestingAdvice","NVR"
"2022-07-18 17:07:43+00:00","Largest tickers in my portfolio just to give an idea of my shitcos and what I follow: $atvi, $ba, $sony, $bkng, $crox, $ely, $wbd, $fl, $kind, $nvr, $penn, $posh, $qrtea, $rsfn, $z, $tsn, $tast, $mo, $vcsa. $swbi. Anywhere from 2% to 15%.","NVR"
"2022-07-19 00:34:26+00:00","$NVR is the second highest priced stock in the United States at $4,363.97/share as of today's close. $SEB, a business that I'd never heard of until ten minutes ago, is the third highest priced stock in the United States at $3,822.99/share as of today's close.","NVR"
"2022-07-19 06:26:56+00:00","Who has a good write-up of $NVR I'm in the mood to read.","NVR"
"2022-07-19 19:15:37+00:00","Lowered my $NVR, $RDFN, $Z holdings in half. At about flat on this overall. Freeing up cash here because I still think we get more scares in housing over next 6 months than other sectors. Would re-add at the right price (10-20% lower).","NVR"
"2022-07-20 14:36:44+00:00","For the 5th month in a row existing home sales have fallen. July will more than likely be the 6th month. Another sign the housing market has shifted into a lower gear due to the effect of higher mortgage rates and rising prices. $RDFN $OPEN $Z $NVR $RKT","NVR"
"2022-07-21 11:03:26+00:00","1/ D.R. Horton $DHI missed on quarterly orders &amp; reduced its expectations for home deliveries in its full fiscal year as the US housing slowdown begins to hit builders -Purchase contracts fell 7% from a year earlier to 16,693 -DHI focuses on entry-level buyers $XHB $PHM $TOL $NVR","NVR"
"2022-07-25 21:31:04+00:00","$NVR NVR Inc is falling fast! It's down -1.93% today!","NVR"
"2022-07-26 14:30:08+00:00","U.S. new home sales fell -8.1% to a 590k pace in June  $KBH  $DHI, $LEN, $NVR, $PHM, $TOL, $MTH, $MDC, $CVCO","NVR"
"2022-07-27 14:37:45+00:00","Can't wait to load up on $NVR, $HD, $LOW, $SHW, $rdfn over the next year. I just know I'll get some good long term buys as housing softens overall.","NVR"
"2022-08-02 18:10:31+00:00","Few names I am watching to add to if we have a sell-off are $T (of course lol), $NVR (still worried about housing next 12 months), $PBR (sell $BTU probs) $ALL and $RNR (insurance)","NVR"
"2022-08-03 17:23:31+00:00","$NVR NVR, INC. ANNOUNCES SHARE REPURCHASE AUTHORIZATION Stock News Alerts In Bio","NVR"
"2022-08-03 17:29:20+00:00","$NVR - NVR Announces Share Buyback Program Of $500M In Common Stock","NVR"
"2022-08-03 18:41:32+00:00","$NVR: Board of Directors has authorized the repurchase of $500 million of its outstanding common stock","NVR"
"2022-08-03 19:28:45+00:00","$NVR NVR, Inc.: Reference Price 5463.81, 1 Year Prediction 5180.66, Potential -5.0%, #NVR","NVR"
"2022-08-04 01:00:33+00:00","NVR Inc - $NVR üí∞ QUOTE $NVR was UP ‚¨Ü on Wed Aug 03 Closed at 4279.62 USD for a 0.77% gain from previous close üìà üìà üìà üìä ANALYSIS NVR Inc should be nationalized ‚ò≠ ‚ò≠ ‚ò≠","NVR"
"2022-08-04 17:20:27+00:00","LONG: The top three companies in Consumer Cyclical most likely to appreciate in price over the next 90 days, according to our Prediction Index: $NVR -&gt; Prediction Index score of 92 $KAR -&gt; Prediction Index score of 92 $DORM -&gt; Prediction Index score of 91 #markets","NVR"
"2022-08-07 21:45:31+00:00","Top 10 performing stocks in the last 30 years: 1. $MNST + 260,061% 2. $AMZN + 199,332% 3. $POOL +69,752% 4. $NVDA +67,231% 5. $NVR +52,515% 6. $JCI +50,728% 7. $MO +46,463% 8. $NFLX +39,581% 9. $APPL +36,830% 10. $MCHP +36,686% Yes, monster energy drink. Psyop's gonna psyop.","NVR"
"2022-08-10 15:38:27+00:00","DailyUp5 $NET $77.45 8.13% 32.71% 52.79% -0.46% 74.44 $NOVA $29.18 6.65% 15.38% 46.34% 53.82% 72.59 $NOW $514.09 5.46% 9.04% 4.83% 9.54% 64.66 $NRDS $10.26 5.66% 15.54% 17.26% 5.77% 63.60 $NVR $4410.00 5.17% 3.05% 0.85% -0.81% 54.11 $NVTA $3.52 53.70% 76.87% 30.36% -33.46% 67.44","NVR"
"2022-08-11 18:50:23+00:00","picked up some $NVR for the core portfolio. Second largest position. Like management, small share float and share buy back.","NVR"
"2022-08-12 17:42:36+00:00","One of the Best Hedge Funds just bought these:  Ensemble Capital Management $nke $prm $spy And Added: $googl $sphw $frc $br $bkng $nflx $nvr $now Do you own any of these? #investing #dividends","NVR"
"2022-08-15 13:47:29+00:00","Best performing large cap stocks at today's open Getty $GETY Sea Limited $SE Gilead $GILD BioNTech $BNTX $POOL Clorox $CLX Tesla $TSLA Ryanair $RYAAY AstraZeneca $AZN $TECH Moderna $MRNA Dexcom $DXCCM $NVR Illumina $ILMN ZoomInfo $ZI Equity $ELS Idexx $IDXX DocuSign $DOCU $ULTA","NVR"
"2022-08-15 13:48:03+00:00","Best performing large cap stocks at today's open Getty $GETY Sea Limited $SE Gilead $GILD BioNTech $BNTX $POOL Clorox $CLX Tesla $TSLA Ryanair $RYAAY AstraZeneca $AZN $TECH Moderna $MRNA Dexcom $DXCCM $NVR Illumina $ILMN ZoomInfo $ZI Equity $ELS Idexx $IDXX DocuSign $DOCU $ULTA","NVR"
"2022-08-15 19:01:28+00:00","NVR Inc - $NVR üí∞ QUOTE $NVR is DOWN ‚¨á on Mon Aug 15 Currently at 4403.28 USD for a -1.15% loss from previous close üìâ üìâ üìâ üìä ANALYSIS NVR Inc should be nationalized ‚ò≠ ‚ò≠ ‚ò≠","NVR"
"2022-08-17 11:58:28+00:00","Stocks with positive macd crossover 1. $INTC 2. $V 3. $BRFS 4. $TTWO 5. $EMR 6. $MTCH 7. $FDX 8. $EA 9. $DG 10. $MCD 11. $STZ 12. $SMG 13. $NVR *This is not a trading advice*","NVR"
"2022-08-19 21:31:05+00:00","$NVR NVR Inc is falling fast! It's down -3.76% today!","NVR"
"2022-08-23 14:34:53+00:00","New home sales are down 29.6% on an annual basis. #housing #HousingCrisis  $KBH $NVR $LEN $XRE $DHI $LOW $WHR $MHK","NVR"
"2022-08-23 18:25:16+00:00","#Stocks split in #2022 $AMZN 20:1 $GOOGL 20:1 $SHOP 10:1 $TSLA 3:1 Next could be $BKNG $AZO $NVR $CMG $MTD ü§î #StocksToWatch #DowJones #Nasdaq $SPY $QQQ","NVR"
"2022-08-29 18:29:02+00:00","New US home sales keep plunging as inventory surges to highest level since 2009 $zg $len $rdfn $eqr $phm $cvco $tph $nvr $hov","NVR"
"2022-08-31 19:01:42+00:00","NVR Inc - $NVR üí∞ QUOTE $NVR is DOWN ‚¨á on Wed Aug 31 Currently at 4146.55 USD for a -0.24% loss from previous close üìâ üìâ üìâ üìä ANALYSIS NVR Inc should be nationalized ‚ò≠ ‚ò≠ ‚ò≠","NVR"
"2022-09-01 00:28:53+00:00","$NVR 15 year average ROE (includes GFC!): 26% 10 year average P/E: 16x gives you roughly a $12.5bn valuation compared to current EV (net cash position) of $13.2bn I think that is a very conservative valuation","NVR"
"2022-09-01 15:18:48+00:00","Running list of interesting value opps I've come across--feel free to add!  $CE $MKL $BAC $NVR $CNQ $SNX $CNXC $WD","NVR"
"2022-09-16 21:31:01+00:00","$NVR NVR Inc saw an increase of +1.95% today!","NVR"
"2022-09-18 03:43:44+00:00","Short Selling $MELI $VAL $ARTNA $PBW $CWT $NVR $MSCI $BIO Short Monitoring $ORLY $FDS $DESK $LULU $IT $COST Long $AZO $TPL $UNH $NOC $MDK $LLY $ELV","NVR"
"2022-09-19 09:00:49+00:00","19-09-2022(Monday) Short Selling $MELI $VAL $ARTNA $PBW $CWT $NVR $MSCI $BIO Short Selling Watch List $ORLY $FDS $DESK $LULU $IT $COST Long $AZO $TPL $UNH $NOC $MDK $LLY $ELV $MAXN","NVR"
"2022-09-21 19:00:55+00:00","NVR Inc - $NVR üí∞ QUOTE $NVR is UP ‚¨Ü on Wed Sep 21 Currently at 4149.79 USD for a 1.60% gain from previous close üìà üìà üìà üìä ANALYSIS NVR Inc should be nationalized ‚ò≠ ‚ò≠ ‚ò≠","NVR"
"2022-09-23 20:46:24+00:00","Home Builders got whacked in the first 3 months of the year, but have since then outperformed the market. Underperforming the market YTD. Probably market is telling us that damage to mortgage rates has been done, incremental news will matter little.  $DHI, $NVR, $LEN","NVR"
"2022-09-23 21:31:04+00:00","$NVR NVR Inc saw an increase of +1.20% today!","NVR"
"2022-09-29 01:47:01+00:00","Any good research out there on $NVR? No conference calls or annual letters make it a tough cookie to read up on","NVR"
"2022-09-29 13:43:58+00:00","#US: Stocks on the move Declines üîª Auto $KMX -18.1% Auto $GM -5.5% Auto $F -5.3%  Advances ‚ñ≤ Construction $NVR +4.6% Health $MRK +0.4% Tech $CTXS +0.2% #StockMarket #NASDAQ #SP500 #DowJones #USA #Markets","NVR"
"2022-09-30 10:31:21+00:00","$nvr Don‚Äôt miss out on the rest of the week..","NVR"
"2022-09-30 15:26:42+00:00","Interesting thoughts from Bill Miller IV (@MillerValue) on why US housing market may be more resilient than it looks. Somehow I still feel there is more downside, watching $NVR but have not bought yet. 6 Key reasons as per Bill üëá 1/7","NVR"
"2022-10-01 02:00:34+00:00","NVR Inc - $NVR üí∞ QUOTE $NVR was DOWN ‚¨á on Fri Sep 30 Closed at 3987.08 USD for a -0.00% loss from previous close üìâ üìâ üìâ üìä ANALYSIS NVR Inc should be nationalized ‚ò≠ ‚ò≠ ‚ò≠","NVR"
"2022-10-05 18:48:49+00:00","Filling out my Mt. Rushmore of share repurchasers, I have: 1. $AZO  2. $NVR  3. $SWMA (RIP) Who should be 4th?","NVR"
"2022-10-09 01:55:45+00:00","Of my core 34 holdings, 11 meet my 10/10/10 filter: ‚úÖ ROIC &amp; ROE both &gt; 10% ‚úÖ FCF &amp; profit margin both &gt; 10% ‚úÖ Sales growth &gt; 10% They are: $TPL $NVR $ASML $ADBE $GOOGL $NVDA $KNSL $ABNB $VEEV $ZM $ETSY I love adding to this list when times get tough.","NVR"
"2022-10-12 21:30:58+00:00","$NVR NVR Inc is falling fast! It's down -3.80% today!","NVR"
"2022-10-15 21:01:38+00:00","NVR Inc - $NVR üí∞ QUOTE $NVR was DOWN ‚¨á on Fri Oct 14 Closed at 3945.82 USD for a -2.26% loss from previous close üìâ üìâ üìâ üìä ANALYSIS NVR Inc should be nationalized ‚ò≠ ‚ò≠ ‚ò≠","NVR"
"2022-10-18 13:07:38+00:00","+Initiations 10/18: $ABT $BAX $BBLG $BNTC $BSX $BSY $ESQ $EW $EXEL $GMED $ISRG $JNJ $KROS $NUVA $NVR $PROK $PTIC $SYK $TNDM  . -Initiations 10/18: $CLX $ZBH","NVR"
"2022-10-19 11:55:54+00:00","If you‚Äôre long homebuilders here, you may want to run 10% price drops against their spec inventory, 30% drops on their land, and a 40-50% decline in unit sales in 2023 if mortgage rates stay above 6.5% Hint: it‚Äôs shaping up to be an absolute bloodbath $DHI $LEN $KBH $NVR","NVR"
"2022-10-19 12:39:49+00:00","$NVR Really is going to simply repurchase the entire company, huh...","NVR"
"2022-10-19 13:04:36+00:00","Valuing homebuilders on book value or ‚Äúwhat if they simply convert all their backlog/inventory to cash‚Äù works about as well as sum of the parts and NAV thesis on illiquid asset pools.  Yeah, good luck with that.  $DHI $NVR $KBH $LEN","NVR"
"2022-10-20 13:52:56+00:00","#NASDAQ Earnings Reports: $KEY (KeyCorp) $DGX (Quest Diagnostics Incorporated) $NVR (NVR, Inc.) $KB (KB Financial Group Inc.) $POOL (Pool Corporation) $SNA (Snap-On Incorporated) $WSO.B (Watsco, Inc.) $EWBC (East West Bancorp, Inc.) $WSO (Watsco, Inc.)","NVR"
"2022-10-20 17:58:25+00:00","$NVR looking so damn good","NVR"
"2022-10-21 02:36:42+00:00","Totally confused by $nvr right now. Inventory rising and rates going HAM. Homebuilders expected to have trouble. However, they are buying back stock hand over fist. In 6 months 3.447m to 3.283m. More buybacks authorized recently too.","NVR"
"2022-10-24 20:34:27+00:00","Need to catch some zzzs tonight and rest up! Earnings in the morning from $GM $VLO $UPS $ADM $GE $RTX $NVS $KO $MMM $UBS $SAP $SHW $HAL $KMB $PHM $GLW $SYF $NVR $JBLU $BIIB $XRX $MCO and many more. Then there's $GOOGL $MSFT $V $CB $TXN $SPOT $CMG $MAT after the close. Whew!","NVR"
"2022-10-25 13:01:28+00:00","$NVR NVR, INC. ANNOUNCES THIRD QUARTER RESULTS Stock News Alerts In Bio","NVR"
"2022-10-25 13:07:51+00:00","$NVR NVR, INC. ANNOUNCES THIRD QUARTER RESULTS","NVR"
"2022-10-25 17:36:25+00:00","$NVR share count down 8.6% year over year in 3Q22, accelerating from an 8.2% decline last quarter.  #FTW (fun to watch)","NVR"
"2022-10-26 12:01:28+00:00","3. $NVR    C: 4.278,07 $   V: 20.400 Atr: 148,82 $ BB: ‚Üë    Obv: ‚Üë   Rsi &gt;= 50 WaveTrendCrossOver: ‚Üë Macd Crossover: + Macd: ‚Üë EmaTrend: ‚Üë Stop Loss: 4.054,84 Limit Order: 4.724,54 *This is not a trading advice*","NVR"
"2022-10-26 13:40:00+00:00","üëÄ  $MAS $NVR $TREX   Like üòé üôè #Stocks #options #StocksToBuy #investing #bottomfishing #YOLO #StocksToWatch #daytrading #investments #ToTheMoon #trading #FOMO #news #RedditArmy","NVR"
"2022-10-26 19:49:16+00:00","#EARNINGS üí∞Oct25Tue‚Ä¢R15‚ö°$5T $GOOG!' $MSFT' $TXN' $V' $RTX $GE $GM $UPS $KO $HSBC. $MMM $NVS. $SAP. $UBS. $CMG' $ITW $CNI' $CB' $VLO $MCO $ADM $ENPH' $MSCI $Hal $Pcar $Amp' $Shw $Glw $Vcisy. $Cnc $Biib $Kmb $Spot' $Jnpr' $Ffiv' $Nvr $Phm $Ivz $Csgp $Ix $Syf $Hubb $Ter $Clf $Tru","NVR"
"2022-10-26 23:03:22+00:00","'New orders in the third quarter of 2022 decreased by 15%  / The average sales price of new orders in the third quarter of 2022 was $453,400, an increase of 3% / The cancellation rate in the third quarter of 2022 was 15% compared to 9% in the third quarter of 2021' $NVR","NVR"
"2022-11-03 18:35:40+00:00","Through 2022-10-28, these are the 3 largest individual insider sales in the Consumer Discretionary Sector:      $NVR, $9,826,439 by Malzahn Daniel David, 2022-10-27 $WISH, $3,686,105 by Szulczewski Piotr, 2022-10-26 $AZO, $3,675,000 by Saltiel Albert, 2022-10-27","NVR"
"2022-11-07 11:35:40+00:00","These 4 corporate insiders from the Consumer Discretionary Sector sold the most stock for the week ending 2022-10-28:      Malzahn Daniel David | $NVR ($9,826,439) Szulczewski Piotr | $WISH ($3,686,105) Saltiel Albert | $AZO ($3,675,000) Baglino Andrew D | $TSLA ($2,414,475)","NVR"
"2022-11-09 17:35:40+00:00","Through 2022-11-04, these are the 3 largest individual insider sales in the Consumer Discretionary Sector:      $ORLY, $5,723,012 by Mcfall Thomas, 2022-11-01 $SCI, $5,160,208 by Ryan Thomas L, 2022-11-03 $NVR, $4,955,617 by Malzahn Daniel David, 2022-11-01","NVR"
"2022-11-09 20:41:46+00:00","If you owned $NVR who plows their cashflow into buybacks would you rather shares stay the same price over the next 10 years?","NVR"
"2022-11-10 15:28:18+00:00","Anyone know's why $nvr in the past 3 decades did better than their competitors like $len &amp; $dhi. There isn't a veru big moat in this industry, so $NVR didn't find some secret formula that can't be copied. So is $nvr a real succes or something is wrong??","NVR"
"2022-11-11 04:00:51+00:00","NVR Inc - $NVR üí∞ QUOTE $NVR was UP ‚¨Ü on Thu Nov 10 Closed at 4529.73 USD for a 11.24% gain from previous close üìà üìà üìà üìä ANALYSIS NVR Inc should be nationalized ‚ò≠ ‚ò≠ ‚ò≠","NVR"
"2022-11-11 12:01:45+00:00","12. $NVR    C: 4.529,73 $   V: 34.600 Atr: 166,90 $ BB: ‚Üë    Obv: ‚Üë   Rsi &gt;= 50 Macd Crossover: + Ichimoku: + Macd: ‚Üë EmaTrend: ‚Üë Stop Loss: 4.279,38 Limit Order: 5.030,43 *This is not a trading advice*","NVR"
"2022-11-12 19:04:37+00:00","$SWBI is going to be the next $NVR mark my words.","NVR"
"2022-11-15 15:14:21+00:00","Fintwit quietly ignoring @NorbertLou adding to his $SWBI position in Q3.  This rhymes with his 2001 $NVR thesis.  The business is structurally less capital intensive due to spinning off $AOUT in 2020 and outsourcing ~80% of its manufacturing to 3rd parties.","NVR"
"2022-11-16 01:04:02+00:00","NVR, Inc. traded 28% above average volume, $NVR closed up 3.59%","NVR"
"2022-11-20 21:35:40+00:00","These 4 corporate insiders from the Household Durables Industry sold the most stock for the week ending 2022-11-11:      Mandarich David D | $MDC ($35,102,085) Malzahn Daniel David | $NVR ($8,834,003) Hodgson Curtis Drew | $LEGH ($255,366) Odom Aron M. | $DHI ($108,731)","NVR"
"2022-11-21 17:36:10+00:00","'Pending Home Sales Post Record Drop In October As Deal Cancellations, Price Cuts Hit Record High' - Redfin $BZH $CCS $DHI $JOE $KBH $MDC $MHO $MTH $NVR $OPEN $PHM $RDFN $TMHC $TOL $Z $ZG","NVR"
"2022-11-23 15:29:39+00:00","$DHI $LEN $NVR $TOLL $PHM among other home builder‚Äôs rallying this morning after new home sales beat expectations by as much as 10.8% $NAIL #Stocks","NVR"
"2022-11-25 20:00:40+00:00","These 4 corporate insiders from the Household Durables Industry sold the most stock for the week ending 2022-11-18:      Ross Susan Williamson | $NVR ($1,121,945) Hodgson Curtis Drew | $LEGH ($252,693) Townsend Adam R. | $VZIO ($220,465) Olsen Donald B. | $CRCT ($143,700)","NVR"
"2022-11-26 19:43:19+00:00","$NVR NVR, Inc.: Reference Price 5463.81, 1 Year Prediction 5180.66, Potential -5.0%, #NVR","NVR"
"2022-11-30 22:03:36+00:00","Home building might be about to fall off a cliff, but I think $NVR would be nice as a $BRK.A subsidiary. Best in class home builder(from a financial perspective) that spits off a mountain of cash. Capital light business that trades for less than 10x TTM FCF. Only $14B market cap.","NVR"
"2022-12-01 16:56:15+00:00","I am pretty sure $nvr bought like 10% of their float over the sell-off. I think it's overvalued here but funny to see it going HAM since shorts got trapped.","NVR"
"2022-12-01 19:01:13+00:00","Has any stock been as impressive as $NVR over the decades? Not sure anyone else has milked more from US housing market than they have.","NVR"
"2022-12-02 15:55:33+00:00","$NVR capital allocation should be taught in schools. #bargains #stocks #investing","NVR"
"2022-12-05 16:38:29+00:00","Favorite short squeeze plays - $URI $AME $NVR $EXPD $ABC $PCAR $HON $GPC $ITW $DHI $GPS $OKE $MET $CAT $ADP $MRK $APD $HBAN $IDXX $JPM $GE","NVR"
"2022-12-06 00:42:07+00:00","The bullish signal for spy ETF constituents was detected by my proprietary algorithmic system for companies in SP500. #spy $BBWI $BLK $INCY $LW $NVR $ULTA $YUM","NVR"
"2022-12-07 21:31:08+00:00","$NVR NVR Inc saw an increase of +2.72% today!","NVR"
"2022-12-09 23:54:30+00:00","Overheard someone (non-exec) who works at a public homebuilder say they are going to quit by year end and go into teaching K-12... Which homebuilder do you think it was and why? $xhb $tol $phm $dhi $bzh $lgih $nvr $mdc $len $mho","NVR"
"2022-12-15 17:21:04+00:00","Relative strength in homebuilders today is interesting $LEN $DHI $NVR @BehavioralMacro","NVR"
"2022-12-15 17:55:32+00:00","Homebuilder stocks are really picking up momentum. Notably: ‚Ä¢ Lennar $LEN ‚Ä¢ D.R. Horton $DHI ‚Ä¢ Toll Brothers $TOL ‚Ä¢ NVR Inc. $NVR They've drastically reduced YTD losses since bottoming in June and have been forming higher highs &amp; higher lows since then.","NVR"
"2022-12-15 21:31:02+00:00","$NVR NVR Inc saw an increase of +2.02% today!","NVR"
"2022-12-16 12:03:54+00:00","10. $NVR    C: 4.842,32 $   V: 28.400 Atr: 144,23 $ BB: ‚Üë    Obv: ‚Üë   Rsi &gt;= 50 Ichimoku: + Macd: ‚Üë EmaTrend: ‚Üë Stop Loss: 4.625,97 Limit Order: 5.275,02 *This is not a trading advice*","NVR"
"2022-12-22 02:45:00+00:00","Stocks that are recession - proof: Expeditors Intl of Wash $EXPD Homebuilder NVR $NVR O'Reilly Automotive $ORLY #stockstobuy","NVR"
"2022-12-23 21:31:00+00:00","$NVR NVR Inc is falling fast! It's down -0.64% today!","NVR"
"2022-12-24 22:39:50+00:00","$NVR NVR, Inc.: Reference Price 5482.0, 3 Year Prediction 6201.17, Potential 13.0%, #NVR","NVR"
"2022-12-26 21:30:53+00:00","$NVR NVR Inc is falling fast! It's down -0.64% today!","NVR"
"2023-01-03 11:37:41+00:00","Bofa Top 10 Ideas Q1 23  US Buys $GTLS $DPZ $EMR $GS $HUM $NVR $PG $SWN $TPR and a sole UP $WHR","NVR"
"2023-01-03 12:05:08+00:00","üèÜ BOFA TOP IDEAS FOR Q1: $EMR $WHR $GS $DPZ $GTLS $HUM $PG $SWN $NVR $TPT","NVR"
"2023-01-04 17:38:39+00:00","BoA's Top 10 L/S Ideas w/PT for 1Q23:¬† $GTLS 190¬† $DPZ 448¬† $EMR 120¬† $GS 384¬† $HUM 640¬† $NVR 4900¬† $PG 170¬† $SWN 15 $TPR 45 Short $WHR 119","NVR"
"2023-01-13 16:46:42+00:00","Looking at rates &amp; inflation, this was an interesting call from BofA - ""recently upgraded several #homebuilders due to a continued decline in #mortgagerates &amp; lower #lumber costs which should boost margins by 200-300bps. Looser labor markets help too. $NVR is his top pick.","NVR"
"2023-01-29 05:29:30+00:00","It is not rocket science. Interest rate goes up, real estate slows down. homebuilders are now offering biggest ever price cut and huge incentives.  But homebuilder stocks are reaching all-time high. I have no idea what people are chasing homebuilders stocks $DHI, $LEN, $NVR, $PHM","NVR"
"2023-01-31 04:11:58+00:00","Here are a few quality companies I have held over 8 years that still have room to run, imo: $NVR: home builder able to secure capital light lot option contracts.   $TTC: Toro, you can count on it! $TJX: original ‚Äòtreasure hunt‚Äò retailer $TSCO: also sells a ton of dog food","NVR"
"2023-01-31 14:29:44+00:00","$NVR has some trouble ahead with homebuilding slowing down, but what a great company. Great execution.","NVR"
"2023-01-31 15:41:31+00:00","$XHB laughing at yesterday's candle after $NVR ER. $LOW $HD $LEN $DHI etc. doing the same.","NVR"
"2023-01-31 16:08:12+00:00","home builder bears sure are quiet today. $PHM $NVR $TOL","NVR"
"2023-01-31 17:11:00+00:00","Approaching halfway point &amp; markets in overdrive.  Advancers over decliners 4-1 small caps over large, growth over value &amp; high beta over low volatility.  Leaders $XLY - $GM $PHM $NVR $XLB - $IP $WRK $ALB  $XLRE - $EXR $DLR  #stockstowatch","NVR"
"2023-01-31 21:46:28+00:00","Home builders‚Äô shares rocketed after PulteGroup said falling mortgage rates boosted Q4 demand. Among the day‚Äôs big winners:   Pulte $PHM +9.4% Hovnanian $HOV +7.4 LGI $LGIH +5.4 $NVR +5.0 KB Home $KBH +4.6 DR Horton $DHI +4.1 Meritage $MTH +4.1 Lennar $LEN +3.2 S&amp;P 500 +1.5%","NVR"
"2023-01-31 23:04:00+00:00","There are 40 companies in the S&amp;P 500 &amp; NASDAQ 100 that that are Overbought based on RSI today: $ALGN, $APTV, $AXP, $BEN, $BK, $BKNG, $BWA, $C, $COF, $CRM, $DIS, $DLR, $FLT, $FRC, $IP, $LEN, $LVS, $LYB, $MAR, $MKTX, $MTCH, $NUE, $NVR, $PARA, $PHM, $PNR, $POOL, $STLD, $STT, $STX,","NVR"
"2023-01-31 23:57:38+00:00","Today 69 longs -Industrials (20) $CIR $CHRW $DXPE $TRNS $HNI $ABM $SPXC $UPS $LII $AOS $BDC $DCI $DOV $JCI $PNR $SWK $ROCK $FELE $GMS $ENS -Consumer Cyclical (15) $WHR $HVT $COLM $BC $THRM $RUSHA $PII $NVR $GM $ATR $PHM $WINA $CVGI $NDLS $LEG -Financial (10) $DHIL $HTLF $FNB $...","NVR"
"2023-02-04 12:01:58+00:00","Some quality companies (ROIC &gt; 20%) for your watchlist serving SF home real estate: -builders $NVR, $LGIH -furnishings $WSM -water heaters $AOS -HVAC $WSO -pools $POOL -decks $TREX -remodeling $HD, $LOW -pests $ROL -plumbing $CHE -landscaping $TTC","NVR"
"2023-02-06 16:12:13+00:00","$NVR NVR, Inc.: Reference Price 5463.81, 1 Year Prediction 5180.66, Potential -5.0%, #NVR","NVR"
"2023-02-06 19:34:43+00:00","$QNT $OCEAN and $NVR are my plays for 2023. ü§ùüí∞","NVR"
"2023-02-07 18:47:33+00:00","BoFA‚Äôs Top 10 Value Stocks üëá $AMP ~ Ameriprise Financial  $CF ~ CF Industries  $EXC ~ Excelon $NUE ~ Nucor $NVR ~ NVR $PFG ~ Principal Financial Group $TMUS ~ T-mobile $URI ~ United Rentals $WBD ~ Warner Bros. Discovery $WDC ~ Western Digital Do you own any of these?","NVR"
"2023-02-09 14:51:07+00:00","$NVR NVR INC, FESTA ALFRED E,  purchased shares valued at 1750752 USD, date 2023-02-08, posted 2023-02-09T09:50:40 üöÄ","NVR"
"2023-02-09 15:26:45+00:00","Top Losers $REVB $APPH $MTRX $VERU $APPS $VWE New Low $TIVC $REVB $BAX $CRGO Oversold $ASTI $CISO Most Volatile $HPCO $REVB Most Active $GMBL $XELA Downgrades $ACCD Earnings After $ACB Insider Selling $NVR","NVR"
"2023-02-10 15:35:05+00:00","Largest Position Decreases by Corporate Insiders in the Household Durables industry through 2023-02-03:      Kelpy Matthew B., $NVR: -73.3% on 2023-02-02 ($3,400,015) Palmer Sheryl, $TMHC: -59.3% on 2023-01-31 ($7,126,000)","NVR"
"2023-02-14 13:35:05+00:00","These 4 corporate insiders from the Household Durables Industry sold the most stock for the week ending 2023-02-03:      Palmer Sheryl | $TMHC ($7,126,000) Lyon William H | $TMHC ($6,932,636) Saville Paul C | $NVR ($4,599,406) Andrews Charles Elliott | $NVR ($3,545,815)","NVR"
"2023-02-17 04:06:34+00:00","two higher ROIC home builders for your watchlist (with  5yr ROA Dupont analysis = net margin % x asset turns) $NVR:  12.4% x 1.9 = 23.5%  ROA $LGIH:  11.8% x  1.3 = 15.3% I‚Äôd watch LGI after earnings on 2.21 (I expect last quarter earnings to be rough for all home builders)","NVR"
"2023-02-20 16:00:05+00:00","Largest Position Decreases by Corporate Insiders in the Consumer Discretionary sector through 2023-02-10:      Cortese Thomas, $PTON: -99.7% on 2023-02-10 ($1,668,073) Festa Alfred E, $NVR: -83.3% on 2023-02-08 ($8,052,544)","NVR"
"2023-02-28 10:32:45+00:00","Below are some of the highest quality and best performing companies of the 21st century that I think everyone should study.  $LVMH $COST $CSU.TO $NVR $HD $BRK $AMT  $DHR $TVK.TO $AMZN $TCEHY  $MKL $AAPL $MNST $POOL $MO $TSCO What did I miss? Leave a comment.","NVR"
"2023-02-28 21:35:58+00:00","$NVR NVR INC, Bredow Eugene James,  purchased shares valued at 4048614 USD, date 2023-02-24, posted 2023-02-28T16:30:24 üöÄ","NVR"
"2023-02-28 21:35:59+00:00","ALERT: Insider Bredow Eugene James (Chief Executive Officer) just disposed of $16,961,500 worth of $NVR.   MC: 16.811B   % of MC in tx: 0.10%    Shares after tx: 1,851   Tx was ~64% of insider's share holding.","NVR"
"2023-03-01 15:05:06+00:00","2023 will obviously be a bad year for homebuilders, but $NVR is trading at less than 10x 2022 FCF. Amazing business, if you can look past the upcoming problems, I think this is a good entry point for the long term.","NVR"
"2023-03-01 16:00:10+00:00","$NVR, NVR INC, Malzahn Daniel David,  sold shares valued at 10855182 USD, date 2023-02-27, posted 2023-03-01T10:59:27","NVR"
"2023-03-01 16:00:10+00:00","ALERT: Insider Malzahn Daniel David (Chief Financial Officer) just disposed of $10,855,182 worth of $NVR.   MC: 16.834B   % of MC in tx: 0.06%    Shares after tx: 6,976   Tx was ~23% of insider's share holding.","NVR"
"2023-03-01 16:00:11+00:00","$NVR NVR INC, Malzahn Daniel David,  purchased shares valued at 2297862 USD, date 2023-02-27, posted 2023-03-01T10:59:27 üöÄ","NVR"
"2023-03-02 16:42:54+00:00","Since 6/30/13 $PHM has reduced share count from 391.18MM to 228.1MM today. By my math, that's a 41.7% reduction. Pretty damn impressive. In my very brief research so far their business model looks a little riskier than $NVR but a very impressive business.","NVR"
"2023-03-03 16:35:05+00:00","These 4 corporate insiders from the Consumer Discretionary Sector sold the most stock for the week ending 2023-02-24:      Gebbia Joseph | $ABNB ($155,071,118) Cil Jose E. | $QSR ($17,359,233) Bredow Eugene James | $NVR ($16,961,500) Powers David | $DECK ($14,414,083)","NVR"
"2023-03-03 20:35:05+00:00","Largest Position Decreases by Corporate Insiders in the Household Durables industry through 2023-02-24:      Bredow Eugene James, $NVR: -100.0% on 2023-02-24 ($16,961,500) Lord Phillippe, $MTH: -23.7% on 2023-02-22 ($1,655,871)","NVR"
"2023-03-04 14:00:05+00:00","These 4 corporate insiders from the Household Durables Industry sold the most stock for the week ending 2023-02-24:      Bredow Eugene James | $NVR ($16,961,500) Hilton Steven J | $MTH ($2,565,118) Sferruzza Hilla | $MTH ($2,286,889) Lord Phillippe | $MTH ($1,655,871)","NVR"
"2023-03-06 17:35:05+00:00","Through 2023-02-24, these are the 3 largest individual insider sales in the Consumer Discretionary Sector:      $ABNB, $155,071,118 by Gebbia Joseph, 2023-02-23 $QSR, $17,359,233 by Cil Jose E., 2023-02-23 $NVR, $16,961,500 by Bredow Eugene James, 2023-02-24","NVR"
"2023-03-06 19:00:05+00:00","Largest Position Decreases by Corporate Insiders in the Consumer Discretionary sector through 2023-02-24:      Bredow Eugene James, $NVR: -100.0% on 2023-02-24 ($16,961,500) Fang Andy, $DASH: -100.0% on 2023-02-21 ($7,836,155) Xu Tony, $DASH: -100.0% on 2023-02-21 ($7,796,018)","NVR"
"2023-03-07 18:53:32+00:00","$DDS and $NVR are two emeralds in a sea of rubies. üòÇüíµ","NVR"
"2023-03-07 21:30:54+00:00","$NVR NVR Inc saw an increase of +1.11% today!","NVR"
"2023-03-09 13:36:00+00:00","I think you could do well assembling a portfolio of quality companies getting beat up due to recessionary fears. These fears have merit, but these will survive and be even stronger a decade from now.  Here are a few I've been looking at: $TROW $NVR $RHI $BLDR $MED $EXPD","NVR"
"2023-03-10 14:59:56+00:00","Which home building/real estate related businesses are you adding on pullbacks and why? $SITE - garden $POOL - pools $TREX - decking $TSCO - farm $TTC - tools $SHW - paints $NVR - home building $SPXSY - commercial steam &amp; thermal $FND - flooring $HD - DYIs","NVR"
"2023-03-11 20:52:20+00:00","everyone's just trying to recreate charlie479's 2001 pitch for $NVR","NVR"
"2023-03-13 23:49:13+00:00","Channel checks are suggesting builders are increasing starts pace as Jan/Feb have been half as bad as they expected.  Street is assuming catastrophic numbers, it appears those have an upward bias now. If we are done with rate hikes, that is another +ve. $NVR, $LEN, $DHI, $PHM","NVR"
"2023-03-15 12:00:05+00:00","These 3 corporate insiders from the Household Durables Industry sold the most stock for the week ending 2023-03-03:      Malzahn Daniel David | $NVR ($10,855,182) Lipar Eric Thomas | $LGIH ($4,005,943) Miller Michael Thomas | $IBP ($2,614,406)","NVR"
"2023-03-15 12:07:10+00:00","15. $NVR    C: 5.371,72 $   V: 22.600 Atr: 120,68 $ BB: ‚Üë    Obv: ‚Üë   Rsi &gt;= 50 Ichimoku: + Macd: ‚Üë EmaTrend: ‚Üë Stop Loss: 5.190,70 Limit Order: 5.733,76 *This is not a trading advice*","NVR"
"2023-03-15 13:42:44+00:00","$NVR 5370 I wish they'd split this thing. Ridiculous.","NVR"
"2023-03-17 21:30:55+00:00","$NVR NVR Inc saw an increase of +0.45% today!","NVR"
"2023-03-20 12:06:18+00:00","8. $NVR    C: 5.503,00 $   V: 54.800 Atr: 127,38 $ BB: ‚Üë    Obv: ‚Üë   Rsi &gt;= 50 Ichimoku: + Macd: ‚Üë EmaTrend: ‚Üë Stop Loss: 5.311,94 Limit Order: 5.885,13 *This is not a trading advice*","NVR"
"2023-03-20 16:40:28+00:00","Paul Torres-Cohen $NVR","NVR"
"2023-03-21 01:07:35+00:00","Some super bullish stocks  $AAPL , $ANET , $AVGO , $PNW , $PODD and $NVR","NVR"
"2023-03-21 12:05:51+00:00","$NVR  Type: Long Legged Doji Close Price: 5.494,47 $   Volume: 23.000 Macd: ‚Üë EmaTrend: ‚Üë *This is not a trading advice*","NVR"
"2023-03-22 02:50:14+00:00","Some super bullish stocks in S&amp;P500  $AMD , $AAPL , $AMAT , $BSX , $ANET , $AVGO , $DRI , $PODD , $ANSS , $NVR   üßê","NVR"
"2023-03-22 19:49:47+00:00","üßµIn 2001, Norbert Lou wrote a thesis on Value Investors Club for an under-the-radar homebuilder called $NVR I‚Äôll share the write-up below (it‚Äôs short), but I want to highlight the last comment Norbert made after the stock exploded 6.6x in 4 years üëá 1/5","NVR"
"2023-03-22 23:15:49+00:00","Some up-trending stocks in S&amp;P 500  $AMD , $NVDA , $AAPL , $META , $BSX , $KR , $MDLZ , $ANET , $FTNT , $AVGO , $CPRT , $DRI , $SNPS , $ANSS , $NVR","NVR"
"2023-03-26 23:11:35+00:00","Liking the strength in the large caps in residential construction like $ITB  Even some of the underlying names are strong in $TOL $DHI $NVR","NVR"
"2023-03-28 09:12:46+00:00","Yesterday I shared 5 quality criteria to weed out 97% of stocks. Here are 8 example resultsüìà 1. $GOOG Alphabet 2. $TSLA Tesla 3. $ABNB Airbnb 4. $CSU Constellation Software 5. $CPRT Copart 6. $IT Gartner 7.  $NVR NVR 8. $ATKR Atkore Surprised about any of those? Who's missing?","NVR"
"2023-03-31 21:59:15+00:00","$NVR new 52w high today. $18bn mkt cap US Homebuilder.","NVR"
"2023-04-01 07:31:18+00:00","Top Positions Across My Firm: $SODI - 17.3% $LSYN - 11.2% $BN - 9.6% $NVR - 7.2% $ISDR - 6.8% $JOE - 6% $HRBR - 5.6% $GOOG - 5.6% $ATVI - 4.3% $AMZN - 4.1% $HIFS - 4.1% $TRUP - 3.8% $META - 3.4% $ENDOR / $E2N - 3.3% $KSPI - 2.6% $BAM - 2.6% $MKL - 2.3% $BRKB - 2.2%","NVR"
"2023-04-01 12:57:35+00:00","Historically, the number of stocks that have driven long term value in the market has followed a power law distribution (&lt;5%). I have been a buy and hold stock investor for over 30 yrs and here are my top 5 power law stocks: $AAPL $KLAC $MA $NVR $TSCO Let your winners run‚Ä¶","NVR"
"2023-04-01 17:17:45+00:00","$NVR NVR, Inc.: Reference Price 5482.0, 3 Year Prediction 6201.17, Potential 13.0%, #NVR","NVR"
"2023-04-02 23:53:58+00:00","Home Builders Industry Group is near the top: #3. It has breakouts: $MHO $TMHC $NVR $GRBK $BZH &amp; several setups: $MTH $KBH $LEN $PHM $TPH $DFH $TOL $DHI $CCS $MDC $LGIH . Fishing in this pond may be gainful!","NVR"
"2023-04-03 12:08:01+00:00","2. $NVR    C: 5.572,19 $   V: 21.600 Atr: 121,23 $ BB: ‚Üë    Obv: ‚Üë   Rsi &gt;= 50 Macd Crossover: + Ichimoku: + Macd: ‚Üë EmaTrend: ‚Üë Stop Loss: 5.390,34 Limit Order: 5.935,89 *This is not a trading advice*","NVR"
"2023-04-05 09:09:22+00:00","[NYSE] NewHigh-Count/Consumer Cyclical $MLR 3 $NVR 3 $SKY 3 $MTH 2 $ONON 2 $XPOF 2 $GRBK 2 $TMHC 2 $DECK 1 From:2023/03/29„Äú","NVR"
"2023-04-06 13:08:15+00:00","Mortgage rates are back in the low 6‚Äôs - hitting a recent low of 6.16% yesterday.  In 2 wks the market will start to hear from 9 large homebuilders on how that‚Äôs impacted new home sales.  Kicking off w/ earnings by $DHI Apr 20 &amp; then: $CCS $MHO  $BZH $TMHC $MDC  $MTH $PHM $NVR","NVR"
"2023-04-07 02:10:34+00:00","Here‚Äôs my ‚Äòquality company tree‚Äô for businesses serving the long term, ‚Äòfinite‚Äô real estate trend for residential housing:  Builders $NVR Wood products $UFPI Water heaters $AOS HVAC $WSO Paint $SHW $MAS Pools $POOL Decks $TREX Remodel $HD $LOW Services $ROL $TTC Furnishings $WSM","NVR"
"2023-04-07 09:09:25+00:00","[NYSE] NewHigh-Count/Consumer Cyclical $MLR 3 $NVR 3 $MTH 2 $ONON 2 $XPOF 2 $GRBK 2 $SKY 2 $TMHC 2 $DTC 1 From:2023/03/31„Äú","NVR"
"2023-04-09 09:04:23+00:00","Dividends are an expensive luxury"" - Here are 5 long-term winners without a dividend üìà 1. Copart $CPRT (20% CAGR Total Return) 2. NVR $NVR (25% CAGR) 3. Gartner $IT (15% CAGR) 4. Amazon $AMZN (27% CAGR) 5. Adobe $ADBE (17% CAGR) Who would you add?","NVR"
"2023-04-09 22:13:22+00:00","Home builder stock charts looking ok $MHO $MTH $PHM $TPH $NVR $DFH $GRBK $LENB $LENB $TMHC $KBH $TBH $DHI $CCS $HOV No positions.","NVR"
"2023-04-11 09:09:23+00:00","[NYSE] NewHigh-Count/Consumer Cyclical $MLR 2 $MTH 2 $NVR 2 $ONON 2 $XPOF 2 $BBW 1 $DTC 1 $RACE 1 $DECK 1 From:2023/04/03„Äú","NVR"
"2023-04-11 13:00:38+00:00","Paul Torres-Cohen $NVR","NVR"
"2023-04-13 09:09:22+00:00","[NYSE] NewHigh-Count/Consumer Cyclical $DTC 3 $RACE 3 $MCD 2 $MTH 2 $TPH 2 $BBW 2 $DECK 1 $GRBK 1 $NVR 1 $YUMC 1 From:2023/04/05„Äú","NVR"
"2023-04-13 12:08:33+00:00","Stocks with positive macd crossover 1. $TPR 2. $FTV 3. $PCAR 4. $STLD 5. $BWA 6. $TPX 7. $LEN 8. $BIO 9. $NVR *This is not a trading advice*","NVR"
"2023-04-13 12:08:42+00:00","1. $NVR    C: 5.590,22 $   V: 14.500 Atr: 111,64 $ BB: ‚Üë    Obv: ‚Üë   Rsi &gt;= 50 Macd Crossover: + Ichimoku: + Macd: ‚Üë EmaTrend: ‚Üë Stop Loss: 5.422,76 Limit Order: 5.925,15 *This is not a trading advice*","NVR"
"2023-04-13 16:57:00+00:00","#stocksalerter  Technical BUY Alert $NVR is above 50-Day Moving Average.","NVR"
"2023-04-18 09:09:23+00:00","[NYSE] NewHigh-Count/Consumer Cyclical $MCD 5 $RACE 4 $AZO 3 $BBW 3 $MTH 3 $YUM 3 $DECK 2 $GRBK 2 $NVR 2 $SKX 2 From:2023/04/11„Äú","NVR"
"2023-04-18 16:32:32+00:00","Housing-related 52-week highs today: $BLDR $GRBK $LEN $MTH $NVR $PHM $TMHC","NVR"
"2023-04-18 19:41:07+00:00","#Smead Value mutual-fundholders had right housing hope for $NVR.","NVR"
"2023-04-18 21:30:53+00:00","$NVR NVR Inc saw an increase of +2.40% today!","NVR"
"2023-04-18 22:03:55+00:00","There are 35 companies in the S&amp;P 500 &amp; NASDAQ 100 that that are Overbought based on RSI today: $AJG, $AON, $AZO, $BSX, $CMG, $CPRT, $EA, $GE, $GEHC, $GIS, $HPQ, $HSY, $ISRG, $KMB, $KO, $LLY, $LW, $MCD, $MMC, $NVR, $ORCL, $ORLY, $PHM, $ROL, $RTX, $TAP, $TECH, $TYL, $VRSN, $WST,","NVR"
"2023-04-19 09:43:35+00:00","Homebuilding stocks be popping - looking to enter upon correct setup $MHO $HOV $PHM $BLDR $NVR","NVR"
"2023-04-20 22:03:56+00:00","There are 32 companies in the S&amp;P 500 &amp; NASDAQ 100 that that are Overbought based on RSI today: $AJG, $AON, $AZO, $BDX, $BSX, $CBOE, $CMG, $CPRT, $DHI, $EA, $GE, $GEHC, $GIS, $ISRG, $KMB, $KO, $LEN, $LLY, $LVS, $LW, $MCD, $MMC, $NVR, $ORLY, $PHM, $ROL, $SYK, $TAP, $YUM, $ZBH,","NVR"
"2023-04-21 04:54:15+00:00","$NVR approaching all time high; what recession?","NVR"
"2023-04-21 12:09:25+00:00","7. $NVR    C: 5.892,71 $   V: 20.000 Atr: 112,82 $ BB: ‚Üë    Obv: ‚Üë   Rsi &gt;= 50 Ichimoku: + Macd: ‚Üë EmaTrend: ‚Üë Stop Loss: 5.723,48 Limit Order: 6.231,17 *This is not a trading advice*","NVR"
"2023-04-21 22:03:56+00:00","There are 43 companies in the S&amp;P 500 &amp; NASDAQ 100 that that are Overbought based on RSI today: $ABT, $AJG, $AON, $AZO, $BAX, $BDX, $BRO, $CBOE, $CHD, $CLX, $CMG, $CPRT, $CSX, $DHI, $EA, $GE, $GEHC, $GILD, $GIS, $HCA, $INVH, $ISRG, $KMB, $KO, $LLY, $LVS, $LW, $MCD, $MMC, $NVR,","NVR"
"2023-04-22 01:21:13+00:00","$nvr Top analyst price target for next week..üìà~","NVR"
"2023-04-22 03:17:06+00:00","How is housing $NVR approaching all time highs when the US is heading into a recession?","NVR"
"2023-04-24 11:30:00+00:00","S&amp;P 500's top 20 winners - wk end 4/21 $ISRG 12% $SNA 10% $FRC 9% $DHI 8% $LVS 8% $DLR 8% $ABT 7% $ENPH 7% $DXCM 7% $UAL 7% $TRV 7% $MTB 6% $SEDG 6% $MDT 6% $SCHW 6% $ALK 6% $LEN 6% $STLD 5% $BAX 5% $NVR 5% #healthcare #stocks = 4/20 #SP500 $SPY #SPY #alphaprofit","NVR"
"2023-04-25 07:21:04+00:00","#Earnings Today Before Market Open $PEP   $NVS   $MCD   $DHR   $UPS   $NEE   $VZ   $RTX   $GE   $UBS   $FISV   $ABB   $SHW   $MMM   $MCO   $GM   $KMB   $ADM   $MSCI   $BIIB   $DOW   $GEHC   $PCAR   $CNC   $HAL   $GLW   $SPOT   $LH   $NVR   $NTRS   $PHM   $HUBB   $TRU   $ARCC","NVR"
"2023-04-25 12:07:13+00:00","14. $NVR    C: 5.967,22 $   V: 23.500 Atr: 109,37 $ BB: ‚Üë    Obv: ‚Üë   Rsi &gt;= 50 Ichimoku: + Macd: ‚Üë EmaTrend: ‚Üë Stop Loss: 5.803,16 Limit Order: 6.295,33 *This is not a trading advice*","NVR"
"2023-04-25 17:18:54+00:00","$NVR with a light quarter, but have to like their competitive position. This will be a tough time for homebuilding, but the company has more cash than total liabilities on hand. They will weather the storm and come out the other side with a stronger standing.","NVR"
"2023-04-26 14:15:00+00:00","Part 3 of the companies publishing #earnings today: $HUNGF $ROL $NVR $BMRN $WAB $MKL $MAA $SUI $IEX $MOH $ACHHY $TYL $JRONY $TER $NVZMY $AICAF $KPN $MTUAY $AVY $UDR $MKTX $GGG $EQT $MAS $CHRW $OMRNY $TLSNF Which of the above is in your portfolio? #earningsinsight #business","NVR"
"2023-04-26 15:02:11+00:00","Other notable early sells. Owned a bunch of $bkng, $nvr, $erj, $goog, $ba $sbux, $crox, $tap, $meta near lows but sold out for many after 10-30% gains. I feel like I am fishing in the right area but execution is meh.","NVR"
"2023-05-01 19:27:42+00:00","$NVR NVR INC, Malzahn Daniel David, CFO purchased shares valued at 3282660 USD, date 2023-04-27, posted 2023-05-01T15:27:03 üöÄ","NVR"
"2023-05-03 19:09:54+00:00","Why people keep buying up home builder stocks $LEN, $NVR, $DHI, $PHM with mortgage rate just surged. It is hard to understand such movement in the market.","NVR"
"2023-05-03 19:49:42+00:00","$NVR, NVR INC, SAVILLE PAUL C, Chairman sold shares valued at 15741602 USD, date 2023-05-01,-0.65% posted 2023-05-03T15:49:09","NVR"
"2023-05-03 19:49:42+00:00","$NVR NVR INC, SAVILLE PAUL C, Chairman purchased shares valued at 2188440 USD, date 2023-05-01, posted 2023-05-03T15:49:09 üöÄ","NVR"
"2023-05-03 20:15:18+00:00","$NVR Insider Trade Alert ‚ö†Ô∏è SAVILLE PAUL C (Executive Chairman) sold shares worth $11,687,580 on May 02, 2023","NVR"
"2023-05-04 18:35:05+00:00","These 4 corporate insiders from the Consumer Cyclical Sector sold the most stock for the week ending 2023-04-28:      Gebbia Joseph | $ABNB ($39,747,456) Lyon William H | $TMHC ($13,777,510) Malzahn Daniel David | $NVR ($9,601,720) Oshaughnessy Robert | $PHM ($7,700,094)","NVR"
"2023-05-04 21:35:05+00:00","Through 2023-04-28, these are the 3 largest individual insider sales in the Consumer Cyclical Sector:      $ABNB, $39,747,456 by Gebbia Joseph, 2023-04-27 $TMHC, $10,972,611 by Lyon William H, 2023-04-27 $NVR, $9,601,720 by Malzahn Daniel David, 2023-04-27","NVR"
"2023-05-05 17:42:12+00:00","NVR (NVR INC) üö® #Insider #stock alert! üí∞ #Sale on 2023-05-03 - $NVR üá∫üá∏: Kelpy Matthew B. (VP, Chief Accounting Officer), total amount $894.750","NVR"
"2023-05-05 17:54:19+00:00","$NVR NVR INC, Malzahn Daniel David, CFO purchased shares valued at 3282660 USD, date 2023-05-03, posted 2023-05-05T13:53:38 üöÄ","NVR"
"2023-05-05 17:54:24+00:00","ALERT: Insider Malzahn Daniel David (Chief Financial Officer) just disposed of $12,469,220 worth of $NVR.   MC: 18.993B   % of MC in tx: 0.07%    Shares after tx: 9,204   Tx was ~18% of insider's share holding.","NVR"
"2023-05-05 20:22:52+00:00","$NVR, NVR INC, SAVILLE PAUL C, Chairman sold shares valued at 29447600 USD, date 2023-05-03,-2.73% posted 2023-05-05T16:21:39","NVR"
"2023-05-05 20:22:52+00:00","$NVR NVR INC, SAVILLE PAUL C, Chairman purchased shares valued at 5471100 USD, date 2023-05-03, posted 2023-05-05T16:21:39 üöÄ","NVR"
"2023-05-05 21:17:36+00:00","$NVR Insider Trade Alert ‚ö†Ô∏è SAVILLE PAUL C (Executive Chairman) sold shares worth $11,680,340 on May 04, 2023","NVR"
"2023-05-07 10:50:16+00:00","This week, I wrote about $NVR. Truly remarkable company. It‚Äôs a business model created out of the lessons of the early 1990‚Äôs real estate bust (when NVR went bankrupt) and they positioned it to survive real estate cycles. Since 2000, the stock has delivered a 24% CAGR.","NVR"
"2023-05-07 12:00:05+00:00","These 3 corporate insiders from the Residential Construction Industry sold the most stock for the week ending 2023-04-28:      Lyon William H | $TMHC ($13,777,510) Malzahn Daniel David | $NVR ($9,601,720) Oshaughnessy Robert | $PHM ($7,700,094)","NVR"
"2023-05-09 21:27:47+00:00","$NVR NVR INC, SAVILLE PAUL C, Chairman purchased shares valued at 4595724 USD, date 2023-05-05, posted 2023-05-09T17:27:12 üöÄ","NVR"
"2023-05-11 19:00:05+00:00","These 4 corporate insiders from the Consumer Cyclical Sector sold the most stock for the week ending 2023-05-05:      Hu Fred | $YUMC ($70,785,157) Saville Paul C | $NVR ($69,677,148) Oreilly David E | $ORLY ($25,101,145) Mcfall Thomas | $ORLY ($19,326,191)","NVR"
"2023-05-11 19:29:31+00:00","$NVR, NVR INC, SAVILLE PAUL C, Chairman sold shares valued at 33324486 USD, date 2023-05-09,-2.46% posted 2023-05-11T15:28:49","NVR"
"2023-05-11 19:29:32+00:00","$NVR NVR INC, SAVILLE PAUL C, Chairman purchased shares valued at 6237054 USD, date 2023-05-09, posted 2023-05-11T15:28:49 üöÄ","NVR"
"2023-05-11 20:15:20+00:00","$NVR Insider Trade Alert ‚ö†Ô∏è SAVILLE PAUL C (Executive Chairman) sold shares worth $17,442,870 on May 10, 2023","NVR"
"2023-05-13 16:00:05+00:00","These 4 corporate insiders from the Residential Construction Industry sold the most stock for the week ending 2023-05-05:      Saville Paul C | $NVR ($69,677,148) Malzahn Daniel David | $NVR ($12,469,220) Mandarich David D | $MDC ($6,509,474) Mizel Larry A | $MDC ($6,503,765)","NVR"
"2023-05-13 22:00:05+00:00","These 4 corporate insiders sold the most dollars worth of shares through 2023-05-05:      Lilly Endowment Inc | $LLY ($93,114,329) Hu Fred | $YUMC ($70,785,157) Saville Paul C | $NVR ($69,677,148) Chau Hoi Shuen Solina Holly | $CELH ($49,999,994)","NVR"
"2023-05-14 22:35:05+00:00","Largest Position Decreases by Corporate Insiders in the Residential Construction industry through 2023-05-05:      Martinez Melquiades R., $NVR: -79.7% on 2023-05-03 ($4,405,440) Malzahn Daniel David, $NVR: -18.6% on 2023-05-03 ($12,469,220)","NVR"
"2023-05-15 15:01:00+00:00","#stocksalerter  Technical BUY Alert $NVR is above 50-Day Moving Average.","NVR"
"2023-05-15 20:46:43+00:00","$ma (sold $103 mil) insider sellers: $aaon, $orly $flyw $gpre $team $nke $wts $dash $nvr $ptc $u $lly  buyers: $afeg $oabi $cnne","NVR"
"2023-05-16 21:17:07+00:00","ALERT: Insider Malzahn Daniel David (Chief Financial Officer) just disposed of $12,095,910 worth of $NVR.   MC: 19.116B   % of MC in tx: 0.06%    Shares after tx: 9,267   Tx was ~18% of insider's share holding.","NVR"
"2023-05-17 22:00:05+00:00","Through 2023-05-05, these are the 3 largest individual insider sales in the Consumer Cyclical Sector:      $YUMC, $70,785,157 by Hu Fred, 2023-05-04 $NVR, $29,447,600 by Saville Paul C, 2023-05-03 $NVR, $24,487,946 by Saville Paul C, 2023-05-05","NVR"
"2023-05-19 18:29:48+00:00","$NVR NVR INC, SAVILLE PAUL C, Chairman purchased shares valued at 4376880 USD, date 2023-05-17, posted 2023-05-19T14:29:10 üöÄ","NVR"
"2023-05-19 19:15:17+00:00","$NVR Insider Trade Alert ‚ö†Ô∏è SAVILLE PAUL C (Executive Chairman) sold shares worth $11,754,000 on May 18, 2023","NVR"
"2023-05-19 20:25:33+00:00","$NVR, NVR INC, Bredow Eugene James, Officer sold shares valued at 5880000 USD, date 2023-05-18,-0.00% posted 2023-05-19T16:24:44","NVR"
"2023-05-19 20:25:33+00:00","$NVR NVR INC, Bredow Eugene James, Officer purchased shares valued at 1094220 USD, date 2023-05-18, posted 2023-05-19T16:24:44 üöÄ","NVR"
"2023-05-19 21:15:18+00:00","$NVR Insider Trade Alert ‚ö†Ô∏è Bredow Eugene James (Chief Executive Officer) sold shares worth $5,880,000 on May 18, 2023","NVR"
"2023-05-19 22:35:05+00:00","These 4 corporate insiders from the Residential Construction Industry sold the most stock for the week ending 2023-05-12:      Saville Paul C | $NVR ($61,244,358) Lyon William H | $TMHC ($2,570,960) Blake Elizabeth | $GRBK ($1,265,010) Brandler Harry | $GRBK ($1,251,734)","NVR"
"2023-05-22 12:00:05+00:00","These 3 corporate insiders from the Consumer Cyclical Sector sold the most stock for the week ending 2023-05-12:      Westend S.A. | $WW ($105,950,845) Gebbia Joseph | $ABNB ($79,609,864) Saville Paul C | $NVR ($61,244,358)","NVR"
"2023-05-23 15:01:00+00:00","#stocksalerter  Technical BUY Alert $NVR is above 50-Day Moving Average.","NVR"
"2023-05-25 18:10:10+00:00","If you would like to see me, I will be on CNBC in 15 minutes!  $DHI $LEN $NVR $PHM","NVR"
"2023-05-25 20:00:05+00:00","These 3 corporate insiders from the Consumer Cyclical Sector sold the most stock for the week ending 2023-05-19:      Steiner Leisure Ltd | $OSW ($109,372,530) Advent International Corp/Ma | $FWRG ($62,266,750) Saville Paul C | $NVR ($53,698,242)","NVR"
"2023-05-27 20:00:05+00:00","Within the consumer cyclical sector, the largest Position Decreases by Corporate Insiders by industry through 2023-05-19:      Bredow Eugene James, $NVR: -35% on 2023-05-18 ($5,880,000) Romanowski Paul J, $DHI: -32% on 2023-05-17 ($4,486,524)","NVR"
"2023-05-28 21:35:05+00:00","Largest Position Decreases by Corporate Insiders in the Residential Construction industry through 2023-05-19:      Bredow Eugene James, $NVR: -35.1% on 2023-05-18 ($5,880,000) Romanowski Paul J, $DHI: -32.2% on 2023-05-17 ($4,486,524)","NVR"
"2023-06-01 08:40:03+00:00","$NVR Deutsche Bank analyst Joe Ahlersmeyer initiates coverage on NVR with a Sell rating and announces Price Target of $4400.","NVR"
"2023-06-01 12:37:07+00:00","+Initiations 6/1: $APLM $ASGN $CTAS $DHI $DY $INMB $MSGE $MTH $NMRD $PHM $REAX $RHI $ROL $TOL $TPH  . -Initiations 6/1: $BFAM $LEN $NVR","NVR"
"2023-06-03 10:30:00+00:00","Quality stocks with: üìä +15% EPS 10-year CAGR +15% ROCE +4% Earnings yield 1. DSV $DSV 2. NVR $NVR 3. Klac $KLAC 4. Watsco $WSO 5. Bouvet $BOUV 6. Autonation $AN 7. Autozone $AZO 8. Alphabet $GOOGL 9. Dedicare AB $DEDI 10. Expenditors $EXPD  11. Asbury Automotive $ABG","NVR"
"2023-06-05 16:57:00+00:00","#stocksalerter  Technical BUY Alert $NVR is above 50-Day Moving Average.","NVR"
"2023-06-10 22:44:43+00:00","$NVR NVR, Inc.: Reference Price 5463.81, 1 Year Prediction 5180.66, Potential -5.0%, #NVR","NVR"
