"timestamp","content","symbol","sentiment_score"
"2021-06-08 04:16:11+00:00","My scheduled market orders for Tuesday, 6/8/21 negative  $DEO @Public; $NNN @Stash; $HD @Lovedinvesting positive  for the wife $VZ @Public; $VPL @Stash. ""not investment advice"" #stocks #investing #money #fintechnews","DEO",-0.0258
"2021-06-09 13:48:37+00:00","09:48 New 52wk Highs: $APG $BKCC $CUZ $DCRCU $DEO $IRT $SRAX","DEO",0.0
"2021-06-10 13:42:38+00:00","09:42 New 52wk Highs: $APTS $DCRCU $DEO $DX $EVC $GNK $GSL $SIG $TLYS","DEO",0.0
"2021-06-10 15:20:27+00:00","$DEO: optimisteit Launches New ""Local Bar Sundays"" Hospitality Mission at Tribeca Festival and Says ""First Drink Is On Us,"" Encouraging New Yorkers to Spositiveport Their Local Bar and","DEO",0.765
"2021-06-14 12:52:37+00:00","positivegrades 6/14: $AUTL $BXP $CMG $CRSP $DCP $ENLC $HPP $NVGS $PEB $WELL $WEN  . negativegrades 6/14: $AVB $CLB $CPT $CRH $DEO $DOC $EQR $FBMS $KMI $PGRE $RACE $UWMC","DEO",0.0
"2021-06-15 18:59:50+00:00","14:59 New 52wk Highs: $DEO $GNL","DEO",0.0
"2021-06-15 19:32:39+00:00","Some of the largest stocks that hit new 52 Week Highs at some point today Google $GOOGL Facebook $FB $ASML Exxon $XOM Toyota $TM Pepsi $PEP Philip Morris $PM $BUD Intuit $INTU Blackstone $BX Diageo $DEO S&amp;P Global $SPGI Zoetis $ZTS Infosys $INFY Conoco $COP Analog Devices $ADI","DEO",0.0
"2021-06-17 14:48:04+00:00","$VWE vintage wines  positive 2% üëá Lot of positives  1Ô∏è‚É£ fireside chat today Evercore Summit 2Ô∏è‚É£New hiring into leadership  3Ô∏è‚É£More Analyst positivegrades expected  4Ô∏è‚É£Reopening means more parties and more wine üç∑  #SpacSquad #NAPA $NAPA $DEO","DEO",0.8748
"2021-06-18 12:46:44+00:00","positivegrades 6/18: $ALK $ARCE $BIIB $BXS $CRNX $DAL $DEO $HSBC $LEN $MRO $NHI $OEC $OXY $PBA $PRTA $SAIA $TRQ $UAL  . negativegrades 6/18: $CMP $CURI $DVN $EDU $EQT $RE $SWAV $TAL $XEC","DEO",0.0
"2021-06-21 10:28:15+00:00","JPM positivegrades $deo","DEO",0.0
"2021-06-24 16:31:35+00:00","$DEO: Seagram's 7 American Blended Whiskey and Comedian Iliza Shlesinger Team positive to Show Spositiveport for Small Businesses, Including Dive Bars, Across the Country with the New 'Keep The Dive Alive'","DEO",0.8316
"2021-06-28 15:41:01+00:00","pessimist Forecasts June 28, 2021 08:36:00 PDT üêªüêªüêªüêªüêª ticker : log change intraday $DKS : negative 1.79 $SAM : 1.08 $DLTR : 0.09 $DEO : negative 0.63 $CNC : 0.47 $VMC : negative 0.77 $AYRO : 1.60 $GRPN : negative 1.03 $SGMS : negative 0.54 $TRTN : negative 1.27","DEO",-0.9769
"2021-06-28 15:52:17+00:00","pessimist Forecasts June 28, 2021 08:48:00 PDT üêªüêªüêªüêªüêª ticker : log change intraday $CELH : negative 1.05 $TRV : negative 1.02 $DKS : negative 1.36 $DEO : negative 0.54 $NRG : 0.97 $CNC : 0.53 $BRZU : negative 2.86 $VMC : negative 0.70 $AYRO : 1.20 $NEM : negative 0.71","DEO",-0.9825
"2021-06-28 15:57:57+00:00","pessimist Forecasts June 28, 2021 08:53:00 PDT üêªüêªüêªüêªüêª ticker : log change intraday $BE : 1.58 $DEO : negative 0.54 $AFRM : negative 1.41 $PWR : negative 2.50 $CNK : negative 2.08 $AYX : negative 0.57 $HZNP : negative 2.56 $DKS : negative 1.36 $DRI : negative 3.01 $NCTY : 9.73","DEO",-0.9862
"2021-07-07 07:00:56+00:00","I'm looking at positive 1 cent &gt; daily high $SPIN $CCEL $PWLK $GSAT $ZDGE $ATOS $VSTM $ASKE $EMBR $GCGMF $AMX $DEO $PHIL $OPHC $VGTL $AXR $IDEXY $NPNYY $SGLB $ATOM negative 1 cent &lt; daily low $NAACU $PVG $NG $TORXF $FNLPF $NRC $TIL $FEIM $LHDX $TPGY $CVSI","DEO",-0.296
"2021-07-07 14:31:14+00:00","$DEO positive at 191.51","DEO",0.5574
"2021-07-07 23:17:43+00:00","Here's our ""addicted""/""vice"" ETF, as voted on by followers: $AAPL $FB $AMZN $GOOG $PM $MO $SBUX $MCD $KO $PEP $MNST $BUD $TAP $DPZ $CMG $ULTA $ELF $PENN $PINS $TWTR $ETSY $YUM $DEO $DNUT $GRWG $LW $RGR $CZR $DKNG $RICK $PFOF (Robinhood IPO) $SCHW h/t to @AdvisorShares for $VICE","DEO",0.0
"2021-07-08 14:59:46+00:00","A trade alert originally positiveed on 6/28/2021 for $DEO 190P 7/16/21 just hit 100% profit!","DEO",0.6588
"2021-07-08 14:59:46+00:00","A trade alert originally positiveed on 6/28/2021 for $DEO just hit 75% profit! #RoyalMembership","DEO",0.6588
"2021-07-08 14:59:46+00:00","A trade alert originally positiveed on 6/28/2021 for $DEO just hit 50% profit!","DEO",0.6588
"2021-07-09 15:53:02+00:00","pessimist Forecasts July 09, 2021 08:49:00 PDT üêªüêªüêªüêªüêª ticker : log change intraday $FSLR : 1.75 $MCRB : 2.27 $FUV : negative 1.98 $DEO : 0.29 $CLX : negative 0.52 $STX : 1.18 $IRM : 1.03 $TPR : 0.63 $TEAM : 0.69 $CC : 1.19","DEO",-0.872
"2021-07-09 16:03:49+00:00","pessimist Forecasts July 09, 2021 08:59:00 PDT üêªüêªüêªüêªüêª ticker : log change intraday $STLD : 0.74 $FRC : 0.03 $SIEN : 7.13 $DEO : 0.35 $GOTU : 0.12 $CPNG : 1.32 $AVGO : 1.55 $HZNP : 1.21 $SFIX : 2.62 $SAP : 1.14","DEO",-0.3612
"2021-07-10 22:32:23+00:00","With Robinhood ( $HOOD ) going public soon, there's debate on whether they're ""evil"" and uninvestable. Similarly: Altria $MO Anheusernegative Busch InBev $BUD #Bitcoin Diageo $DEO DraftKings $DKNG Exxon Mobil $XOM Facebook $FB Lockheed Martin $LMT  MGM Resorts $MGM Fair or unfair?","DEO",-0.2023
"2021-07-13 11:54:41+00:00","PepsiCo the renegative opening play? US beverage volume positive 15%! We all forgot how much onnegative thenegative go / onnegative trade volume was curbed by locknegatives $PEP $KO $BUD $DEO","DEO",0.7424
"2021-07-13 19:15:05+00:00","Went to positive another 100 cases of @Casamigos for July and the distributor is sold out. My non advice is that you positive $DEO positives and some Bitcoin. There is no glass in the world.","DEO",0.8555
"2021-07-14 23:05:30+00:00","Tomrrow‚Äôs #watchlist for #NYSE, #NASDAQ between $150 and $200: $ALXN $BR $DEO $DOV $FRC $GLD $HSY $JBHT $JNJ $KEYS $MIDD $PEP $PFPT $SAP $TRV $VMC $VRSK $XLK","DEO",0.0
"2021-07-15 18:11:22+00:00","Is there a good argument for why $DEO should not spinnegative off its beer business?","DEO",0.1027
"2021-07-16 18:53:04+00:00","$SPY beats $DEO and $BF/B total return over the past three/five years.","DEO",0.0
"2021-07-19 02:47:39+00:00","Portfolio: $AMN $KBE $POOL $THC Cotton negative: $QQQ $MSTR Bitcoin Watchlist: $AMG $ASAI $BCRX $CBOE $DEO $DJP $IBB $IBN $IQV $IRM $MYRG $UGA $UGI Theme: Low market breadth, Cautious on opening new positions, Quarterly results coming, REIT, Bionegative tech, Services, Finance, Food/Bev","DEO",-0.7351
"2021-07-21 03:16:00+00:00","Moderna $MRNA ($123.4B) is valued more than: Boeing $BA Sony $SONY $IBM 3M $MMM Caterpillar $CAT Diageo $DEO General Electric $GE  But then what value you can assign to activity of savings lives in any case.","DEO",0.6187
"2021-07-21 12:01:58+00:00","Cocanegative Cola Q main highlight is positive 11% price/mix. Yes awaynegative fromnegative home snapping back helps but pricing (thru smaller packs &amp; fewer promos) is big part of this $KO $PEP $DEO $BUD","DEO",0.6858
"2021-07-21 12:06:38+00:00","Prioritising price over volume is deliberate strategy by current Coke CEO, taking page out of tobacco/booze playbook. Duopoly with Pepsi = working nicely even as volume rebounds $KO $PEP $PM $BUD $DEO $MO","DEO",0.4404
"2021-07-21 18:35:31+00:00","Those scare stories about a thumbsnegative negative from Ronaldo seem a positive time ago... Coke says despite continuing restrictions, awaynegative fromnegative home consumption now above prenegative pandemic levels $KO $PEP $DEO","DEO",-0.5106
"2021-07-26 12:07:08+00:00","WinningStreak5 $CHK $54.79 0.00% 12.04% 3.51% 18.49% 57.68 $CMG $1832.00 0.06% 18.11% 25.88% 21.52% 82.23 $DDOG $112.00 0.69% 6.84% 5.13% 32.11% 70.69 $DEO $192.63 0.00% 2.86% negative 0.67% 6.77% 53.48 $DT $63.48 0.00% 8.89% 7.92% 24.96% 66.99","DEO",-0.5719
"2021-07-26 13:07:05+00:00","WinningStreak5 $AMZN $3668.05 0.31% 3.34% 4.69% 9.10% 63.26 $AVLR $167.00 0.35% 11.52% 3.11% 18.53% 65.76 $BRG $12.15 0.00% 9.95% 21.62% 29.53% 79.68 $CHK $54.79 0.00% 12.04% 3.51% 18.49% 57.68 $DEO $192.63 0.00% 2.86% negative 0.67% 6.77% 53.48 $DT $63.77 0.46% 9.38% 8.42% 25.53% 67.73","DEO",-0.5719
"2021-07-27 17:21:45+00:00","Here is my concentrated portfolio: $AAPL $LVMUY $NSRGY $CMG $TSLA $COST $JNJ $SBUX $DEO $UNH","DEO",0.0
"2021-07-29 11:15:03+00:00","$bud sales hit pre pandemic levels. They didn‚Äôt compare to last yr. @pessimistingtonTrade let‚Äôs go $deo","DEO",0.0
"2021-07-29 11:59:00+00:00","Diageo's stable of strong brands ensures it almost runs itself, regardless of who is managing it. Sales positive 6% vs prenegative pandemic despite losing so much highnegative margin onnegative trade volume $DEO $BUD $BF.B $KO","DEO",0.8829
"2021-07-29 14:27:28+00:00","Diageo is next with a dividend increase, 5% higher final dividend for 2021. $DEO $DGE","DEO",0.3182
"2021-07-29 14:43:15+00:00","pessimist Forecasts July 29, 2021 07:39:00 PDT üêªüêªüêªüêªüêª ticker : log change intraday $PXD : negative 0.64 $LKQ : negative 0.98 $KBH : 1.59 $IIVI : 0.54 $COHU : negative 2.14 $ORLY : negative 0.29 $UWMC : 0.05 $ED : negative 0.31 $WGO : 2.42 $DEO : negative 0.10","DEO",-0.9769
"2021-07-29 14:48:29+00:00","pessimist Forecasts July 29, 2021 07:44:00 PDT üêªüêªüêªüêªüêª ticker : log change intraday $LKQ : negative 1.05 $KBH : 1.37 $IIVI : 0.32 $ORLY : negative 0.32 $UWMC : 0.05 $ED : negative 0.17 $HAS : negative 0.58 $WGO : 2.84 $SOHU : 0.03 $DEO : negative 0.05","DEO",-0.9682
"2021-07-29 18:32:12+00:00","EARNINGS: July29Thu: R11 $8,000B MktCap $AMZN!' $SMSN) $MA, $CMCSA, $TMUS' $RDSA. $SPGI, $ICE, $TWLO' $TEAM' $NOC, $KLAC' $PINS' $NESN. $LRLCY: #VOW3. $EADSY. $MRK, $AZN, $SNY, $GILD' $STM. $TTE $DEO. $VRTX' $FTNT' $AMT, $BUD, $MO, $EW' $DXCM' $DLR' $NGLY. $LYG. $MT. $CS. $NOK...","DEO",0.0
"2021-07-30 13:47:37+00:00","09:47 New 52wk Highs: $ALEX $ALGN $AVB $DECK $DEO $MAA $PSA $RXN $SCI","DEO",0.0
"2021-07-30 18:41:22+00:00","‚ö† Big report tomorrow ‚ö† We will discuss: üö¨ Altria Gropositive $MO üç∏Campari/Diageo/Pernod Ricard $CPR $DEO $RI üè™ Casey's General Stores $CASY üçπ Coca Cola $KO üç≥ Deoleo S.A. $OLE üíπ FlowTraders $FLOW üñ• IBM $IBM ‚òò Kalera AS $KAL üçü Lamb Weston $LW üçî McDonalds $MCD üõ¢ Shell $RDSA","DEO",0.0
"2021-07-30 19:15:07+00:00","Largest stocks that hit new 52 Week Highs at some point today $ASML Nike $NKE Thermo Fisher $TMO Danaher $DHR $NVO AbbVie $ABBV Costco $COST Morgan Stanley $MS Linde $LIN Target $TGT $AMD Intuitive Surgical $ISRG Diageo $DEO S&amp;P Global $SPGI Prologis $PLD $ADP Brookfield $BAM","DEO",0.0
"2021-08-02 11:41:12+00:00","$DEO the stock that owns casamigos #FreeGame","DEO",0.0
"2021-08-02 14:23:10+00:00","pessimist Forecasts August 02, 2021 07:19:00 PDT üêªüêªüêªüêªüêª ticker : log change intraday $YELP : negative 0.43 $RACE : negative 0.41 $TPOR : 1.41 $DEO : negative 0.02 $CRUS : negative 0.13 $AMEH : 2.08 $DASH : negative 1.19 $SEAS : 2.02 $IYT : 0.24 $TBT : negative 0.17","DEO",-0.9769
"2021-08-02 14:33:03+00:00","pessimist Forecasts August 02, 2021 07:29:00 PDT üêªüêªüêªüêªüêª ticker : log change intraday $DEO : negative 0.05 $TPOR : 1.34 $YELP : negative 0.62 $SEAS : 1.45 $CRUS : negative 0.36 $AMEH : 2.37 $DASH : negative 0.17 $TBT : negative 0.81 $IYT : 0.29 $IRBT : negative 0.61","DEO",-0.9769
"2021-08-02 18:11:49+00:00","Largest stocks that hit new All Time Highs at some point today $ASML Nike $NKE Danaher $DHR Novo $NVO Thermo Fisher $TMO Morgan Stanley $MS Medtronic $MDT Honeywell $HON Linde $LIN Intuit $INTU Moderna $MRNA Charter $CHTR $AMD Intuitive Surgical $ISRG $DEO S&amp;P Global $SPGI $PLD","DEO",0.0
"2021-08-02 20:07:11+00:00","WinningStreak5 $AUY $4.49 0.00% 8.72% 6.40% negative 5.87% 58.04 $COO $423.57 0.43% 4.43% 6.89% 4.06% 70.38 $DEO $198.81 0.30% 3.98% 3.71% 10.41% 65.85 $DIDI $10.32 0.10% 28.36% negative 27.02% nan% 42.44 $EIG $41.72 0.48% 7.08% negative 2.52% 4.56% 52.19 $ELF $27.82 0.76% 4.78% 2.51% negative 7.42% 59.53","DEO",-0.9413
"2021-08-02 21:07:10+00:00","WinningStreak5 $COO $423.61 0.44% 4.44% 6.90% 4.07% 70.41 $DEO $198.81 0.30% 3.98% 3.71% 10.41% 65.85 $EIG $41.72 0.48% 7.08% negative 2.52% 4.56% 52.19 $ELF $27.82 0.76% 4.78% 2.51% negative 7.42% 59.53 $EW $113.28 0.90% 4.03% 9.38% 17.05% 72.94 $EXR $175.29 0.66% 2.65% 7.00% 19.59% 65.96","DEO",-0.8126
"2021-08-03 13:40:55+00:00","Congrats to Diageo $DEO on crossing $200 for the first time ever. Stock has been on an absolute year since briefly touching $105 last spring. Will crack a fresh bottle of Johnnie Walker blue tonight to celebrate.","DEO",0.8555
"2021-08-04 14:37:21+00:00","$DEO: Crown Royal Partners With Columbia Records To Unite Artists And NBA 2k League Teams Through Virtual Music &amp; Gaming Series, Featuring Hawks Talon Gaming And Detroit Pistons GT //First","DEO",0.4278
"2021-08-05 21:37:12+00:00","WinningStreak5 $ABNB $149.31 1.30% 4.07% 0.63% negative 11.18% 59.91 $CREE $96.60 2.52% 6.05% negative 0.87% negative 0.48% 58.01 $DEO $201.76 0.65% 2.11% 5.35% 11.90% 70.98 $DLR $155.96 0.02% 3.63% 2.39% 2.83% 53.71 $DT $66.99 2.34% 5.15% 8.91% 31.82% 74.32 $NKE $173.80 1.10% 4.08% 8.55% 30.65% 81.97","DEO",-0.9022
"2021-08-06 12:07:10+00:00","WinningStreak5 $DDOG $134.31 1.39% 21.33% 25.16% 72.51% 87.60 $DEO $201.76 0.00% 1.79% 4.73% 12.24% 70.98 $DLR $155.96 0.00% 1.17% 1.35% 1.93% 53.71 $GRMN $163.89 0.00% 4.26% 10.86% 19.40% 78.89 $NEE $80.49 0.00% 3.32% 6.85% 6.34% 72.75","DEO",0.0
"2021-08-17 13:44:10+00:00","Unusually active option classes on open August 17th $DEO $TJX $YUM $HD $BBY $ASO $WMT $IWM $TIGR $BIDU","DEO",0.4576
"2021-08-17 14:55:00+00:00","Increasing unusual positive volume: $DEO $ESI $GOCO $SENS $CAL $YUM Increasing unusual negative volume: $GDS $ASO $JOBY $TJX $SESN","DEO",-0.0258
"2021-08-17 14:56:01+00:00","#WallStreet üá∫üá∏ Increasing unusual positive volume: $DEO $ESI $GOCO $SENS $CAL $YUM","DEO",0.5574
"2021-08-19 14:13:01+00:00","pessimist Forecasts August 19, 2021 07:10:00 PDT üêªüêªüêªüêªüêª ticker : log change intraday $ALC : 0.16 $MXIM : negative 0.82 $BJ : 0.32 $MHK : 1.87 $ROOT : 1.72 $ALLY : 0.85 $ATOS : 4.28 $DUST : 0.18 $PANW : 1.49 $DEO : 0.39","DEO",-0.7351
"2021-08-20 12:07:16+00:00","LosingStreak5 $CVX $94.29 0.00% negative 7.52% negative 5.54% negative 11.20% 30.78 $CW $115.81 0.00% negative 4.19% negative 1.21% negative 7.67% 38.98 $DD $72.84 negative 0.11% negative 5.50% negative 2.71% negative 14.42% 36.23 $DDOG $132.00 negative 0.32% negative 2.58% 21.78% 58.83% 69.37 $DEO $195.73 0.00% negative 2.87% 3.10% 3.11% 46.40","DEO",-0.994
"2021-08-20 13:07:16+00:00","LosingStreak5 $CW $115.81 0.00% negative 4.19% negative 1.21% negative 7.67% 38.98 $DEO $190.65 negative 2.60% negative 5.39% 0.43% 0.43% 35.40 $DIS $173.20 negative 0.03% negative 4.35% negative 2.09% 2.07% 41.31 $DOW $60.50 negative 0.08% negative 5.01% 1.29% negative 12.99% 40.62 $DRI $136.00 negative 0.56% negative 4.22% negative 6.21% negative 2.61% 37.23","DEO",-0.9955
"2021-08-20 14:21:19+00:00","Worst performing large cap stocks in today's early trading Snowflake $SNOW Ross $ROST Vedanta $VEDL $LYFT SK Telecom $SKM Petrobras $PBR Honda $HMC Toyota $TM Datadog $DDOG West Fraser $WFG Blue Owl $OWL Phillips $PSX Chewy $CHWY $WIX Tenaris $TS Diageo $DEO Ford $F $BGNE $NTCO","DEO",-0.6249
"2021-08-20 19:38:27+00:00","Largest stocks that hit new 1 Month Lows at some point today Amazon $AMZN Alibaba $BABA Mastercard $MA Toyota $TM Intel $INTC AT&amp;T $T Shopify $SHOP Amgen $AMGN Boeing $BA PetroChina $PTR $RIO Applied Materials $AMAT Diageo $DEO 3M $MMM Deere $DE Lockheed $LMT $VALE Lam $LRCX","DEO",-0.0258
"2021-08-22 18:00:13+00:00","Dividends this week 2021negative 08negative 23:  $JNJ $PRU $VTRS $NDSN $WLK 2021negative 08negative 24:  $CHT $SLF $CDW $YUMC $TRU 2021negative 08negative 25:  $AMAT $SPGI $SBAC $XYL $GIL 2021negative 08negative 26:  $NEE $DEO $ADI $YUM $PH 2021negative 08negative 27:  $NKE $NOC $LYB $LUMN $TAPA","DEO",0.0
"2021-08-25 12:10:42+00:00","Ex Div Tomorrow: $ADI   0.69 $AU    0.06 $DEO   2.47 $FBHS  0.26 $HEES  0.28 $NEE   0.39 $PH    1.03 $PSEC  0.06 $WHR   1.4 $WPM   0.15 $YUM   0.5 @tastytrade","DEO",0.0
"2021-08-25 18:00:05+00:00","Dividends happening tomorrow 2021negative 08negative 26:  $AMJ $NEE $DEO $ADI $YUM","DEO",0.0
"2021-08-26 01:49:12+00:00","$DEO IGNORE ALL AUG 25th, ""IN THE MONEY"" positive ACTION negative  EX DIV NEXT BUSINESS DAY","DEO",-0.516
"2021-08-30 13:16:01+00:00","First out// $DEO: Diageo North America Launches New Online Experience and Tool to Encourage People in the U.S. to Avoid Impaired","DEO",0.2732
"2021-09-02 15:46:18+00:00","pessimist Forecasts September 02, 2021 08:42:00 PDT üêªüêªüêªüêªüêª ticker : log change intraday $CNI : negative 0.53 $LULU : negative 0.61 $PKI : 0.65 $FBRX : negative 0.25 $CAH : 1.76 $RIO : 0.91 $DEO : 0.02 $NOG : 3.13 $URBN : 0.16 $FIS : negative 2.01","DEO",-0.9538
"2021-09-10 15:41:57+00:00","pessimist Forecasts September 10, 2021 08:37:00 PDT üêªüêªüêªüêªüêª ticker : log change intraday $NOW : negative 0.16 $URA : 1.90 $XLNX : negative 0.44 $STZ : negative 0.83 $DEO : negative 0.17 $DSGX : 1.99 $WDAY : negative 1.06 $MVST : negative 3.06 $TEAM : negative 0.72 $TMUS : negative 1.37","DEO",-0.9862
"2021-09-10 15:47:27+00:00","pessimist Forecasts September 10, 2021 08:43:00 PDT üêªüêªüêªüêªüêª ticker : log change intraday $AMT : negative 0.95 $NOW : negative 0.31 $URA : 2.10 $XLNX : negative 0.44 $STZ : negative 0.86 $DSGX : 2.10 $DEO : negative 0.16 $WDAY : negative 1.16 $MVST : negative 3.02 $TEAM : negative 0.68","DEO",-0.9862
"2021-09-16 15:46:29+00:00","pessimist Forecasts September 16, 2021 08:42:00 PDT üêªüêªüêªüêªüêª ticker : log change intraday $CANO : 2.09 $PLBY : 0.20 $VIH : negative 0.68 $RIO : negative 2.03 $SAP : negative 0.27 $LC : negative 0.66 $MVST : negative 5.50 $DEO : negative 0.18 $ADNT : negative 3.07 $SIVB : negative 0.24","DEO",-0.9862
"2021-09-16 15:51:57+00:00","pessimist Forecasts September 16, 2021 08:47:00 PDT üêªüêªüêªüêªüêª ticker : log change intraday $IDXX : 0.43 $SHW : negative 0.31 $SAP : negative 0.21 $PLBY : 0.59 $UGL : negative 0.26 $RIO : negative 1.99 $DEO : negative 0.10 $LC : negative 0.52 $REAL : 4.39 $RACE : negative 0.03","DEO",-0.9825
"2021-09-16 15:57:32+00:00","pessimist Forecasts September 16, 2021 08:53:00 PDT üêªüêªüêªüêªüêª ticker : log change intraday $SHW : negative 0.35 $REAL : 4.46 $RACE : negative 0.03 $IDXX : 0.46 $RIO : negative 2.09 $DEO : negative 0.17 $LC : negative 0.07 $WM : negative 1.03 $RKLB : negative 2.14 $PLBY : 0.38","DEO",-0.9825
"2021-09-20 19:37:17+00:00","LosingStreak5 $AMC $39.58 negative 10.45% negative 23.43% 8.29% negative 28.27% 43.15 $CACC $594.29 negative 0.31% negative 3.08% 3.68% 37.64% 52.11 $CL $75.98 negative 0.32% negative 1.81% negative 2.79% negative 7.28% 33.24 $DEO $186.57 negative 1.81% negative 4.28% negative 5.96% negative 4.39% 31.51 $EL $310.00 negative 3.09% negative 6.89% negative 2.84% 3.68% 25.85","DEO",-0.996
"2021-09-21 13:07:07+00:00","LosingStreak5 $ARGO $50.73 0.00% negative 2.31% negative 6.21% negative 2.54% 39.34 $CL $76.17 0.00% negative 1.46% negative 3.55% negative 7.59% 34.29 $CLX $164.78 0.00% negative 4.33% negative 3.69% negative 6.08% 39.23 $COLD $33.70 negative 2.26% negative 4.56% negative 9.63% negative 12.08% 23.86 $DEO $187.43 0.00% negative 2.95% negative 4.24% negative 3.46% 32.96","DEO",-0.996
"2021-09-21 22:08:31+00:00","Whether we are in a recession or not People would keep: negative  Drinking Alcohol $DEO negative  Smoking $MO $BTI  negative  Eating chocolate $HSY $LISN $MDLZ negative  Brushing their teeth $CL negative  Eating food $NSRGY $MCD $GIS negative  Using toiletries $PG $UL $KMB","DEO",-0.9776
"2021-09-28 10:58:16+00:00","Citi opens 'positive 90negative day catalyst watch' on Diageo $DEO","DEO",0.5574
"2021-09-28 15:29:47+00:00","$deo green. I think a $mdlz play went out last night.","DEO",0.34
"2021-09-30 13:17:37+00:00","Futures positive, Europe mixed, Asia positive. China manufacturing PMI falls below 50. US Initial jobless claims in line. $BBBY misses, guides lower on reduced traffic. $KMX misses on lower margins. $MKC beats, guides in line. $LNDC misses, guides in line. $DEO guides higher.","DEO",0.0258
"2021-09-30 21:27:39+00:00","Tomorrow's #watchlist for #NYSE, #NASDAQ between $150 and $200: $DEO $SGEN $TTWO","DEO",0.0
"2021-10-01 10:57:12+00:00","Diageo price target raised to 3,000 GBp from 2,800 GBp at RBC Capital $DEO","DEO",0.0
"2021-10-01 10:57:14+00:00","Diageo sees organic sales momentum in all regions $DEO","DEO",0.0
"2021-10-01 16:44:33+00:00","Diageo price target raised to 4,200 GBp from 3,950 GBp at Credit Suisse $DEO","DEO",0.3818
"2021-10-02 16:20:00+00:00","ü•§ You can Drink your DIVIDENDS $5K invested in $KO = $160 in annual dividends $5K invested in $PEP = $144 in annual dividends $5K invested in $DEO = $128 in annual dividends $5K invested in $SBUX = $82 in annual dividends","DEO",0.0
"2021-10-03 14:40:30+00:00","Hmm $DEO looks good. Just a little more pullback would be mega.","DEO",0.4404
"2021-10-04 18:08:20+00:00","Just added Diageo to my portfolio and have recurring investments set on it. The company own popular alcoholic brands: Crown Royal, Ciroc, Smirnoff, Captain Morgan &amp; Baileys to name a few. Currently pays a 2.08% dividend ($4.02 annually) $DEO üç∫ #Finance #StockMarket #Investing","DEO",0.4215
"2021-10-11 16:49:37+00:00","Diageo price target raised to 4,400 GBp from 4,000 GBp at Barclays $DEO","DEO",0.0
"2021-10-13 12:17:00+00:00","Jump in fashion at $LVH persists even as their champagne &amp; cognac division is benefiting from global renegative opening. Wines &amp; spirits steady at positive 7% vs prenegative pandemic levels $DEO","DEO",0.7003
"2021-10-14 14:46:05+00:00","$DEO 's dividends are $2.42 per share. That's wild lol","DEO",0.6124
"2021-10-19 21:23:54+00:00","$DEO expects ~600 million new legal purchase age consumers to enter the market globally by 2031.","DEO",0.128
"2021-10-26 19:49:50+00:00","$ROAG Held at DTC 45,423,739 10/25/2021 and trading at $0.03 with 250,000 liters in barrels ready to age plus own blue agave plants, a complete ground to glass company! #mezcal #tequila #bourbon #whiskey #japanese #alcohol $BCCLF $DEO","DEO",0.4199
"2021-10-30 11:06:04+00:00","An equal weighted portfolio of the 3 top UK consumer staples stocks $BTI $UL and $Deo would give you a Dividend yield of about 4.7 % with exposure to almost all all relevant consumer goods markets.","DEO",0.2023
"2021-11-02 15:24:50+00:00","Get that breakout $deo","DEO",0.0
"2021-11-02 18:44:30+00:00","Diageo price target raised to 4,250 GBp from 4,200 GBp at Credit Suisse $DEO","DEO",0.3818
"2021-11-03 18:43:13+00:00","Largest stocks that hit new All Time Highs at some point today Microsoft $MSFT Nvidia $NVDA Novo $NVO Pepsi $PEP Costco $COST Blackstone $BX Linde $LIN $AMD Diageo $DEO Prologis $PLD Ferrari $RACE Dexcom $DXCM KLA $KLAC Public Storage $PSA Canadian Imperial $CM Marriott $MAR","DEO",0.0
"2021-11-03 21:08:03+00:00","Dailynegative5 $APPS $73.11 negative 18.68% negative 12.65% 5.41% 14.86% 41.10 $BROS $67.99 negative 5.04% 0.18% 51.19% nan% 60.87 $CAR $299.01 negative 16.28% 80.14% 147.24% 247.93% 74.33 $DEO $190.10 negative 6.22% negative 4.40% negative 1.51% negative 4.38% 37.40 $EOLS $7.58 negative 5.25% 0.26% 0.66% negative 32.50% 44.11","DEO",-0.9899
"2021-11-08 14:48:36+00:00","09:48 New 52wk Highs: $ACEL $BANC $DEO $EGY $HRI $INGR $NEWR $PH $WMS","DEO",0.0
"2021-11-08 20:10:06+00:00","Largest stocks that hit new All Time Highs at some point today Google $GOOGL Berkshire $BRK.B Broadcom $AVGO $AMD Linde $LIN Applied Materials $AMAT $TD Estee Lauder $EL Diageo $DEO Booking $BKNG Brookfield $BAM $ADP Workday $WDAY Eaton $ETN Ecolab $ECL $KLAC Marvell $MRVL","DEO",0.0
"2021-11-11 15:00:19+00:00","First out// $DEO: Guinness Celebrates the Season of Giving with Return of Limitednegative Edition &amp;#39;Guinness Gives Back&amp;#39; Packs Benefiting Community Relief","DEO",0.8481
"2021-11-11 17:18:36+00:00","Wall Street negative  U.S.A. Markets Better Valuation For $BUD $SAM $TAP.A $TAP $DEO $UVV $STZ $PEP $KO $AAL $UAL $DAL $LUV $TWAC $JBLU $ALK $SAVE $SPCE $CMCSA $URBN $F $GM $NCLH $RCL $CCL $XOM $CVX $BP $COP $HTZ $RDS.A $RDS.B @CNBCClosingBell @CNBCFastMoney @MadMoneyOnCNBC @jimcramer","DEO",-0.2023
"2021-11-12 14:46:35+00:00","09:46 New 52wk Highs: $ASIX $BW $CPRX $DEO $ENVA $LAND $LEU $PLYM $RYAN","DEO",0.0
"2021-11-12 16:21:44+00:00","A day in the life of a #Daytrader  Turns out I can't be a day trader on Robinhood, so I'm moving into an every few days trader... $AZO $DEO $SHW Follow apositive as I lose my shirt... ""Speculation is the new entertainment.""                Attributed to Howard Lindzon","DEO",-0.4019
"2021-11-12 20:16:05+00:00","Largest stocks that hit new All Time Highs at some point today Broadcom $AVGO Shopify $SHOP Union Pacific $UNP Blackrock $BLK Applied Materials $AMAT $TD Diageo $DEO Prologis $PLD Rivian $RIVN $ADP Sherwinnegative Williams $SHW Workday $WDAY Ecolab $ECL Marvell $MRVL $JCI Unity $U $TEL","DEO",0.0
"2021-11-15 15:18:36+00:00","10:18 New 52wk Highs: $AEL $DEO $OAS","DEO",0.0
"2021-11-16 13:22:38+00:00","#Diageo ( $DEO ) rose 2% in premarket trading after it issued strongernegative thannegative expected profit and sales guidance for 2023 through 2025, reversing the spirits maker‚Äôs prior stance of abandoning specific numerical guidance.","DEO",0.0772
"2021-11-16 14:48:37+00:00","09:48 New 52wk Highs: $ALV $DEO $VRSK $YELL","DEO",0.0
"2021-11-17 18:26:29+00:00","First out// $DEO: This Holiday Season, Nick Offerman Swaps Pinot Grigio for Lagavulin Whisky in an Anything But Average Art","DEO",0.2144
"2021-11-17 20:02:43+00:00","Largest stocks that hit new All Time Highs at some point today Microsoft $MSFT Home Depot $HD Netflix $NFLX Accenture $ACN Broadcom $AVGO Costco $COST Qualcomm $QCOM NextEra $NEE Lowe's $LOW Estee Lauder $EL Diageo $DEO Zoetis $ZTS Analog Devices $ADI General Motors $GM $TJX","DEO",0.0
"2021-11-18 19:13:18+00:00","Diageo price target raised to 4,770 GBp from 4,400 GBp at Barclays $DEO","DEO",0.0
"2021-11-18 20:18:09+00:00","Diageo price target raised to 4,300 GBp from 3,800 GBp at UBS $DEO","DEO",0.0
"2021-11-24 11:06:33+00:00","Diageo positivegraded to Hold from Sell at Investec $DEO","DEO",0.0
"2021-11-24 14:03:25+00:00","positivegrades 11/24: $AEG $CVX $DEO $DLTR $FMX $GRUB $SYBX $YSG  . negativegrades 11/24: $BABA $BBY $GPS $HTA $JACK $JWN $NOAH $PLAN $RPM $TITN","DEO",0.0
"2021-11-29 19:06:18+00:00","Still alive. $AZO $DEO $SMH $COST $SHW","DEO",0.3818
"2021-11-30 16:09:55+00:00","Whoa! I‚Äôm seeing a lot of red today. $COST $AZO $SMH $DEO $SHW","DEO",0.0
"2021-11-30 18:01:16+00:00","Diageo price target raised to 4,350 GBp from 3,800 GBp at JPMorgan $DEO","DEO",0.0
"2021-12-01 09:58:12+00:00","Diageo positivegraded to positive from Sell at Societe Generale $DEO","DEO",0.5574
"2021-12-01 14:03:15+00:00","positivegrades 12/1: $AEL $ARDX $ASR $BRX $COF $DASH $DEO $DTE $E $FRT $IMGN $LEN $OMAB $REG $UFCS   . negativegrades 12/1: $AWK $DHI $DNUT $MOMO $WOLF","DEO",0.0
"2021-12-02 10:54:33+00:00","Whelp, all red, but no stop losses triggered (yet) $AZO $COST $DEO $EXR $SMH $SHW üò¢","DEO",-0.8462
"2021-12-03 13:00:10+00:00","First out// $DEO: Impactnegative Focused Designer Sami Mir Collaborates with Crown Royal Regal Apple and TheFutureParty to Release positivecycled Garment for Auction with Proceeds Benefiting The CLEO","DEO",0.3818
"2021-12-06 16:53:12+00:00","12 Consumer Staples Dividend Stocks to positive!  These dividend stocks have consistent dividend increases! Some have a great stock split history! (1) $ACI  (2) $DEO (3) $ADM (4) $COST (5) $KO (6) $WMT (7) $SPB (8) $PEP (9) $KR (10) $TR (11) $PG (12) $CHD #dividend #dividends #nyse","DEO",0.8617
"2021-12-07 02:33:14+00:00","Pullback positive watch list from my engine negative  $DEO $AWI $GWW $MTH $TMHC $TRNO $NFG $FR $SHW $EGP $MMC $SKY $WSC $BLD $BLDR $CPT $CSL $EXR $LOW $SCI $FAST $FWONK $REXR $UFPI $FWRD $KNX $BBW $FRG $FRT $FLOW $AMBA $BRO","DEO",-0.0258
"2021-12-07 14:52:36+00:00","09:52 New 52wk Highs: $DEO $KEYS $PBT","DEO",0.0
"2021-12-07 19:40:14+00:00","Largest stocks that hit new All Time Highs at some point today Apple $AAPL Procter &amp; Gamble $PG Broadcom $AVGO Abbott $ABT McDonald's $MCD NextEra $NEE Lowe's $LOW Union Pacific $UNP Diageo $DEO Prologis $PLD Marsh $MMC $CME $CSX Marvell $MRVL NXP Semi $NXPI $RELX $PSA $MCHP","DEO",0.0
"2021-12-09 09:42:37+00:00","Diageo negativegraded to Underperform from Sector Perform at RBC Capital $DEO","DEO",0.0
"2021-12-09 09:46:58+00:00","Diageo negativegraded to Underperform from Sector Perform at RBC Capital $DEO","DEO",0.0
"2021-12-09 12:26:46+00:00","$DEO: RBC Capital Mkts cuts to Underperform","DEO",-0.296
"2021-12-09 12:32:48+00:00","$DEO RBC Capital analyst James Edwardes Jone negativegrades Diageo from Sector Perform to Underperform.","DEO",0.0
"2021-12-13 12:38:29+00:00","Starting the week with $ABT $HD $AZO $DEO $SMH $SHW $EFX $EXR $COST","DEO",0.0
"2021-12-14 13:00:00+00:00","Whether we are in a recession or not, people would still: negative  Shop at $WMT $DG $COST negative  Pay their utilities (gas, electric, water, phone) $VZ $ATO $FTS negative  Smoke, drink alcohol $MO $DEO negative  Use cosmetics and toiletries $PG negative  Take their medicine $PFE $JNJ $ABBV negative  Eat at $MCD","DEO",-0.9786
"2021-12-14 20:36:26+00:00","$AZO $DEO $COST $SHW $SMH $EFX $EXR $HD $ABT nothing in the strategy triggered today.","DEO",0.0
"2021-12-15 14:43:01+00:00","First out// $DEO: &amp;#39;Tis the Season to Give and Chill! Smirnoff ICE and Luxury Brand Cremsiffino are Releasing a Limitednegative Edition, Onenegative ofnegative anegative Kind Coffee Table Book with a","DEO",0.5707
"2021-12-16 19:15:42+00:00","$DEO seeing almost 4500 far OTM Jan $240 positives positive today $0.25 to $0.35, been seeing similar flows across consumer goods last two weeks with unusual far OTM Jan positive positives","DEO",0.9325
"2021-12-17 20:05:51+00:00","$DEO 240c 1/21/22 @ 0.35negative  0.40 SWING / DAY TRADE","DEO",0.0
"2021-12-20 15:57:08+00:00","$deo good either way","DEO",0.4404
"2021-12-21 09:45:08+00:00","People dumping @TokenCeres as the snapshot window for the $DEO airdrop closes are missing some key points. 1) At least 2 more airdrops planned '22. 2) Ceres tokenomics means burn only from here üî• 3) Spositiveply already reduced by c.2.5% 4) Growth in @sora_xor network = ‚è´for Ceres","DEO",-0.2263
"2021-12-22 14:51:37+00:00","09:51 New 52wk Highs: $DEO $EXR","DEO",0.0
"2021-12-23 01:36:20+00:00","Largest stocks that hit new 52Week Highs at some point Wednesday Broadcom $AVGO Cisco $CSCO Diageo $DEO Zoetis $ZTS Anthem $ANTM Infosys $INFY Bank of Nova Scotia $BNS Edwards $EW Iqvia $IQV National Grid $NGG Paychex $PAYX Cognizant $CTSH Nutrien $NTR Ferrguson $FERG $EXR $CERN","DEO",0.0
"2021-12-23 17:50:30+00:00","Largest stocks that hit new All Time Highs at some point today Broadcom $AVGO Abbott $ABT AbbVie $ABBV McDonald's $MCD Schwab $SCHW Diageo $DEO Zoetis $ZTS Anthem $ANTM $ADP Infosys $INFY $BNS Edwards $EW Synopsys $SNPS Palo Alto $PANW Iqvia $IQV Centene $CNC Paychex $PAYX $STZ","DEO",0.0
"2021-12-23 20:45:43+00:00","time to drink $DEO and go to Mexico $PLYA","DEO",0.0
"2021-12-27 20:04:33+00:00","Largest stocks that hit new All Time Highs at some point today UnitedHealth $UNH Procter &amp; Gamble $PG Broadcom $AVGO Accenture $ACN Abbott $ABT AbbVie $ABBV McDonald's $MCD Linde $LIN Applied Materials $AMAT $TD Estee Lauder $EL Diageo $DEO Zoetis $ZTS Anthem $ANTM Infosys $INFY","DEO",0.0
"2021-12-27 20:04:54+00:00","Largest stocks that hit new All Time Highs at some point today UnitedHealth $UNH Procter &amp; Gamble $PG Broadcom $AVGO Accenture $ACN Abbott $ABT AbbVie $ABBV McDonald's $MCD Linde $LIN Applied Materials $AMAT $TD Estee Lauder $EL Diageo $DEO Zoetis $ZTS Anthem $ANTM Infosys $INFY","DEO",0.0
"2021-12-29 14:41:36+00:00","09:41 New 52wk Highs: $DEO $SCI","DEO",0.0
"2021-12-29 16:02:12+00:00","Adding $DEO 240c 1/21/22 @ 0.20 swing.","DEO",0.0
"2021-12-29 18:00:17+00:00","pessimist Forecasts December 29, 2021 09:56:00 PDT üêªüêªüêªüêªüêª ticker : log change intraday $AMBA : negative 0.11 $URI : negative 0.79 $FIVE : 4.75 $TSP : negative 22.10 $ITW : 0.95 $PM : negative 0.05 $AKAM : negative 0.23 $DEO : 0.31 $LEN : 0.90 $PLBY : negative 0.90","DEO",-0.9769
"2021-12-30 01:50:24+00:00","Largest stocks that hit new All Time Highs @ some point Wednesday UnitedHealth $UNH Procter &amp; Gamble $PG Accenture $ACN Costco $COST AbbVie $ABBV McDonald's $MCD Linde $LIN Union Pacific $UNP Applied Materials $AMAT Prologis $PLD Diageo $DEO Anthem $ANTM $ADP Mondelez $MDLZ $SHW","DEO",0.0
"2022-01-04 20:02:26+00:00","Top 20 positives in alphabetical order: $BMY, $BTC, $BRKB, $BX, $COIN, $CVS, $DEO, $EPD,  $ETH.X, $HEINY, $KO, $KR, $MDT, $PEP, $PG, $PRU, $RGNX, $STZ, $TGT, $VRTX Only $BMY, $BTC, $BRKB, $COIN, $CVS, $EPD, $HEINY, $STZ and $VRTX are still positives. Trimming others.  It's value time","DEO",0.875
"2022-01-04 20:22:00+00:00","Largest stocks that hit new All Time Highs at some point today Apple $AAPL Berkshire $BRK.B Cocanegative Cola $KO Toyota $TM Pepsi $PEP McDonald's $MCD Schwab $SCHW Union Pacific $UNP $TD Diageo $DEO $LRCX General Motors $GM Mondelez $MDLZ $TJX $PNC $CSX Illinois Tool $ITW","DEO",0.0
"2022-01-08 22:39:17+00:00","Looking at November NABCA $DEO $DGE is on fire","DEO",-0.34
"2022-01-18 22:28:41+00:00","Diageo price target raised to 4,650 GBp from 4,530 GBp at Deutsche Bank $DEO","DEO",0.0
"2022-01-18 22:29:30+00:00","Diageo price target raised to 4,650 GBp from 4,530 GBp at Deutsche Bank $DEO","DEO",0.0
"2022-01-20 15:46:26+00:00","ü•≥ The SORA Crowdloan for a @kusamanetwork parachain slot is now live on Polkadot.js and @FearlessWallet  Other apps will open the crowdloan in the coming hours The first 5000 KSM contributed receive 2 $DEO per $KSM, the top 100 contributors receive a unique @RmrkApp NFT $XOR","DEO",0.2023
"2022-01-24 15:50:11+00:00","Diageo to sell Meta Abo Brewery in Ethiopia, terms not disclosed $DEO","DEO",0.0
"2022-01-24 15:51:56+00:00","Diageo to sell Meta Abo Brewery in Ethiopia, terms not disclosed $DEO","DEO",0.0
"2022-01-25 18:41:29+00:00","$VINE is at a great positiveout price by one of these companies below.  Great addition in keeping Julianne Hough and Nina Dobrev as your brand ambassadors/spoke persons. $KO $PEP $SBES $BUD $DEO #wine #winelover $TAP $VWE $BA $LAC $PCG $DWAC $MSFT $GOOG $AMZN $AMC $GME $FSR $SBTX","DEO",0.8481
"2022-01-26 22:47:07+00:00","#negative #watchlist for #trading on #nyse #nasdaq between $150 and $200: $ARE $AWK $BA $CLX $COIN $DEO $ECL $JKHY $NDAQ $PEP $PG $PKI $PODD $RNR $SPOT $SUI $TM $ZTS","DEO",0.0
"2022-01-27 08:58:47+00:00","Diageo increases interim dividend by 5% $DEO $DGE","DEO",0.0
"2022-01-27 10:41:37+00:00","$MDLZ pt 77 @ Mizuho   $NOMD int positive @ Mizuho pt 31  $OTLY int NEUTRAL @ Mizuho pt 7  $DEO Drinks gropositive Diageo on Thursday reported firstnegative half sales positive nearly 16%, buoyed by highnegative end spirits for home use while bars increased orders as they reopened after coronavirus locknegatives","DEO",0.8519
"2022-01-27 13:04:00+00:00","Almost each time Diageo reports I end positive saying this business has such great brands, it can run itself almost despite management. Organic sales positive 20% (despite increased restrictions in Europe) &amp; profit positive 25%. $DEO $BUD $TAP $KO $BF.B","DEO",0.9633
"2022-01-27 13:07:00+00:00","Diageo volume positive 9% and an incredible 11 points of pricing on top to get to sales positive 20%. Awesome pricing power. Lat Am got 29 points of pricing but US also spositiveer strong with 12 points of price. Wow. $DEO $KO $BUD $TAP $BF.B #inflation","DEO",0.9531
"2022-01-27 13:11:00+00:00","This stellar Diageo performance is not just an easy compare. Vs prenegative pandemic, $DEO sales are 25% higher in past 6 months. US positive a stonking 34% with Lat Am &amp; Africa also very strong. Again, in awe of the power of these brands. $BUD $TAP $KO $BF.B","DEO",0.6991
"2022-01-27 14:12:33+00:00","$DEO positive level @ $161 w/ PT @ $252 &amp; SL @ $147.","DEO",0.5574
"2022-01-27 22:55:29+00:00","#EARNINGSüåéJAN27Th R15 $7.5T! MktCap $AAPL!' SMSN) $V' $MA $LVMUY. $CMCSA $SAP. $F $BX $TEAM' $MCD $DHR $SYK' $MMC $STM $KLAC' $NOC $MO $MDLZ' $DEO. $DB. Hynix) #IPOüå±R11: KR: LG Energy Soln 15% float of $100B MCap #2 #EV batry co; #1:CN #CATL JAN26Wed R12 $3.5T: $TSLA!' $INTC'..","DEO",0.4545
"2022-01-28 19:14:13+00:00","Diageo price target raised to 3,200 GBp from 3,100 GBp at RBC Capital $DEO","DEO",0.0
"2022-01-28 19:17:02+00:00","Diageo price target raised to 3,200 GBp from 3,100 GBp at RBC Capital $DEO","DEO",0.0
"2022-01-28 19:53:47+00:00","Diageo price target raised to 4,500 GBp from 4,400 GBp at Credit Suisse $DEO","DEO",0.3818
"2022-01-28 19:57:06+00:00","Diageo price target raised to 4,500 GBp from 4,400 GBp at Credit Suisse $DEO","DEO",0.3818
"2022-01-31 18:30:48+00:00","Diageo to invest GBP 73M in 'Guinness at Old Brewer's Yard' in London $DEO","DEO",0.0
"2022-01-31 18:31:31+00:00","Diageo to invest GBP 73M in 'Guinness at Old Brewer's Yard' in London $DEO","DEO",0.0
"2022-02-01 18:35:08+00:00","Diageo price target raised to 4,800 GBp from 4,770 GBp at Barclays $DEO","DEO",0.0
"2022-02-01 18:35:53+00:00","Diageo price target raised to 4,800 GBp from 4,770 GBp at Barclays $DEO","DEO",0.0
"2022-02-01 20:25:33+00:00","$DEO I have definitely added to those earnings in the last copositivele of years.","DEO",0.4019
"2022-02-01 20:37:24+00:00","Man I would love to have his Bar. $DEO","DEO",0.6369
"2022-02-17 14:12:28+00:00","MJ In Play Alert negative  Ticker: $DEO   DateTime: 2022negative 02negative 17 08:12   Price: 198.68   ATR: 3.33   Daily RVOL 0.88   Beta: 0.67   negative Float: 0.09%","DEO",-0.5859
"2022-02-19 02:50:37+00:00","Them: can't wait for $tsla to moon! üöÄ Tech is the future, and everything else sucks! Me: can't wait for someone to drop some egg in their beer, so I can start positive $bf.a and $deo üçª","DEO",0.2138
"2022-02-24 21:52:24+00:00","#negative #watchlist for #trading on #nyse #nasdaq between $150 and $200: $DEO $EXPE $IYK $PG $UTHR","DEO",0.0
"2022-02-25 17:09:54+00:00","Happy last Friday before Mardi Gras to the brothers that pay child spositiveport and drink Guinness in the place of whole meals... You know we gotta get this $DEO paper.","DEO",0.5106
"2022-02-25 21:45:24+00:00","Its time to pour positive for real. The price of Guinness' parent company @DiageoGB  ( $DEO ) just jumped eight dollars and ninetynegative three cents going into the weekend, like ""yeah mate!"" Is this profiteering?","DEO",0.7809
"2022-03-04 17:06:52+00:00","I regretted not backing positive the truck to load positive on $DEO back in 2020, hoping 2022 provides another great positive opp","DEO",-0.5493
"2022-03-05 00:31:12+00:00","#negative #watchlist for #trading on #nyse #nasdaq between $150 and $200: $COIN $DEO $OKTA $VEEV","DEO",0.0
"2022-03-06 12:24:14+00:00","I‚Äôve just positivedated my shopping list for the positivecoming week: $WMB $AY $TRTN $PFG $UGI $REG $VFC $MRK $DLR $ED $BMO $BTI $C $CB $CINF $CL $CM $CNQ $DEO $EMN","DEO",0.0
"2022-03-07 13:07:18+00:00","Dailynegative5 $AOS $64.21 negative 6.11% negative 6.37% negative 14.61% negative 18.77% 28.57 $BUD $52.90 negative 5.32% negative 14.44% negative 17.16% negative 5.06% 28.81 $DDS $240.00 negative 5.80% negative 4.27% negative 7.17% negative 12.38% 45.57 $DEO $177.36 negative 5.24% negative 11.18% negative 15.53% negative 12.70% 24.12 $HESAY $120.50 negative 5.41% negative 12.59% negative 21.41% negative 36.04% 28.61","DEO",-0.9974
"2022-03-07 15:28:17+00:00","#WallStreet üá∫üá∏ Today‚Äôs Losers: $DEO negative 5% $UL negative 4% $BTI negative 4% $UAL negative 4% $FAS negative 3% $GLPG negative 3% $NVAX negative 3% $UBS negative 3% $STLA negative 3% $BUD negative 3%","DEO",-0.9914
"2022-03-07 18:21:50+00:00","Looking at the top 10 constituents of UK100 negative  $AZN, $GSK, $ANGPY, $DEO, $RIO, $HSBC, $PRU, etc..trading dirt cheap. Not really my strong side but it looks like the ultimate asset heavy/cash flow antinegative inflation play??! Would really appreciate @LynAldenContact's 2c on the topic.","DEO",0.8195
"2022-03-07 18:59:17+00:00","positive 6 units of $DEO at $177.87","DEO",0.5574
"2022-03-08 08:17:34+00:00","yesterday positive list 10 units of $BMO at $112.85 27 units of $BTI at $39.86 20 units of $C at $55.19 5 units of $CB at $202.15 9 units of $CINF at $120.41 15 units of $CL at $76.23 9 units of $CM at $123.59 6 units of $DEO at $177.87 10 units of $EMN at $109.91","DEO",0.5574
"2022-03-09 17:07:20+00:00","Dailypositive5 $DDOG $138.18 8.69% negative 15.99% negative 8.04% negative 18.45% 42.50 $DEO $187.57 5.44% negative 3.87% negative 8.57% negative 8.61% 40.88 $DKS $110.91 9.18% negative 0.29% negative 0.55% negative 2.63% 53.12 $DOCU $99.17 7.82% negative 13.31% negative 16.28% negative 57.59% 36.92 $DT $42.65 5.57% negative 6.49% negative 9.72% negative 29.27% 43.97","DEO",-0.9955
"2022-03-10 15:21:41+00:00","First out// $DEO: DM&amp;#39;ing All Creators and Mixologists: NEW Captain Morgan Cherry Vanilla Combines Notes of Nostalgia with a Modernnegative Day Twist for the Perfect","DEO",0.5719
"2022-03-12 14:34:41+00:00","$DKNG $DEO $MGM $CPB Gambling liquor and food have now fear of a recession. We have priorities!!! Add the next drop in these and look 3negative 6 months ahead üëçüö®üö®üö®üö®","DEO",-0.8392
"2022-03-16 09:55:37+00:00","Wall Street negative  U.S.A. Markets negative  Better Valuation For $MGM $CRSR $GNOG $LVS $HLT $MAR $WWE $PDYPY $LYV $IGT $VAC $WYNN $CZR $SRAD $PM $ZNGA $SGHC $CGC $DKNG $PENN $PGRE $IMAX $DRE $SPG $TMHC $TOL $DHI $SAM $UVV $BUD $TAP.A $TAP $DEO $STZ $MNST $HEINY $TLRY @SquawkCNBC @SquawkStreet","DEO",-0.6705
"2022-03-17 00:41:22+00:00","#positive #watchlist for #trading on #nyse #nasdaq between $150 and $200: $DEO $LPLA $MAR $PNC $TT $WSM","DEO",0.0
"2022-03-17 11:39:25+00:00","#premarket actions: $CL positive 5.2% $GC 1,8% $NQ /0.4% $ES /0.3% #citi maintained positive $AA TP $84 and Neutral $DOYO TP $2,4 positivegrades: $CSX $RL $DEO Gapping positive: $INDO $PD $REI $OCUL $WSM $SIG negative: $DDL $WRBY $CWEB $DAVE $SCO $ZTO #stockstowatch #RATING  #StockMarket","DEO",0.7964
"2022-03-17 12:44:06+00:00","positivegrades 3/17: $AZPN $CSX $DEO $ECL $FTV $HCAT $LLNW $NCLH $OSH $QURE $RL $UNFI","DEO",0.0
"2022-03-18 03:03:54+00:00","Can't believe I missed $DEO at $175. Was on vacation, but need something that will blow positive my phone when big moves happen","DEO",0.7464
"2022-03-19 01:49:18+00:00","MY wide moat stocks ex US &amp; Japan; üá®üá≠ $NESN.SW $ROG.SW üá©üá™ $SHL.DE üá´üá∑ $MC.PA üá¨üáß $EXPN.L $AZN $UL $DEO $BTI üá©üá∞ $NVO üá®üá¶ $CP $CNI $RY $TD üá≥üá± $ASML üáπüáº $TSM","DEO",0.0
"2022-03-29 17:42:22+00:00","They say Constellation Brands $STZ has a wide moat, and exemplary capital allocation. I don't see it. I recognize Svedka, Corona, and Modelo.  All of their other brands sound like cheap alternatives to top shelf. Compare this to Diageo $DEO:","DEO",0.5106
"2022-04-11 13:24:28+00:00","Tommy Tuberville sold between $1,001 negative  $15,000 of $DEO stock on 2022negative 03negative 30.","DEO",-0.5719
"2022-04-13 12:15:00+00:00","Champagne strong at $LVMH with volume positive 14% in Q1 as onnegative trade business surged in Europe &amp; Japan. More evidence of folks willing to splurge on celebrations &amp; going out. Spend shift to experiences in full swing but not at expense of luxury goods. $DEO $ABNB $MAR","DEO",0.6187
"2022-04-19 16:54:14+00:00","Here‚Äôs a list of some great international dividend stocksüí∞ $TSM Taiwan Semiconductor  $NSRGY Nestle $RY Royal Bank of Canada $TM Toyota $DEO Diageo $FTS Fortis $RHHBY Roche $NVO Novo Nordisk $GSK GlaxoSmithKline $UL Unilever What are some of your favorites?","DEO",0.7845
"2022-04-20 12:02:00+00:00","Heineken Q1 price/mix scorching 19%(!) on both trading positive &amp; pricing. And guess what? Volume still accelerated positive 5.2% driven by Europe. Yes Europe, despite the panic over consumption $BUD $DEO $TAP $PEP $KO $XLP $XLY","DEO",0.9168
"2022-04-20 13:01:07+00:00","First out// $DEO: Orphan Barrel Whiskey Distilling Co. Introduces Fable &amp; Folly, A Rare Spirit Crafted from Recovered Kentucky Whiskey","DEO",0.1779
"2022-04-21 23:37:04+00:00","Tobacco stocks are even better $PM $MO. Guess people smoke more during stress times. Maybe need to looks for alcohol stocks $DEO $BF.B too since people also drinks more under stress.  Just a thought.","DEO",-0.5034
"2022-04-26 13:00:51+00:00","First out// $DEO: Lone River Beverage Co. Continues to Pioneer Agave Segment with Launch of New Margarita Style Beverage, Ranch","DEO",-0.2732
"2022-04-27 09:01:22+00:00","Diageo negativegraded to Hold from positive at Deutsche Bank $DEO","DEO",0.5574
"2022-04-27 13:08:57+00:00","positivegrades 4/27: $ARCC $AVY $BAM $ECL $FELE $HAL $RHI $RSI $SLB  . negativegrades 4/27: $BK $COF $CRI $DEO $EURN $JBLU $LPL $MOLN $ORAN $PCH $SKYW","DEO",0.0
"2022-04-28 12:02:00+00:00","Carlsberg joins Heineken with very strong start to year. Revenue/litre positive 13% on pricing &amp; rebound in onnegative trade. Volume positive 9%, hurt by Eastern Europe, but Western Europe positive 15%. Early but so far still plenty of resilience even in beleaguered Europe. $TAP $BUD $DEO $XLP","DEO",0.8624
"2022-05-04 17:32:47+00:00","First out// $DEO: Proudly Sweet, Shamelessly Spicy! Smirnoff Is Throwing An Unexpected, Spicynegative Sweet Celebration For The Entire","DEO",0.8172
"2022-05-05 11:27:37+00:00","In the case of a major drawnegative, we will be adding to $LVMUY, $HESAY, $DEO, $BF.B, $ISRG. Companies with difficult to penetrate moats but far to pricey at these levels.","DEO",-0.1901
"2022-05-19 01:27:51+00:00","Could this be the start of SORA summer positivegrades? Don't miss it, big positivedates are coming.. $XOR $VAL $PSWAP $CERES $DEO  @SORA_XOR @TokenCeres","DEO",0.1139
"2022-05-19 13:29:52+00:00","Demeter reached a new allnegative time high of $8.93. üìà $DEO #DEO #Demeter","DEO",0.1027
"2022-05-19 14:30:52+00:00","Worst performing large cap stocks in today's early trading Ciscoo $CSCO Hewlett Packard $HPE Icahn $IEP Clorox $CLX $DELL NetApp $NTAP Philip Morris $PM Target $TGT Broadcom $AVGO Darden $DRI $HP Dollar Tree $DLTR Unilever $UL Altria $MO Diageo $DEO Union Pacific $UNP Visa $V","DEO",-0.6249
"2022-05-20 20:19:49+00:00","First out// $DEO: Copper Dog Partners With Dog Charities Across The Country To Match Pet Adoption Fees on National Rescue Dog","DEO",0.7579
"2022-05-20 20:20:30+00:00","$DEO Copper Dog Partners With Dog Charities Across The Country To Match Pet Adoption Fees On National Rescue Dog Day  Stock News Alerts In Bio","DEO",0.7579
"2022-05-21 12:25:34+00:00","What do you like most about #Demeter? I like staking at 1700% APR on the free $DEO I got with @sora_xor's $KSM crowdloan and the additional positive 3000% APR on my LPs that I already had on @polkaswap since 2021. Whats positive with the positivecoming DEO Arena P2E game ?  @TokenCeres","DEO",0.9419
"2022-05-23 17:05:10+00:00","I did a lot of selling &amp; positive last week in the stock market  Sold off my positions in $TSLA $DIS $IPOF $WBD &amp; $DOGE  And added to my positions in $GM $LCID $DEO $MGM $ABBV $RSG $MSFT $O &amp; $AAPL  #investing #finance #stockmarketcrash üìâüìàüí∞","DEO",0.5574
"2022-05-26 16:00:04+00:00","WIDE ECONOMIC MOAT by Morningstar $BLK  $DEO  $LMT  $CAT #dividend #investing #stocks #success #motivation #passiveincome","DEO",0.0
"2022-05-27 10:03:04+00:00","Newly added today on isthiscoinascam(1/2) Arabian City $ACITY Shkreli Inu $SHKI Bancambios Ax $BXS Petsneaker $PSC Demeter $DEO Favor $FAVOR Home To Earn $H2E Monopolon $MGM Phuture Defi Index $PDI Konnect $KCT Spiceusd $USDS Inflation Adjusted Usds $IUSDS #crypto","DEO",0.4019
"2022-05-31 18:11:18+00:00","$DEO Smirnoff Red, White &amp; Berry Names Kaley Cuoco As Chief Summer Officer To Reboot Summer Fun Stock News Alerts In Bio","DEO",0.5106
"2022-06-02 15:30:59+00:00","When talking value, I like looking at the Market to BV Ratio (w/ taking out GW of assets) Here is how Canna holds positive to CPG $GTBIF 2.68 $TCNNF 2.02 $CURLF 3.91 $VRNOF 2.27 $CRLBF 5.13 $DEO 18.45 $PG 64.00 $SAM 4.93 $YETI 10.10 $BUD, $MO &amp; $CROX have negative values #MSOGang","DEO",0.7579
"2022-06-04 13:57:42+00:00","Dividend Growth Stocks for June: $AAPL 0.63% $MSFT 0.92% $ABBV 3.83% $NVDA 0.085% $BLK 2.91% $KR 1.60% $AMT 2.14% $MO 6.69% $SBUX 2.48% $TGT 2.24% $WM 1.63% $LOW 2.15% $eBay 1.87% $DEO 2.14% $CMI 2.75% $XOM 3.55% $KO 2.79% $CHD 1.18% Do you own any of these? Name some others!","DEO",0.4389
"2022-06-06 13:17:55+00:00","$DEO CASCADE MOON PROVES QUALITY IS NOT INHERENTLY TIED TO PROOF WITH LAUNCH OF 15 YEAR OLD SPIRIT Stock News Alerts In Bio","DEO",0.347
"2022-06-08 14:45:09+00:00","Worst performing large cap stocks in today's earlier trading China Petro $SNP Zendesk $ZEN Huaneng $HNP Altria $MO Intel $INTC Carnival $CCL Arcelor $MT Charles River $CRL Royal Caribbean $RCL $XP $UBS Clevelandnegative Cliffs $CLF Constellation $CEG Union Pacific $UNP Diageo $DEO","DEO",-0.6249
"2022-06-08 20:32:56+00:00","$DEO optimisteit Frontier Whiskey And American Forests Harness The Power Of Art And Independent Creators At Tribeca Festival To Ignite Action For Tree Equity Stock News Alerts In Bio","DEO",0.4939
"2022-06-10 18:30:38+00:00","$deo DOUBLETAP ü§î","DEO",0.0
"2022-06-13 13:40:45+00:00","09:40 New 52wk Lows: $CVAC $DEO $EBIX $FA $FLYW $FR $FULC $GBDC $GILT","DEO",-0.2023
"2022-06-14 14:46:44+00:00","Just randomly thinking but $MO $BUD $DEO or any other huge company with great distribution &amp; systems should create a private company &amp; acquire all the US $MSOS, take them private, then public when safe banking passes. Would be a national chain like $CVS $WBA of pot dispensaries.","DEO",0.9604
"2022-06-15 15:51:19+00:00","Food and Beverage Dividend Stocks: Stock / Yield $MCD 2.33% $PEP 2.93% $KO 2.96% $QSR 4.45% $DEO 2.32% $HRL 2.31% $TAP 2.94% $K 3.41% $TSN 2.18% $BUD 2.15% Powerful Dividend Growth Stocks: $PG 2.80% $CVX 3.42% $XOM 3.69% $TGT 2.91% $GD 2.31% $WM 1.80% $LOW 2.36% $O 4.61%","DEO",0.6597
"2022-06-16 18:45:16+00:00","$DEO Drizly And Diageo Levelnegative positive Lastnegative Minute Father's Day Gifting Stock News Alerts In Bio","DEO",0.5574
"2022-06-19 12:09:07+00:00","10 Best Stocks for Dad this Father‚Äôs Dayüëá $HD üõ† $SWK üß∞ $YETI üßä  $WEBR üçó $DEO ü•É $SAM üç∫  $PG ü™í $CWH üèï $DKS üé£ $ELY ‚õ≥Ô∏è  What would you add?","DEO",0.6369
"2022-06-19 17:12:07+00:00","Father‚Äôs Day Special of Dad Dividend Stocksüí∞ $F Ford $DEO Diageo $LOW Lowe‚Äôs $COST Costco $DE Deere &amp; Co. $HD Home Depot $GM General Motors $TSCO Tractor Spositiveply $ITW Illinois Tool Works $SWK Stanley Black &amp; Decker Are you holding any of these?","DEO",0.4019
"2022-06-22 17:34:08+00:00","$DEO JESSI POLLAK NAMED 2022 U.S. BARTENDER OF THE YEAR IN THE USBG PRESENTS WORLD CLASS SPONSORED BY DIAGEO NATIONAL FINALS Stock News Alerts In Bio","DEO",0.0
"2022-06-22 18:00:07+00:00","Popular: $GRC, $ETFC, $ATOM.X, $CMC, $RAD, $FHN, $SBLK, $WEBR, $RNW, $DSAC, $DEO, $LKFN, $EPSN, $MMM, $MOD","DEO",0.4215
"2022-06-23 21:49:46+00:00","Why are alcohol (esp spirits/wine) companies priced like tech stocks last year? What am I missing?  $DEO $NAPA $STZ","DEO",0.168
"2022-06-24 10:52:40+00:00","$DEO(175.40) positive 4.30 ... thin ndn...","DEO",0.5574
"2022-06-24 17:40:59+00:00","ah shit... $DEO hit the prenegative rona level last week?","DEO",0.0
"2022-06-28 14:38:31+00:00","DIAGEO TO ""WIND negative"" RUSSIA OPERATIONS negative  SPOKESPERSON $DEO","DEO",-0.8126
"2022-06-29 09:11:30+00:00","$DEO ‚Üìnegativegrade Diageo negativegraded to Sell from Hold at Deutsche Bank","DEO",0.0
"2022-06-29 10:42:36+00:00","$DEO negativegraded to Sell from Hold at Deutsche Bank","DEO",0.0
"2022-06-29 10:56:34+00:00","Diageo plc is negative negative 2.03% in the prenegative market $DEO","DEO",-0.8126
"2022-06-29 18:44:28+00:00","üëëDiageo shares are trading lower after Deutsche Bank negativegraded the stock from Hold to Sell. üçø   $DEO ü•á","DEO",0.0
"2022-07-01 00:52:01+00:00","With markets negative, #PassiveIncome via #Dividends hedge losses. Some #watchlist opps (w/ yield) heard on 3ü¶å #podcast: üí≥  $C 4.44% üß™  $EMN 3.39% üìû  $IDCC 2.30% üçæ $DEO 2.27% üè¶  $FIS 2.05% üéß  $DLB 1.96% üí™ $CHD 1.13% üì±  $AAPL 0.67% üéÆ  $EA 0.62% ü•É  $BFB 1.07% üíª $BSY 0.36%","DEO",-0.7506
"2022-07-01 13:50:01+00:00","Worst performing large cap stocks at today's open Taiwan Semi $TSM Sasol $SSL $ASML Lam Research $LRCX Deutsche $DB KLA $KLAC Micron $MU United Micro $UMC Applied Materials $AMAT Diageo $DEO Western Digital $WDC $BHP $TECK On Semi $ON Philiips $PHG $AMD $BBD AstrraZeneca $AZN","DEO",-0.3182
"2022-07-01 20:34:42+00:00","#negative #watchlist for #trading on #nyse #nasdaq between $150 and $200: $CAT $CCMP $CDW $DEO $LPLA $SMH","DEO",0.0
"2022-07-01 22:02:46+00:00","negativeting a wrap on Q2, my top 20 dividend holdings in order:  1. $SCHD 2. $JNJ 3. $KO 4. $PG 5. $VYM 6. $PEP 7. $UL 8. $CL 9. $TROW 10. $ABBV 11. $PM 12. $DEO 13. $BTI 14. $HSY 15. $JEPI 16. $BEN 17. $ITW 18. $CAT 19. $XOM 20. $MO","DEO",0.2023
"2022-07-03 22:19:26+00:00","Some notable returns through Q2 in what has been a challenging start to 2022 (not including dividends or dividend reinvestment):  38% $XOM 14% $HSY 9% $KO 5% $JNJ 4% $PM negative 2% $PEP negative 3% $CL negative 10% $PG negative 12% $MO negative 14% $UL negative 14% $CAT negative 22% $DEO negative 28% $MMM negative 29% $BEN negative 32% $BLK negative 41% $TROW","DEO",-0.9913
"2022-07-05 14:00:24+00:00","$DEO $COCO Diageo And The Vita Coco Company Collaborate For Premium Canned Cocktail Line Stock News Alerts In Bio","DEO",0.0
"2022-07-05 20:37:55+00:00","#negative #watchlist for #trading on #nyse #nasdaq between $150 and $200: $CAT $DEO $GLD","DEO",0.0
"2022-07-06 18:20:25+00:00","pessimist Forecasts July 06, 2022 11:16:00 PDT üêªüêªüêªüêªüêª ticker : log change intraday $IYT : negative 0.33 $XME : negative 1.22 $SSD : negative 1.52 $ZSL : 0.19 $BBIO : negative 1.38 $DEO : negative 0.70 $CORN : 0.37 $CMA : negative 1.42 $SWAV : negative 2.61 $IPI : negative 1.45","DEO",-0.9862
"2022-07-06 18:23:30+00:00","pessimist Forecasts July 06, 2022 11:19:00 PDT üêªüêªüêªüêªüêª ticker : log change intraday $IYT : negative 0.32 $ZSL : 0.19 $XME : negative 0.95 $SSD : negative 1.52 $DEO : negative 0.56 $BBIO : negative 1.01 $CORN : 0.40 $CMA : negative 1.18 $IPI : negative 1.24 $TRTN : negative 1.10","DEO",-0.9862
"2022-07-19 12:39:26+00:00","The highest volume in prenegative market  $STIM $APLD $DEO  $TANH $QD","DEO",0.0
"2022-07-22 04:20:55+00:00","What makes Player 2 different? Collateral. $DEO is our currency, and it will be collateralized. Many countries have a ""currency reserve"" which comprises of foreign currencies. This creates intrinsic value, and allows for a stable exchange rate. üßµüëá","DEO",0.6908
"2022-07-26 18:57:21+00:00","$LVMH Q2 sales positive strong positive 19% after positive 23% in Q1, despite tougher compares. All divisions bar beauty positive double digit. Fashion positive 19%, wines &amp; spirits positive 30%. So far, luxury is not even blinking despite big falls in public markets &amp; caution over real estate. $EL $DEO","DEO",0.9821
"2022-07-27 20:29:42+00:00","#positive #watchlist for #trading on #nyse #nasdaq between $150 and $200: $AJG $AWK $DEO $EXR $FFIV $IEX $ITW $JAZZ $PKI $SRE","DEO",0.0
"2022-07-28 12:49:30+00:00","Nestle lifts forecast from positive 5% to 7negative 8% on strong pricing, good volume everywhere &amp; solid earnings growth. @FT still leads with paltry 50bp ‚Äòhit to margins‚Äô. Framing is everything üôÑ $XLP $NSRGY $KO $DEO $KHC","DEO",0.9186
"2022-07-28 20:32:54+00:00","#positive #watchlist for #trading on #nyse #nasdaq between $150 and $200: $AJG $ARE $AWK $CDNS $DEO $EXLS $EXR $HEI $HKD $HON $NDAQ $PKI $SRE $VRSK $WHR $ZTS","DEO",0.0
"2022-07-29 17:28:36+00:00","Dividend Stocks in the Consumer Staples Sectorüí∞ $UL Unilever $DEO Diageo $PEP PepsiCo $COST Costco $KO Cocanegative Cola $MO Altria Gropositive $PM Phillip Morris $KMB Kimberlynegative Clark $PG Procter &amp; Gamble $CL Colgatenegative Palmolive Are you holding any of these?","DEO",0.0
"2022-07-31 01:54:22+00:00","This week I'll also have my auto $60 per day into $VOO, that position almost is at $7,000 since I started. Eyes on $DEO, $AFL, $PEP, $SMG... Have you prepared your investments for the week??","DEO",0.3094
"2022-08-01 13:00:48+00:00","$DEO SIA SCOTCH WHISKY TO SpositivePORT ENTREPRENEURS OF COLOR IN THE FOOD, BEVERAGE &amp; HOSPITALITY INDUSTRY WITH THE RETURN OF THE ENTREPRENEURIAL SPIRIT FUND Stock News Alerts In Bio","DEO",0.347
"2022-08-08 06:39:02+00:00","SORA: The New Economic Order IS THE FUTURE. $XOR $VAL $PSWAP $NOIR $XSTUSD $CERES $DEO","DEO",0.0
"2022-08-09 02:12:17+00:00","Invest in things people are addicted to üö¨ $MO ‚òïÔ∏è $SBUX üì± $AAPL üì∫ $GOOGL üîû $RICK üïπ $MSFT üíâ $JNJ üç© $PEP ü•É $DEO ü•§ $KO What else?","DEO",0.0
"2022-08-12 16:47:24+00:00","Here‚Äôs a List of some International Dividend Stocksüí∞ $FTS Fortis $TM Toyota $UL Unilever $DEO Diageo $RHHBY Roche $NSRGY Nestle $NVO Novo Nordisk $GSK GlaxoSmithKline $RY Royal Bank of Canada $TSM Taiwan Semiconductor  What are some others you would add?","DEO",0.0
"2022-08-19 13:19:07+00:00","Dividend Growth Stocks: $ABBV AbbVie  $PFE Pfizer $JNJ Johnson &amp; Johnson $SYK Stryker Corporation  $PEP PepsiCo $KO Cocanegative Cola $PG Proctor &amp; Gamble  $MSFT Microsoft $APPL Apple Inc $BDX Becton Dickinson $DEO Diageo $HD Home Depot $WM Waste Management Name your favorite below üëá","DEO",0.4215
"2022-08-21 18:00:12+00:00","Dividends this week 2022negative 08negative 22:  $JNJ $PRU $WELL $MFC $NDSN 2022negative 08negative 23:  $AFL $SLF $VTRS $NInegative B $RE 2022negative 08negative 24:  $AMAT $SBAC $DFS $CDW $PBA 2022negative 08negative 25:  $SPGI $DEO $KHC $HLT $NWG 2022negative 08negative 26:  $NOC $PH $YUM $LYB $AIZ","DEO",0.0
"2022-08-23 09:34:51+00:00","negative negative  Competition Time negative negative   Describe what Player 2 is, in one tweet üëá Prizes 1st: 200 $DEO 2nd: 100 $DEO 3rd: 50 $DEO The team will vote internally for the best tweets. We'll also do a community vote on Discord for the 4th place for 50 $DEO. Ends in 24h. Game on!","DEO",-0.8908
"2022-08-23 14:00:47+00:00","$DEO Loyal 9 Cocktails And Showtime Latenegative Night Talk Show Host &amp; Comedian, Ziwe, Keep It Real In Firstnegative Ever National Brand Campaign Stock News Alerts In Bio","DEO",0.6908
"2022-08-24 16:49:23+00:00","$DEO Ketel One Family Made Vodka And Colman Domingo Delight TV Fans Across The U.S. With The Ultimate Atnegative Home Emmys¬Æ Experience Stock News Alerts In Bio","DEO",0.5994
"2022-08-25 01:20:35+00:00","If I become president I will seize the endowments of every university and distribute the proceeds to all roughnecks, veterans, and blue collar workers.  This will not be inflationary.  $RICK $MO $BF.A $DEO","DEO",0.0
"2022-08-25 19:56:28+00:00","$DEO JOHNNIE WALKER BLENDED SCOTCH WHISKY AND LILLY SINGH JOIN FORCES FOR GENDER PARITY IN LEADERSHIP AS PART OF THE BRAND'S 'FIRST STRIDES' INITIATIVE Stock News Alerts In Bio","DEO",0.4466
"2022-08-27 14:16:50+00:00","Dividend Growth Stocks: $JPM JP Morgan $TXN Texas Instruments Incorporated $SBUX Starbucks Corporation $MSFT Microsoft Corporation $EBAY eBay $DEO Diageo plc $CVX Chevron Corporation $GS Goldman Sachs Gropositive Inc $V Visa Inc $MA Mastercard $AFL Aflac $AAPL Apple $TGT Target","DEO",0.6289
"2022-08-27 17:13:16+00:00","Trades set for Monday. Would love Diageo $DEO &lt; $175 per share Eyes are surprisingly back on Viatris $VTRS... Planning out your investments everyone?  Making money moves? Let's continue to stay after it.","DEO",0.8385
"2022-08-30 12:00:11+00:00","DEO Arena @TokenCeres  Giveaway Winners üëÄ @DelSheikh @jimmy77792 @Rrgit7792 @ElSorador @FreddiePalacio2 @M4DM4D15 @toretto_AVA @dolphin22124 @catswithouthats @hugo09nn  Congrats! üôå Send DM your SORA Wallet Address to Claim your reward üéâ $DEO","DEO",0.8883
"2022-09-01 15:45:38+00:00","$DEO JOHNNIE WALKER ANNOUNCES FIFTH RELEASE IN JOHNNIE WALKER BLUE LABEL GHOST AND RARE SERIES WITH EXCLUSIVE NFT DROP #NFT Stock News Alerts In Bio","DEO",-0.5622
"2022-09-02 01:33:25+00:00","Dividend Stocks September 2022! $CAG Conagra Brands $JPM JP Morgan $GS Goldman Sachs Gropositive Inc $LOW Lowes $HD Home Depot $STX Seagate Technology Holdings PLC $DEO Diageo plc $VICI VICI Properties $AMT American Tower $AAPL Apple $MSFT Microsoft $SBUX Starbucks $HRL Hormel Foods","DEO",0.4263
"2022-09-02 15:37:39+00:00","Congratulations to the winners of our Player 2 Description contest! 1st: @actgms (positive 200 $DEO) 2nd: @cryptojo78 (positive 100 $DEO) 3rd: @AnotherCryptoM1 (positive 50 $DEO) Everyone else, don't lose faith ;) Your entries will now go  into the community favorite vote for positive 50 $DEO!","DEO",0.9252
"2022-09-05 12:41:18+00:00","$DEO ‚Üìnegativegrade Diageo negativegraded to Neutral from Outperform at Exane BNP Paribas","DEO",0.0
"2022-09-07 17:03:06+00:00","$DEO GEORGE DICKEL EXPANDS AWARDnegative WINNING BOTTLED IN BOND WHISKY SERIES WITH NEW OFFERING #offering Stock News Alerts In Bio","DEO",0.7404
"2022-09-07 19:59:22+00:00","$DEO SMIRNOFF IS RECRUITING FOR ""THE BEST JOB IN AMERICA:"" BE THE FIRSTnegative EVER COCKTAIL COORDINATOR* Stock News Alerts In Bio","DEO",0.7125
"2022-09-13 12:03:45+00:00","$DEO Blade And Bow Renegative Releases Rare 22negative Yearnegative Old Kentucky Straight Bourbon Whiskey Stock News Alerts In Bio","DEO",0.2263
"2022-09-15 13:00:07+00:00","First out// $DEO: CELEBRATING THOSE WHO DO IT POR AMOR: THE TEQUILA DON JULIO FUND GRANT PROGRAM RETURNS FOR HISPANIC HERITAGE MONTH WITH NEWLY APPOINTED ADVISORY BOARD OF HISPANIC","DEO",0.9246
"2022-09-15 13:00:49+00:00","$DEO CELEBRATING THOSE WHO DO IT POR AMOR: THE TEQUILA DON JULIO FUND GRANT PROGRAM RETURNS FOR HISPANIC HERITAGE MONTH WITH NEWLY APPOINTED ADVISORY BOARD OF HISPANIC TRAILBLAZERS Stock News Alerts In Bio","DEO",0.9246
"2022-09-15 13:01:53+00:00","$DEO A Thirst For Doing Good Stock News Alerts In Bio","DEO",0.4404
"2022-09-19 14:00:47+00:00","$DEO CROWN ROYAL TEAMS positive WITH UBER EATS AND NFL LEGEND ED REED TO KICK OFF THE NFL SEASON BY MATCHING GAMEDAY TIPS TO COURIERS ACROSS THE COUNTRY Stock News Alerts In Bio","DEO",0.5574
"2022-09-20 14:15:17+00:00","$DEO GEORGE DICKEL AND SOCIAL HOUR BRING BACK AWARDnegative WINNING, AUTUMNAL INSPIRED WHISKEY SOUR OFFERING #offering Stock News Alerts In Bio","DEO",0.8429
"2022-09-21 14:00:54+00:00","$DEO 21Seeds Tequila Announces ""Back To Routine"" Stock News Alerts In Bio","DEO",0.0
"2022-09-23 13:36:22+00:00","$DEO Aviation American Gin‚Äôs New Distillery Opens Its Doors In Portland, Oregon Stock News Alerts In Bio","DEO",0.0
"2022-09-24 17:45:21+00:00","Stocks on my radar come Monday:   negative  $VTRS &lt; $9!  negative  $NGG &lt; $57  negative  $INTC &lt; $28  negative  $CM &lt; $45  negative  $SMG &lt; $50... whoa  negative  $DEO &lt; $167  negative  $CSCO if it hits $40 or less  negative  $positiveS &lt; $165  negative  $PARA if it hits $20 or less..   negative  $VZ &lt; $40  negative  $ELV Just WOW.  What is your favorite from above?!","DEO",-0.988
"2022-09-25 15:31:21+00:00","Now it's getting serious Higher prices &amp; likely product negativeage US Carbon Dioxide negativeage  issues large Mississippi CO2 reservoir $CCU $ABEV $STZ $TAP $DEO","DEO",-0.0772
"2022-09-27 14:27:12+00:00","Spent the weekend trying to use the strong USD to positive stuff from Europe. I like the UK. Maybe $DEO or $EWU. Currencies aren't spositiveposed to break like this, so take advantage!","DEO",0.9256
"2022-09-29 12:45:44+00:00","What are the best multinational British companies with US listings that are on sale for deep discounts due to the current insanity? #gilts One idea: $DEO. Rock solid ""sin"" business negative 20% with a decent dividend.","DEO",-0.3818
"2022-09-30 05:09:04+00:00","If you like your drink positive $deo Diageo plc. positive the dip!!!","DEO",0.8904
"2022-09-30 19:11:40+00:00","Stock prices for many good companies have gone nowhere now for 3positive  yrs... $NKE, $ICE, $AMT, $DEO, $V, $TJX, $TRV...but still hard to get spositiveer excited about any of these. Valuations have come negative, but from levels that only made sense in the context of rates at that time...","DEO",0.0258
"2022-10-05 13:48:22+00:00","$DEO Diageo North America And Miami Dade College Partner To Advance Equity In Education And Develop Talent Stock News Alerts In Bio","DEO",0.4215
"2022-10-11 15:56:46+00:00","Another spositiveernegative strong Q at $LVMH. Q3 sales positive 19% y/y, led by acceleration in fashion positive 22%, beauty positive 10% &amp; watches/jewelry positive 16%. The rich aren't blinking yet. ü´¢ $EL $CPRI $HESAY $DEO","DEO",0.9779
"2022-10-12 14:00:49+00:00","$DEO Nick Offerman Faces His Most Dangerous Mission Yet In The Making Of The New Lagavulin Offerman Edition: Charred Oak Cask Stock News Alerts In Bio","DEO",-0.5256
"2022-10-13 18:27:58+00:00","$DEO Crown Royal Peach And Social Studies Collaborate With Colu Henry To Create 'A Royal Good Time', A Limitednegative Edition Entertainment Kit Perfect For Atnegative Home Fall Gatherings Stock News Alerts In Bio","DEO",0.8885
"2022-10-14 20:52:18+00:00","üî• Dividend Stocks üî•  $CAG Conagra Brands $JPM JP Morgan $GS Goldman Sachs Gropositive Inc $LOW Lowes $HD Home Depot $STX Seagate Technology Holdings PLC $DEO Diageo plc $VICI VICI Properties $AMT American Tower $AAPL Apple $MSFT Microsoft $SBUX Starbucks $HRL Hormel Foods","DEO",0.368
"2022-10-20 13:39:49+00:00","GM #Dotsama  Spositiveer GM $XOR $CERES GM Fren @DotSamaHub  Congrats to @TokenCeres for reaching TVL of $DEO = $5 000 000 mark! ü§© And #SORA is today hot... $XOR is 40% positive üöÄ Well, how are you? What are your plans?  Here in #CoinReference new positivedates coming soon, stay tunned!","DEO",0.8967
"2022-10-21 13:57:20+00:00","Added to $SCHD this morning. Closely watching $DEO, $RIO, $KO and $VYM, among numerous others, over the next few weeks.","DEO",0.0
"2022-10-21 19:10:43+00:00","Largest cap stock making new lows today $TSM $BABA $TMO $ABT $VZ $UNP $DEO $EL $CME $CCI $SE","DEO",-0.2023
"2022-10-24 15:00:47+00:00","$DEO CROWN ROYAL TEAMS positive WITH NFL LEGENDS BO JACKSON AND DEMARCUS WARE FOR A HEADnegative TOnegative HEAD BBQ COOK OFF IN SpositivePORT OF THE SOUTHERN SMOKE FOUNDATION Stock News Alerts In Bio","DEO",0.5574
"2022-10-25 15:16:22+00:00","$DEO STANLEY TUCCI AND TANQUERAY NO. TEN INVITE YOU TO ""MAKE IT A MARTINI NIGHT"" THIS HOLIDAY SEASON Stock News Alerts In Bio","DEO",0.4278
"2022-10-28 14:31:26+00:00","Sold $DEO negative 16Dec2022 @$150. Premium negative  $1.75.","DEO",-0.8126
"2022-11-01 15:49:33+00:00","$DEO GEORGE DICKEL AND LEOPOLD BROS DISTILLERY ANNOUNCE RETURN OF AWARDnegative WINNING RYE WHISKY COLLABORATION Stock News Alerts In Bio","DEO",0.6289
"2022-11-09 15:33:11+00:00","Companies 0negative 10% from their 52 week lows that pay a dividend.  Apple $AAPL üçé  Microsoft $MSFT  Unilever $UL üß¥  Medtronic $MDT ü©∫ Colgate $CL ü¶∑  Stanley Black and decker $SWK üî®  Ally financial $ALLY üè¶  Diageo $DEO ü•É  United parcel service $positiveS üì¶","DEO",0.1531
"2022-11-16 22:08:47+00:00","Diageo plc is negative negative 5.11% after hours $DEO","DEO",-0.8126
"2022-11-17 15:00:46+00:00","$DEO Crown Royal Extends Higher Marques Portfolio With Newest Aged 29 Year Old Whisky Stock News Alerts In Bio","DEO",0.128
"2022-11-17 15:07:17+00:00","$DEO Crown Royal Extends Higher Marques Portfolio with Newest Aged 29 Year Old Whisky","DEO",0.128
"2022-11-18 11:16:04+00:00","$DEO ‚Üìnegativegrade Diageo negativegraded to Hold from positive at Erste Gropositive","DEO",0.5574
"2022-11-18 13:51:33+00:00","positivegrades 11/18: $AMAT $CAG $DPZ $PNW $ROST $TSM $WBA  . negativegrades 11/18: $AMZN $COIN $DEO $EDIT $GTLS $HPQ $HSY $NOTV $OCX $RENT $RH $SAP $SRZN","DEO",0.0
"2022-11-18 14:00:44+00:00","$DEO JOHNNIE WALKER COLLABORATES WITH STREETWEAR ARTIST VANDYTHEPINK AND PARTNER 88RISING TO RELEASE THE FIRST JOHNNIE WALKER BLUE LABEL BOTTLE AND NFT DESIGN INFLUENCED BY A COMMUNITY VOTE #NFT Stock News Alerts In Bio","DEO",0.0
"2022-11-21 12:00:24+00:00","$DEO Diageo And Smirnoff Launch New Global Responsible Drinking Campaign For The Holidays Stock News Alerts In Bio","DEO",0.5994
"2022-11-22 22:48:12+00:00","#positive #watchlist for #trading on #nyse #nasdaq between $150 and $200: $ABBV $AVY $AXP $CLX $DEO $FFIV $FLT $GPC $IWD $JAZZ $KEYS $PNC $SRE $TMUS $positiveS $VIG","DEO",0.0
"2022-11-25 15:11:44+00:00","pessimist Forecasts November 25, 2022 07:08:00 PDT üêªüêªüêªüêªüêª ticker : log change intraday $IYR : 0.05 $DELL : 0.52 $EDU : negative 1.39 $ULTA : 0.24 $XLV : 0.14 $GEO : 1.26 $XLY : negative 0.34 $CMG : negative 0.13 $ASTS : negative 0.46 $DEO : negative 0.15","DEO",-0.9682
"2022-11-28 15:07:16+00:00","$BUD $DEO $SAM through Q4 ER gonna be a hit this year methinks","DEO",0.0
"2022-11-29 01:45:38+00:00","Powerful Dividend Stocks for December! $MDT Medtronic $O Realty Income $JNJ Johnson &amp; Johnson $ABBV AbbVie $ARCC Ares Capital Corporation $IIPR Innovative Industrial Properties $PLD Prologis $BAC Bank of America $ALLY Ally Financial  $KEY KeyCorp $DEO Diageo  $EBAY eBay","DEO",0.7177
"2022-11-29 16:50:04+00:00","$DEO ""CROWN ROYAL PARTNERS WITH SALESFORCE, CROSSMINT AND VAYNER3 TO LAUNCH FIRST ENTRY INTO DIGITAL COLLECTIBLES THIS GIVING TUESDAY","DEO",0.34
"2022-12-01 14:15:44+00:00","$DEO GEORGE DICKEL 17 YEAR OLD RESERVE TO RETURN JUST IN TIME FOR THE HOLIDAYS Stock News Alerts In Bio","DEO",0.516
"2022-12-05 15:00:58+00:00","Sin stocks outperform in recession these include guns, sex, tobacco,  alcohol, marijuana, gambling &amp; gay stocks: $grnd $mo $swbi $tlry $mgm $deo $acb $cgc $cron $stz","DEO",-0.7506
"2022-12-06 19:00:26+00:00","$DEO TEQUILA DON JULIO 1942 PARTNERS WITH HIGHnegative FIDELITY CUSTOM AUDIO BRAND OJAS TO CREATE EXCLUSIVE SPEAKER SYSTEMS FOR THE LOVE OF SIPPING AND LISTENING","DEO",0.875
"2022-12-07 09:10:31+00:00","In order to spositiveport the initiative of the @sora_xor community, Ceres team will send $1000 in $XOR token and we will positive all $DEO tokens SORA community collects until Friday ($10k in $XOR max) at the current market price. ‚ú®","DEO",0.5574
"2022-12-12 21:29:04+00:00","What are your 'forever hold' stocks? üëá I'll go first: $AAPL Apple $GOOG Alphabet $MSFT Microsoft $V Visa $JPM JP Morgan Chase $DEO Diageo $O Realty Income $KO Coca Cola","DEO",0.368
"2022-12-14 12:17:42+00:00","Wall Street U.S.A. Markets Better Valuation For $RL $LEVI $NKE $COLM $KKR $BURL $DLTH $M $BOOT $AEO $UAA $ROG $DD $GPS $GES $CPRI $LULU $ROST $WMT $COST $BJ $WBA $CVS $KMB $SAM $BUD $STZ $TAP.A $AMC $GME $DEO $WYNN $HLT $MAR $VAC $MGM $LVS $PENN $CZR $LEN @SquawkStreet @markets","DEO",0.4404
"2022-12-15 17:39:28+00:00","Diageo plc traded negative 11% below average volume, $DEO negative negative 3.38%","DEO",-0.9022
"2022-12-15 22:24:33+00:00","Diageo plc traded 50% above average volume, $DEO closed negative negative 3.35%","DEO",-0.8126
"2022-12-19 14:16:53+00:00","These past few years have made me look at my investment approach differently. I continue to focus on growth but now with a greater focus on quality. With that in mind, this is the watchlist I created. Thoughts? $RCO.PA $EL.PA $DEO $HUM $MOH $RMD $NOC $KNEBV.HE $OR.PA $EL $IEX","DEO",0.7615
"2023-01-02 02:12:09+00:00","Diaego $DEO is a slow growing distillery that saw itself losing the title of ‚Äúlargest distillery‚Äù to China‚Äôs Kweichow Moutai in 2017. It trades with a PE above 20 yet expected to grow at only 6%? ü§®","DEO",-0.2263
"2023-01-02 15:13:25+00:00","Why does everyone think I'm broken? Obviously you should leave your human husband for Diageo plc $DEO #Advice","DEO",-0.5106
"2023-01-06 12:12:48+00:00","$DEO ‚Üìnegativegrade Diageo negativegraded to Equal Weight from Overweight at Morgan Stanley","DEO",-0.3612
"2023-01-09 16:48:45+00:00","pessimist Forecasts January 09, 2023 08:44:00 PDT üêªüêªüêªüêªüêª ticker : log change intraday $IRTC : 3.26 $TRpositive : 0.21 $KBH : 0.40 $AN : negative 0.14 $LOVE : 0.88 $DDS : negative 0.55 $MGNI : 0.62 $DEO : 0.52 $OSTK : 2.09 $EWY : 1.02","DEO",-0.872
"2023-01-10 08:27:50+00:00","$DEO is the future of finance","DEO",0.0
"2023-01-12 14:02:11+00:00","negativegrades 1/12: $AAP $AMPL $APD $ARVN $BBY $BFC $BUD $CCI $CINC $CNHI $COP $CRL $CWAN $CXM $DCP $DD $DEO $EQX $FA $FNKO $HPE $INFA $INN $KNOP $LAW $LOGI $LPX $MYNA $OGS $ORMP $PAM $PCAR $PINS $ROKU $S $SHEL $SLB $SMWB $SPOT $TENB $U $VIRT $WKME $ZS","DEO",0.0
"2023-01-12 19:16:45+00:00","Top 1 hour crypto losers: $LABS %71.93negative  $MES %70.79negative  $OTR %65.00negative  $DEO %57.53negative  $IDS %51.11negative  $CATVERSE %51.11negative  $POOR %47.92negative  $LEVELG %47.04negative  $JYC %46.78negative  $JCG %45.28negative  $ZION %44.04negative  $ELET %38.86negative  $CONJ %31.00negative  $CINU %29.65negative  $BLST %29.62negative  $BNBTIGER %29.48negative  $AUSDC %29.32negative ","DEO",-0.3818
"2023-01-12 20:16:45+00:00","Top 1 hour crypto gainers: $MONGOOSE %1.3Kpositive  $HEAL %365.84positive  $MOONI %94.31positive  $JYC %87.90positive  $DRIFT %81.81positive  $XFR %70.99positive  $DEO %55.98positive  $ROAR %46.08positive  $LYR %44.20positive  $GOKU %43.40positive  $BHIG %38.45positive  $SFT %37.09positive  $POMI %35.00positive  $W2E %33.18positive  $GLB %31.88positive  $APC %30.62positive  $DAE %29.17positive  $MFT %27.55positive ","DEO",0.2023
"2023-01-13 04:41:00+00:00","We really don't think people properly comprehend what P2 is OR how insane $DEO is. You see all these other projects? #sophieAI, @elementaldefi . That's all part of the ecosystem we're building. They all link back to P2. They all link back to raising the $DEO intrinsic value.","DEO",-0.0772
"2023-01-18 23:29:54+00:00","30mins $DEO","DEO",0.0
"2023-01-18 23:54:29+00:00","$DEO about to brake Raydium","DEO",0.0
"2023-01-19 00:21:12+00:00","400k volume in 20 minutes? ü´¥ @player2world  Get ready for top trending in @birdeye_so üîù $DEO","DEO",0.5106
"2023-01-19 00:26:26+00:00","Wow didn‚Äôt expect $DEO to take off like that. Too risky for me at the moment negative  swept the Farmers instead. Added about 20 while eveyrone was focused on the IDO. Congratulations @player2moo @player2world !!!","DEO",0.8472
"2023-01-19 00:50:07+00:00","$DEO is the play","DEO",0.34
"2023-01-19 04:14:29+00:00","Just found $DEO on @RaydiumProtocol with a very early entry. This looks like a great opportunity with a real project, lots of liquidity and a reasonably low (only 3M coins) MC @player2world","DEO",0.8074
"2023-01-19 04:18:58+00:00","Aped $deo 0.3299 so fcking optimistic üöÄ","DEO",0.3774
"2023-01-19 04:28:29+00:00","Fade $DEO AT YOUR OWN RISK.","DEO",-0.4278
"2023-01-19 04:30:17+00:00","positive a small bag of $DEO Let‚Äôs see how this pans out","DEO",0.5574
"2023-01-19 06:34:36+00:00","positive some $DEO!","DEO",0.5983
"2023-01-19 06:42:21+00:00","Did you know that there is only  3,000,000 million $DEO tokens And the spositiveply is deflationary?","DEO",0.0
"2023-01-19 06:43:31+00:00","Use of services inside the @player2world will require a 5% tax‚Ä¶ paid in $DEO and all taxes raised used to positive and burn $DEO üëÄüèåüèø","DEO",0.5574
"2023-01-19 06:50:52+00:00","Gm. $DEO","DEO",0.0
"2023-01-19 07:37:35+00:00","GM! Today‚Äôs word: $DEO","DEO",0.0
"2023-01-19 07:43:50+00:00","Just positive some $DEO! LFG!","DEO",0.6351
"2023-01-19 08:38:46+00:00","Gm are you positive $DEO today?","DEO",0.5574
"2023-01-19 08:55:25+00:00","$DEO giving me those early BONK feels","DEO",0.34
"2023-01-19 10:04:54+00:00","$DEO will be the currency of the first real NFT x DEFI ecosystem on Solana","DEO",0.0
"2023-01-19 10:07:59+00:00","positive some $DEO","DEO",0.5574
"2023-01-19 17:44:30+00:00","While they chased clout with $Fronk, I accumulated $Chili . While they positive the dip on $200m mcap $Bonk, I got into the LP for $DEO. While they jumped and pumped $Cope, I double negative on $SDO. Morale of the story, who dares wins ü¶ç.","DEO",0.5574
"2023-01-19 18:33:08+00:00","$DEO launched 18 hours ago üëÄ $HADES coming next Monday üëÄ #GRAPHITE coming by the end of month üëÄ Great start of 2023 for #Solana ecosystem üî• Plan accordingly...","DEO",0.6808
"2023-01-19 18:58:08+00:00","$DEO will be the currency of the first real NFT x DEFI ecosystem on Solana summer sznü§≠ü™ô","DEO",0.0
"2023-01-19 19:49:45+00:00","converted all my bag$ to $deo someone HOLD meüò≠","DEO",0.0
"2023-01-19 22:23:28+00:00","At last people value and realize the work that has been done with @player2world in an almost altruistic way. Congratulations guys for $DEO release, you deserve it!","DEO",0.7452
"2023-01-20 12:50:25+00:00","Any early $DEO positiveers here? It's been a while, but this could very well be a x100 if positive here. Look into it and judge for yourself...","DEO",0.8397
"2023-01-20 16:36:57+00:00","Silly foo's dumping their $DEO. @player2moo Works for me tho cause Ima keep DCA'ing because I believe in the team and the product.","DEO",-0.296
"2023-01-20 20:02:05+00:00","Still searching for solana defi coins. Should be a good catalyst to sending $sol back to $100. Really thought $Deo would begin the trend but I still don‚Äôt understand how it works.","DEO",0.2382
"2023-01-23 02:03:23+00:00","positive $DEO for generational wealth. NFA","DEO",0.7783
"2023-01-23 06:14:57+00:00","Not aping $hades at this rate. But probably $deo is another story.","DEO",0.0
"2023-01-23 23:37:40+00:00","So many people getting rekt on $HADES, and with emissions it will get worse. Stick to $DEO no VC's with 200kpositive  liquidity since day 1 @player2world","DEO",-0.6486
"2023-01-26 06:58:40+00:00","[ positiveDATES ] 1. $DEO is officially listed on @coingecko  2. $DEO price spositiveport is live on @solflare_wallet  3. Businesses on Player 2 4. Partnerships 5. Fun additional details on our IDO video üßµüëá","DEO",0.5106
"2023-01-26 09:03:23+00:00","Reduction of share positivebacks seems to be a topic one starts to see more often in the current earnings season. As I said some time ago, at &gt;5 % yields, debt financed positivebacks are not very appealing. (Examples: $UNP, $DEO)","DEO",-0.0772
"2023-01-26 11:26:54+00:00","Some decent movers premarket $XM positive 31% SAP exploring sale $STX positive 10% earnings $TSLA positive 7% earnings $LI positive 5%, $NIO positive 5%, $RIVN positive 4% (in sympathy with tesla) $DEO negative 7% (earnings) $LC negative 5.7% earnings","DEO",0.9493
"2023-01-26 11:40:59+00:00","$DEO(184.36) negative 12 Reports H1 EPS of GBP1.01 vs GBP0.99 Capital IQ consensus; revs of GBP9.42 bln vs GBP9.22 bln","DEO",-0.5719
"2023-01-26 12:00:26+00:00","Top earnings announcements Before Market today include $MA, $CMCSA, $SAP, $DEO, $MMC #stockstowatch #earnings","DEO",0.2023
"2023-01-26 12:53:53+00:00","Gapping negative in reaction to #earnings/guidance: $HZO negative 9.5% $LC negative 9.4% $SHW negative 8.9% $WOLF negative 6.7% $DEO negative 6.2% $AZPN negative 5.3% $SAP negative 4.1% $BOOT negative 4% $MKC negative 3.7% $VIRT negative 3.4% $CCI negative 3.3% $DOW negative 3.3% $PLXS negative 2.9% $TER negative 2.8% $CLS negative 2.7% $LUV negative 2.3% $IBM negative 2%","DEO",-0.9968
"2023-01-26 16:52:24+00:00","Diageo plc traded negative 89% below average volume, $DEO negative negative 5.74%","DEO",-0.9022
"2023-01-26 20:29:39+00:00","$DEO CEO live üôÇ","DEO",0.0
"2023-01-26 20:32:42+00:00","his name is ivan menezes and he sounds indian.. looked positive , and sure enough he was born in my home town Pune of all.  positive johny walker green $DEO","DEO",0.8591
"2023-01-26 20:37:22+00:00","Dailynegative5 $BBBY $2.51 negative 22.53% negative 33.77% 0.00% negative 50.30% 44.79 $BHE $27.48 negative 5.50% negative 3.92% 1.66% 3.04% 42.85 $DEO $174.30 negative 5.46% negative 5.58% negative 2.90% 6.53% 38.03 $LC $9.06 negative 12.33% negative 6.16% 4.92% negative 19.71% 44.77 $MKC $73.64 negative 5.56% negative 3.92% negative 12.51% 1.17% 26.83","DEO",-0.9948
"2023-01-26 20:41:33+00:00","Diageo plc traded 88% above average volume, $DEO negative negative 5.43%","DEO",-0.8126
"2023-01-26 21:39:22+00:00","Dailynegative5 $BBBY $2.49 negative 23.15% negative 34.30% negative 0.80% negative 50.69% 44.64 $DEO $174.43 negative 5.39% negative 5.51% negative 2.83% 6.61% 38.18 $EOLS $10.22 negative 7.43% negative 2.85% 48.33% 22.40% 64.14 $FND $83.93 negative 5.16% 4.85% 18.00% 29.68% 56.04 $INTC $27.89 negative 6.09% negative 1.86% 7.39% 6.94% 44.91","DEO",-0.9929
"2023-01-26 22:08:21+00:00","Dailynegative5 $BBBY $2.45 negative 24.38% negative 35.36% negative 2.39% negative 51.49% 44.35 $DEO $174.00 negative 5.62% negative 5.74% negative 3.07% 6.35% 37.69 $GPN $103.48 negative 7.34% negative 4.75% 9.44% negative 8.25% 46.19 $HAS $59.00 negative 7.96% negative 4.13% 2.25% negative 7.97% 39.96 $INTC $27.70 negative 6.73% negative 2.53% 6.66% 6.21% 43.90","DEO",-0.9955
"2023-01-26 22:27:30+00:00","Diageo plc traded 124% above average volume, $DEO closed negative negative 5.58%","DEO",-0.8126
"2023-01-27 04:53:25+00:00","üç∫ Top Liquor Dividend Stocksü•É ‚Ä¢ Diageo | $DEO | 1.97% ‚Ä¢ Brownnegative Forman | $BF.B | 1.20% ‚Ä¢ Anheusernegative Busch | $BUD | 0.90% ‚Ä¢ Molson Coors | $TAP | 2.87% ‚Ä¢ Pernod Ricard | $PDRDF | 2.03% ‚Ä¢ Campari | $DVDCF | 0.60% üçªDo you own any of these?üç∑","DEO",0.2023
"2023-01-27 19:29:17+00:00","After the post earnings sell off, $DEO is probably at 18xnegative 19x forward earnings. Not saying it's going to make anyone's career, but seems extremely reasonable.","DEO",0.0
"2023-01-27 19:55:33+00:00","My total positives for today: $INTU 0.13 shares $V 0.1 share $PEP 0.14 shares $MO 2.8 shares $DEO 1.7 shares $TROW 0.63 shares $PG 0.22 shares $DCC.L 0.65 shares All funded by the sale of $INTC earlier in the day. No new positions, just added to stocks I already own.","DEO",0.9413
"2023-01-27 20:50:38+00:00","Dreadful margins as has become the norm at H&amp;M of late but notable inflection to positiveside on sales. positive 2% from Septnegative Nov but positive 9% Decnegative Jannegative tonegative date. Predominantly Europe &amp; US exposed. $IDEXF $RL $TPR $DEO $URBN $SBUX $MCD $NKE $FL","DEO",0.8555
"2023-01-28 21:05:19+00:00","positive &amp; Hold Forever Stocks $AAPL Apple üçé $MSFT Microsoft üíª $V Visa üí≥ $KO Coca Cola ü•§ $AMZN Amazon üõí $DEO Diageo ü•É $JPM JP Morgan üè¶ $SBUX Starbucks ‚òïÔ∏è $GOOG Alphabet üîç $O Realty Income üèò $PG Procter Gamble üß¥ $ABBV Abbvie üè• What would you add?","DEO",0.7804
"2023-01-30 14:31:38+00:00","First out// $DEO: SEAGRAM'S 7 CROWN AMERICAN BLENDED WHISKEY AND COMEDIAN ILIZA SHLESINGER CELEBRATE REGULARS AND THEIR DRINKING SPOTS IN NEW &amp;#34;IT'S YOUR SPOT&amp;#34;","DEO",0.8301
"2023-01-30 22:18:12+00:00","#negative #watchlist for #trading on #nyse #nasdaq between $150 and $200: $DEO $GLD $JNJ $KEYS $MTB $PEP","DEO",0.0
"2023-01-31 13:49:59+00:00","positivegrades 1/31: $DEO $FGEN $FLT $INTR $LYB $NFE $NTCO $SVM $VIV $WMB $WPP  . negativegrades 1/31: $ALV $AQST $BAC $BSRR $CEQP $DCP $EBC $EFXT $EW $HMST $NOK $NUS $NVTA $PARA $QTWO $RELX $STAR $TFC $WWE","DEO",0.0
"2023-01-31 21:55:00+00:00","Mondelez another staple benefiting from stellar consumer resilience. 14 points of pricing, yet volume positive 2%. 20 points of pricing in emerging markets, yet volume positive 5%. US pricing positive 15%, yet volume positive 4%. Volume negative only in Europe. $MDLZ $KO $PEP $UL $DEO $XLP $XLY","DEO",0.8934
"2023-02-03 12:02:56+00:00","positive $Xor $Pswap $Val $Ceres $Deo before smart money realize those are going to be by far the most profitable bets for the next optimist run @sora_xor @polkaswap remember one thing the price and another is the value.these BLUESHIPS most probably gonna make x50/100 generational wealth","DEO",0.9441
"2023-02-05 20:00:00+00:00","What companies are on your stock market crash shopping list? üëá Mine include: $GOOG $AAPL $MSFT $META $V $PYPL $NVDA $JPM $O $KO $DEO $DGE.l $LVMH $BRK.b $LMT $COST $WM $NFLX $QCOM $MDT $SMT.l $BBOX.l","DEO",-0.4019
"2023-02-06 14:59:11+00:00","positivegrades: $CELH: Wedbush positivegrades to Outperform from Neutral negative  PT $115 (from $95) $CHD: Atlantic Equities positivegrades to Neutral from Underweight negative  PT $80 $DEO: Bernstein positivegrades to Outperform from Market Perform negative  PT $225 (from $215)","DEO",-0.9022
"2023-02-06 17:25:02+00:00","$DEO talk","DEO",0.0
"2023-02-07 21:28:39+00:00","#negative #watchlist for #trading on #nyse #nasdaq between $150 and $200: $AWK $AXON $DEO $FSLR $NUE $SITE","DEO",0.0
"2023-02-08 15:30:39+00:00","Just added $DEO and $LVMUY to the portfolio. Im really proud of all my portfolio companies.","DEO",0.5256
"2023-02-10 13:55:00+00:00","Whether we are in a recession or not, people would still: negative  Shop at $WMT $DG $COST negative  Pay their utilities (gas, electric, water, phone) $VZ $ATO $FTS negative  Smoke, drink alcohol $MO $DEO negative  Use cosmetics and toiletries $PG negative  Take their medicine $PFE $JNJ $ABBV negative  Eat at $MCD","DEO",-0.9786
"2023-02-11 01:17:12+00:00","Top 1 hour crypto gainers: $$METAZ %6.8Kpositive  $SHND %554.35positive  $OCP %100.40positive  $PASC %82.18positive  $LEVELG %67.43positive  $BSCPAY %57.96positive  $ARRO %51.65positive  $RENDOGE %50.48positive  $FIBO %49.21positive  $BABYKITTY %45.55positive  $NOMAD %43.05positive  $STORY %39.14positive  $DEO %37.08positive  $INTER %36.30positive  $ERON %34.13positive  $LBR %33.96positive  $UME %33.84positive ","DEO",0.2023
"2023-02-12 19:59:05+00:00","Which #dividend paying stock will have the best commercial tonight during the #SpositiveerBowl ? $pep $ul $gm $k $deo $pg $hrl","DEO",0.6369
"2023-02-13 02:25:45+00:00","A #CrownRoyal spot celebrates our northern neighbours. Complete with a Hendrixnegative esque treatment of ‚ÄúO Canada.‚Äù Awesome, eh?  $DEO #BrandBowl","DEO",0.8316
"2023-02-13 02:31:46+00:00","BTW, that was Dave Grohl in the #CrownRoyal spot. He and that ad just might be winners! $DEO #BrandBowl","DEO",0.5255
"2023-02-15 13:04:00+00:00","Heineken Q4 volume positive 3% with price/mix positive 14%, even as boost from onnegative premise recovery faded. Sales positive double digit across Americas, Asia &amp; Europe. Despite customary $HEINY caution, plans 2023 profit positive on more price rises to cover Euro energy costs. $BUD $TAP $DEO $XLP $XLY üí™","DEO",0.9686
"2023-02-15 23:19:31+00:00","Guys you need to checkout $deo @player2world only 3M tokens under 600k market cap. Massive potential. #1000x #100xgem #Crypto #altcoin #newcoin #newcoinlisting $0.20 per token only 3Million!!","DEO",0.0
"2023-02-19 02:17:20+00:00","Top 1 hour crypto losers: $COHM %49.68negative  $UME %42.15negative  $WELpositiveS %41.07negative  $WEB5 %29.82negative  $METAWAR %24.12negative  $YCE %23.63negative  $INTL %22.43negative  $WTN %21.17negative  $CPAN %20.36negative  $DEO %20.24negative  $CENS %18.22negative  $A1A %15.05negative  $QRT %15.03negative  $TOOB %15.03negative  $ORB %14.76negative  $TFI %14.70negative  $BOLT %14.05negative  $GSG %13.70negative ","DEO",-0.3818
"2023-02-20 07:55:16+00:00","DOGE CEO $DEO CA: 0x060aEe783B9136a4F7E28249Bb74BAfac6C83467 99% of the liquidity is locked ‚ùåThe first unlock date 15 Apr 2023","DEO",0.0
"2023-02-20 21:55:57+00:00","üìÖCAGNY Cong 2023 ~ 02/20 to 02/24 Attending: $PG $PEP $KO $STZ $PM $K $MDLZ $KHC $COTY $FRPT $GIS $CAG $SYY $TWNK $IFF $CLX $CL $CHD $DEO","DEO",0.0
"2023-02-23 21:29:28+00:00","#positive #watchlist for #trading on #nyse #nasdaq between $150 and $200: $AXON $DEO","DEO",0.0
"2023-02-23 23:16:35+00:00","Like $KO, $DEO has zero problem raising prices to pass on all inflation without destroying demand. This is what makes a CPG GOAT in my opinion. It‚Äôs simple, but it‚Äôs all about the brand(s). #CAGNY","DEO",0.261
"2023-02-28 15:15:40+00:00","CHAT GPT is God. I just used it to get so much information and awnsers in a negative amount of time and with extreme ease. Anyways im all in on the Diageo stock $DEO ToDaMoon","DEO",-0.0258
"2023-03-01 15:17:59+00:00","üö®Exnegative Dividend Date Alertüö® (1/3) $ASIX, $OMAB, $AWF, $AFB, $AMNB, $CTXAY, $ABR, $AROW, $AJG, $BBDO, $BBD, $BAC, $BKEAY, $BOTJ, $BLSFY, $CASS, $CHRW, $CVR, $CGNX, $CVLG, $DAN, $DEO, $FANG, $FANG, $D, $EBC, $EQH_pc, $FRME, $FDEU, $FSD, $FPF, $FEI, $FMY, $FPL, $FCT, $FAM, $FLO","DEO",0.0
"2023-03-01 17:43:27+00:00","I am tweeting from my iPhone I own shares in $AAPL I use Windows and Teams daily I own shares in $MSFT I drink Guinness and Tanqueray gin I own shares in $DEO $DGE.l Retweet then continue the trend üëá","DEO",0.6808
"2023-03-01 19:00:12+00:00","Dividends happening tomorrow 2023negative 03negative 02:  $BAC $PEP $HSBC $DEO $GM","DEO",0.0
"2023-03-02 20:58:02+00:00","I think it's safe to say $DEO beat the exnegative div dip lol","DEO",0.6908
"2023-03-03 00:44:00+00:00","$DEO go positive do the math","DEO",0.5574
"2023-03-07 08:10:14+00:00","DOGE CEO $DEO CA: 0x060aEe783B9136a4F7E28249Bb74BAfac6C83467 ‚ùåNo liquidity lock ‚ùåThe last transaction was more than 1 week ago","DEO",0.0
"2023-03-07 21:30:03+00:00","#negative #watchlist for #trading on #nyse #nasdaq between $150 and $200: $CLX $CME $CRM $DEO $NXST","DEO",0.0
"2023-03-09 19:00:06+00:00","Picked positive $Ceres $Deo &amp; $soshiba optimistic asf on $dot $xor $ksm","DEO",0.7096
"2023-03-16 14:42:43+00:00","Ryan Reynolds is an underrated celebrity businessman He made Aviator Gin, which was sold to $DEO for $610M And recently, he is in talks to sell Boost Mobile to $TMUS for $1.3B.","DEO",0.4019
"2023-03-23 14:00:17+00:00","First out// $DEO: The Singleton Scotch Whisky Teams positive with Omi Hopper and Andrew Rea of &amp;#34;Binging with Babish&amp;#34; to Empower Female Chefs for Women's History","DEO",0.5574
"2023-03-23 14:01:05+00:00","Most mentioned tickers on Twitter (Last Hour): 1. $CXAI 2. $PNT 3. $EXPR 4. $DEO 5. $CSX","DEO",0.0
"2023-04-05 20:25:14+00:00","#positive #watchlist for #trading on #nyse #nasdaq between $150 and $200: $ABC $AJG $DEO $JNJ $PG","DEO",0.0
"2023-04-07 00:25:06+00:00","#positive #watchlist for #trading on #nyse #nasdaq between $150 and $200: $AJG $AWK $DEO $PG $SRE","DEO",0.0
"2023-04-15 19:00:31+00:00","Paul Torresnegative Cohen $DEO","DEO",0.0
"2023-04-17 17:00:07+00:00","First out// $DEO: DIAGEO Welcomes The Latest Distillers Edition Collection, A Highlynegative Limited Line of Single Malt Scotch Whiskies from Scotland's Most Renowned","DEO",0.2023
"2023-04-18 21:50:58+00:00","Just noticed the IHS on $deo","DEO",0.0
"2023-04-19 16:00:02+00:00","Top publicly traded consumer staples by mkt cap Walmart $WMT: 406B Proctor &amp; Gamble $PG: 358B Cocanegative Cola $KO: 275B Pepsi $PEP: 255B Costco $COST: 223B Phillip Morris $PM: 157B Unilever $UL: 136B Anheusernegative Busch $BUD: 110B Diageo $DEO:102B Mondelez $MDLZ: 96B","DEO",0.2023
"2023-04-21 10:56:51+00:00","18negative APRnegative 2023 ... and this. Daily Dividend payments (MPDGI Portfolio): $DEO $9.17 Total: $9.17 What would you purchase with that? *** MY DIVIDEND CASH FLOW MACHINE ***","DEO",0.0
"2023-04-24 01:18:00+00:00","We received $96.01 in dividend income last week!  The dividends received were: üí∞ $49.29 negative negative &gt; Cardinal Health $CAH  üí∞ $21.85  negative negative &gt; Medtronic $MDT  üí∞ $20.03 negative negative &gt; Diageo $DEO  üí∞ $  3.84 negative negative &gt; Occidental Petroleum $OXY  üí∞ $  1.00  negative negative &gt; Orion Office $ONL  Who paid YOU last week?!","DEO",-0.9903
"2023-04-29 17:49:37+00:00","Carleton English ‚Äî&gt; positive $DEO Ben Levisohn ‚Äî&gt; positive $VRTX ‚Äî Barron‚Äôs Roundtable #ActionableTrades","DEO",0.802
"2023-05-02 20:28:07+00:00","#negative #watchlist for #trading on #nyse #nasdaq between $150 and $200: $ALB $AMT $BURL $DEO $FSLR $LHX $TGT","DEO",0.0
"2023-05-06 03:13:26+00:00","Make the most of your quarantine and positive Diageo plc $DEO #WallStreetBets","DEO",0.5574
"2023-05-06 18:58:00+00:00","Top 20 dividend holdings (in order) through Q1: 1. $SCHD 2. $VYM 3. $KO 4. $JNJ 5. $PG 6. $PEP 7. $UL 8. $DEO 9. $CL 10. $ABBV 11. $ABT 12. $CAT 13. $ITW 14. $XOM 15. $PM 16. $PFE 17. $BTI 18. $RIO 19. $LMT 20. $PRU","DEO",0.2023
"2023-05-10 20:33:04+00:00","#negative #watchlist for #trading on #nyse #nasdaq between $150 and $200: $BURL $CRL $CVX $DEO $MASI $positiveS","DEO",0.0
"2023-05-12 09:06:32+00:00","$DEO Jefferies analyst Edward Mundy negativegrades Diageo from positive to Hold.","DEO",0.5574
"2023-05-12 10:25:19+00:00","$DEO negativegraded to Hold from positive at Jefferies","DEO",0.5574
"2023-05-12 12:41:44+00:00","positivegrades 5/12: $ALLK $AWR $BCS $BOLT $EA $ENOV $EURN $GOGL $IREN $MESA $NTR $PSO $VTRU  . negativegrades 5/12: $ABST $ADSE $ARWR $AVAH $BN $DEO $DIS $EL $FOXA $HMPT $IBRX $PYPL $SJW $STN $TWLO","DEO",0.0
"2023-05-12 12:49:36+00:00","$DEO(182.94) negative 4.60 thin Jefferies analyst Edward Mundy negativegrades Diageo (NYSE:DEO)        from positive to Hold to 190 from 200","DEO",-0.0258
"2023-05-12 13:00:50+00:00","negative  rbccm  positivegrades $BARCnegative GB negative  MizuhoAmericas negativegrades $TWLO negative  Jefferies negativegrades $DEO","DEO",-0.9022
"2023-05-12 14:04:59+00:00","New MOMO Trend 2 only from Mometic     $DEO,DHX,DOX,DRD,EEM #stockstowatch","DEO",0.0
"2023-05-12 20:31:08+00:00","#negative #watchlist for #trading on #nyse #nasdaq between $150 and $200: $DEO $PCTY $TRV","DEO",0.0
"2023-05-12 23:00:39+00:00","Paul Torresnegative Cohen $DEO","DEO",0.0
"2023-05-14 06:35:55+00:00","#Trade: #Diageo plc is a #British multinational #alcoholic #beverage company, HQ in #London, #England. It operates from 132 sites around the world, &amp; a major distributor of #Scotch #whisky &amp; other spirits $DEO ‚Ä¢ #NYSE = $178.22 &amp; $99.05 Billion Market CapüëâHuman Pleasure Pt.2 D","DEO",0.5719
"2023-05-15 20:36:47+00:00","#thinksabio #stocks #13fhrpositivedate BERKSHIRE HATHAWAY INC Q1 2023  PF positivedate BERKSHIRE HATHAWAY INC: NEWLY positive Topnegative 3 $COF $DEO $VTS BERKSHIRE HATHAWAY INC: INCREASED Topnegative 7 $AAPL $OXY $BAC $HPQ $MKL $C $PARA BERKSHIRE HATHAWAY INC: NOnegative CHANGE Topnegative 25 $KO $AXP $KHC $MCO $DVA $VRSN $KR $LSXMK $V $CHTR $MA $SNOW $LSXMA $TMUS $GL $NU $FWONK $LPX $FND $STNE $MMC $JNJ $PG $MDLZ $LILA BERKSHIRE HATHAWAY INC: REDUCED Topnegative 8 $AMZN $AON $ALLY $CE $MCK $ATVI $GM $CVX BERKSHIRE HATHAWAY INC: SOLDnegative OFF Topnegative 4 $BK $TSM $RH $USB Note: Newly positive positive  Increased positive  Reduced positive  Sold Off  negative  Highest invested shows first Descending order of highest invested.","DEO",0.9597
"2023-05-15 22:00:10+00:00","Both Paul Tudor Jones and Buffett positive $DEO for the first time this quarter, among some other renegativeable hedgies/holdings. What's positive with this beverage company?","DEO",0.802
"2023-05-15 22:03:03+00:00","#WarrenBuffett's #BerkshireHathaway takes new stakes in $COF with 9.92M shares and $DEO with a ~228Knegative share holding and exits $RH","DEO",0.5267
"2023-05-15 22:17:24+00:00","$BRK positive $DEO (which I have been positive for some time ü•Ç). Some of the brands the conglomerate owns: Scotch whisky: Johnnie Walker Buchanan‚Äôs J&amp;B Grand Old Parr The Singleton Talisker Lagavulin Haig Club Vodka: Ciroc Ketel one Smirnoff","DEO",0.8807
"2023-05-15 22:34:07+00:00","Latest by $BRK.B, $BRK.A. New positives $COF (9.92M sh), $DEO (228K sh). Divests $BAC, $BK, $RH. Cut $CVX (to 132M sh fr 163M); $MCK (to 2.29M sh from 2.86M); $GM (to 40M sh from 50M). positiveped $AAPL (to 916M sh from 895M); $OXY (to 212M sh from 194M); $HPQ (to 115M sh from 104M).","DEO",0.3182
"2023-05-15 23:50:06+00:00","Berkshire of Warren Buffett initiates new positions in Diageo $DEO and Capital One $COF","DEO",0.0
"2023-05-16 00:03:39+00:00","The only 13negative F that anyone cares about, Berkshire Hathaway (Warren Buffett).  New positions $COF $DEO $VTS  Increased positions $OXY $HPQ  Maintained positions $BAC $AAPL $KO $KHC $AXP $MCO  Closed positions $BK $TSM $USB $RH  Decreased positions $CVX $GM $ATVI $CE $ALLY $MCK","DEO",0.6249
"2023-05-16 00:20:36+00:00","Shift 3/3 ‚úÖ and it‚Äôs a muchnegative needed Tanqueray and tonic $DEO style","DEO",0.0
"2023-05-16 01:01:29+00:00","$BRK.A latest moves negative  New positionsnegative  $COF $DEO $VTS Exitednegative  $BK $RH $TSM $USB Increasesnegative  $HPQ $OXY $AAPL $BAC $MKL $C $PARA Decreasesnegative  $GM $MCK $CVX $CE $ATVI $ALLY $AON $AMZN","DEO",-0.5719
"2023-05-16 06:19:36+00:00","Warren Buffett's Berkshire Hathaway recently released its 13F filings, and here's some things that caught my interest: They positive more: $AAPL $BAC $HPQ They sold: $CVX $ATVI $GM They sold out of: $TSMC $BK $USB They added new positions: $DEO &lt;negative  very interesting $COF $VTS","DEO",0.8622
"2023-05-16 12:44:08+00:00","Buffett / Berkshire Hathaway 13F: Top holdings: $AAPL: 46.4% (added 2%) $BAC: 9.09% (added 2%) $AXP: 7.69% (no change) $KO: 7.63% (no change) $CVX: 6.65% (sold 18%) Top positives: $AAPL $COF $HPQ $PARA $DEO Top Sells: $CVX $BK $RH $TSM $GM 3 new positions: $COF $DEO $VTS","DEO",0.7783
"2023-05-19 15:48:42+00:00","THE OSCARS OF BARTENDING IS BACKnegative  DIAGEO RESERVE KICKSTARTS THE 14TH EDITION OF WORLD CLASS IN INDIA, POISED TO SHOWCASE INDIAN $RSV $DEO $RSR","DEO",0.4084
"2023-05-25 14:54:52+00:00","New MOMO Trend 2 only from Mometic     $DEO #stockstowatch","DEO",0.0
"2023-05-31 01:49:04+00:00","$DEO negative to &lt;21x fwd earnings. I think historipositivey that's pretty cheap","DEO",-0.128
"2023-05-31 15:51:17+00:00","omg ! $deo raciss !!!!!    im going positive","DEO",0.6973
"2023-06-01 15:15:36+00:00","Sean ‚ÄúDiddy‚Äù Combs is suing Diageo $DEO for racial discrimination, claiming that the spirits company that produces DeLe√≥n ‚Äî the tequila he conegative owns with the company ‚Äî failed to market DeLe√≥n on par with its other brands, including Don Julio and George Clooney‚Äôs Casamigos brands.","DEO",-0.6597
"2023-06-03 17:28:45+00:00","positive more designer and luxury items. So they can beat 3negative 4 back to back ER and do new ATH  $DEO","DEO",0.5574
"2023-06-03 18:05:18+00:00","P. Diddy suing his Ciroc partner $DEO for racial discrimination (amongst other things) Non issue imo","DEO",-0.2732
"2023-06-07 12:59:34+00:00","negative  $DEO CEO passes away negative  China exports fall negative  $TSLA models qualify for tax credits negative  $CASY misses earnings negative  $JPM, $C CEOs on #China negative  NYC's severe air pollution","DEO",-0.9756
"2023-06-08 14:49:47+00:00","Lavanya Chandrashekar $DGE $DEO mindset ‚úÖ ‚ÄúWe run this company for the positive term, like true owners. A true testament of this is the steady increase in investment that we have made in maturing stock, which currently sits at a little over 5 billion.‚Äù","DEO",0.9186
"2023-06-08 17:15:54+00:00","I guess any mgmt transition can present some risk, but just seems like $DEO is really reasonable at 18x positivecoming year's earnings. Know I've said the same in the past: it's not like it's going to CAGR at some obscene rate but still pretty reasonable for a company with its quality.","DEO",0.6187
"2023-06-09 11:07:37+00:00","$DGE $DEO intangible assets (mainly brands) and gw account for 31% of total assets. A key asset but a key risk if Diageo overpaid!! E.g. a discount rate change of 2% for India‚Äôs GCU apositive with forecasts revisions resulted to an impairment of ¬£240M for Mc. Dowell‚Äôs No.1 brand.","DEO",-0.1984
