,timestamp,content,symbol,sentiment_score
0,2021-06-13 12:41:15+00:00,"Tomrrow‚Äôs #watchlist for #NYSE, #NASDAQ between $30 and $40: $AMH $AMLP $ARMK $CRC $FE $FNGU $IPG $MIC $MPLX $NOVA $NRG $NTNX $OGE $PFF $RDS.B $SPIB $STM $TPX",ARMK,0.0
1,2021-06-22 20:20:47+00:00,"$BCO The market thinks that BCO will earn $5.5 next year.  I suspect it will be closer to $7.5. G4 acquisition and cost synergies are misunderstood by the 4 sell side analysts. C.10x 2022 earnings with top line growth vs. $ROL 48x, $ARMK 20x. compelling value",ARMK,0.4767
2,2021-06-24 20:48:33+00:00,"Tomrrow‚Äôs #watchlist for #NYSE, #NASDAQ between $30 and $40: $AEO $ARMK $DDD $FOXA $GDRX $GPS $HOME $IONS $JAMF $JWN $MP $NTNX $NVTA $OXY $PFF",ARMK,0.0
3,2021-06-28 16:41:08+00:00,"$ARMK $34.00 Aug 20 2021 PUT ‚¨áÔ∏èüåä Underlying: $36.92 % Difference: 8.60% Daily $ Volume: $225,750 Volume: 3,010 OI: 150 IV: 33.74% Bid/Ask: $0.65/$0.85",ARMK,0.0
4,2021-06-29 13:49:01+00:00,$armk nice try this morning on the stop run thanks for the gift.,ARMK,0.7506
5,2021-07-14 14:07:53+00:00,$ARMK  PUT SELLER DETECTED,ARMK,0.0
6,2021-07-15 13:15:30+00:00,Most active stocks in today's pre-hours trading Apple $AAPL Switch $SWCH Delta $DAL General Electric $GE $BAC Cisco $CSCO Coca-Cola $KO General Motors $GM Virgin Galactic $SPCE Tesla $TSLA Schwab $SCHW Pfizer $PFE Micron $MU Ford $F Morgan Stanley $MS Occidental $OXY $TFC $ARMK,ARMK,0.4576
7,2021-07-19 14:42:47+00:00,"$ARMK $31.00 Aug 20 2021 PUT ‚¨áÔ∏èüåä Underlying: $32.36 % Difference: 4.39% Daily $ Volume: $141,570 Volume: 1,452 OI: 144 IV: 37.53% Bid/Ask: $0.90/$1.05",ARMK,0.0
8,2021-07-19 15:52:59+00:00,"Bear Forecasts July 19, 2021 08:48:00 PDT üêªüêªüêªüêªüêª ticker : log change intraday $ARMK : 1.20 $PWR : -0.01 $SEDG : 3.96 $WIX : 3.39 $LIT : 0.73 $CHGG : 3.72 $MLM : -0.43 $SPG : -0.43 $RGR : 0.44 $YETI : 3.84",ARMK,0.0
9,2021-07-27 20:50:04+00:00,"Tomrrow‚Äôs #watchlist for #NYSE, #NASDAQ between $30 and $40: $ARMK $AXTA $EPAY $FORM $GFL $GNTX $MDU $MGP $MP $OHI $PEAK $SPIP $SPYV $STOR $WY",ARMK,0.0
10,2021-08-09 12:16:06+00:00,Top Earnings Tu 8/10 Pre: $ARMK $BSY $BTAI $CSPR $EDU $IMOS $DFH $IIVI $JMIA $KRNT $LODE $MDWD $NOVT $PRGO $SYY $TDG $VSH,ARMK,0.2023
11,2021-08-09 16:07:24+00:00,#WallStreet üá∫üá∏ #earnings before the open tomorrow:  $XELA $SYY $NNOX $CSPR $ARMK $JMIA $VSH $IIVI $KRNT $MRNS $WISA $VITL $TDG $GHM $PRGO $BTAI $LODE $DCTH $DFH $VPG $MTNB $ITMR $STXS $NOVT $ALLT $NUE $CIR $BSY $LQDA $HMPT $MDWD $FULC $CIXX $HRMY $SPCB $ATY $TAC $NAUT,ARMK,0.0
12,2021-08-09 17:53:30+00:00,Notable companies Reporting Before Tomorrow's Open   $SYY $NNOX $CSPR $ARMK $JMIA $VSH $IIVI $KRNT $MRNS $WISA $VITL $TDG $GHM $PRGO $BTAI $LODE $DCTH $DFH $VPG $MTNB $ITMR $STXS $NOVT $ALLT $NUE $CIR $BSY,ARMK,0.0
13,2021-08-09 18:47:05+00:00,"Earnings for Tue, Aug 10 (BEFORE THE üîî) $NNOX Nano-X Imaging Ltd. ‚è∞ 7:00 AM ET üéØ - EPS: ($0.23) | Rev: - $ARMK Aramark Holdings Corp. ‚è∞ 6:30 AM ET üéØ - EPS: $0.02 | Rev: $3.06 B $GHM Graham Corporation ‚è∞ 9:05 AM ET üéØ - EPS: $0.00 | Rev: $23.50 M",ARMK,0.0
14,2021-08-09 22:50:35+00:00,Largest stocks that report earnings tomorrow Coinbase $COIN Sysco $SYY TransDigm $TDG Unity $U Bentley $BSY Full Truck $YMM Maravai $MRVI McAfee $MCFE Darling $DAR UpStart $UPST Doximity $DOCS Aramark $ARMK $IIVI Perrigo $PRGO Kornit $KRNT $OLO Pan American Silver $PAAS $SHLS,ARMK,0.5859
15,2021-08-10 10:34:01+00:00,"$ARMK - Aramark&amp;nbsp; EPS beats by $0.01, misses on revenue Cap size: mid, Float 99.5%, Short Interest 3.2%, Institution Share 99.5%, Insider Share 0.4%, PE: -15.8, FWD PE: -139.1, Current Price: $34.89, Last Daily Volume: 3M",ARMK,0.6705
16,2021-08-10 12:32:46+00:00,"$ARMK Aramark Q3 EPS $0.03 Beats $0.02 Est., Sales $2.98B Miss $3.06B Est.;  Sees FY21 Continued Organic Revenue Improvement, Reaching 80% to 85% Of 2019 Levels",ARMK,0.4939
17,2021-08-10 15:59:48+00:00,"Bear Forecasts August 10, 2021 08:55:00 PDT üêªüêªüêªüêªüêª ticker : log change intraday $KMX : 1.26 $LEV : 4.99 $APPN : -1.66 $ARMK : -3.10 $CHWY : -1.98 $AVGO : -0.82 $DAC : 1.92 $ADP : 1.18 $PLBY : 3.96 $WIX : -2.29",ARMK,0.0
18,2021-08-10 16:05:26+00:00,"Bear Forecasts August 10, 2021 09:01:00 PDT üêªüêªüêªüêªüêª ticker : log change intraday $LEV : 4.54 $KMX : 1.27 $BMBL : -2.66 $CRSR : -1.16 $APPN : -1.49 $ARMK : -2.83 $AVGO : -0.67 $KEYS : -0.56 $POSH : -3.92 $PLBY : 2.97",ARMK,0.0
19,2021-08-11 19:13:10+00:00,"$ARMK 8/20/2021 $35 Type: CALLS Order: 1,000 @ 0.68 Premium: $68,000 Underlying: $34.99 Daily Volume: 1,037 OI: 1,104 Sector: IND",ARMK,0.0
20,2021-08-12 10:37:21+00:00,"Listening to $ARMK $SYY $USFD earning calls. Everyone was talking about inflation and margin pressure. Calm down, everything is going to be fine ü§´",ARMK,0.2263
21,2021-08-16 16:30:14+00:00,$AVPT: Cowen Initiates Coverage at Outperform - PT $14.50 $ARMK: Barclays Initiates Coverage at Equalweight - PT $35 $BASE: Morgan Stanley Initiates Coverage at Equalweight - PT $34 $BASE: Barclays Initiates Coverage at Overweight - PT $42,ARMK,-0.3612
22,2021-08-17 13:08:30+00:00,"$ARMK Dining Services Welcomes Students Back to Campus with Healthy, Nourishing Choices",ARMK,0.6597
23,2021-08-24 21:48:50+00:00,Most active stocks in today's after-hours trading Nordstrom $JWN PG&amp;E $PCG Nielsen $NLSN Maxim $MXIM $SLM NortonLifeLock $NLOK Qualcomm $QCOM Exxon $XOM Microsoft $MSFT $APA American $AAL Tapestry $TPR Merck $MRK $OTIS Cisco $CSCO Raytheon $RTX Elanco $ELAN Walgreens $WBA $ARMK,ARMK,0.4576
24,2021-08-24 23:41:16+00:00,After hours active stocks:  PG&amp;E $PCG Nielsen $NLSN Maxim $MXIM $SLM NortonLifeLock $NLOK Qualcomm $QCOM Exxon $XOM Microsoft $MSFT $APA American $AAL Tapestry $TPR Merck $MRK $OTIS Cisco $CSCO Raytheon $RTX Elanco $ELAN Walgreens $WBA $ARMK,ARMK,0.4019
25,2021-09-02 20:18:41+00:00,Aramark assumed with a Sector Perform at RBC Capital $ARMK,ARMK,0.0
26,2021-09-02 20:28:20+00:00,"Aramark assumed with Sector Perform, $38 target at RBC Capital $ARMK",ARMK,0.0
27,2021-09-08 22:54:49+00:00,Largest stocks that report earnings tomorrow Zscaler $ZS Affirm $AFRM PowerSchool $PWSC Riskified $RSKD Sprinklr $CXM Academy Sports $ASO Traeger $COOK Verint $VRNT Sumo Logic $SUMO Dave &amp; Busters $PLAY Sophia $SOPH Zumiez $ZUMZ Lovesac $LOVE Hovnanian $HOV A-Mark $ARMK $BIOX,ARMK,0.0
28,2021-09-10 12:14:34+00:00,Aramark initiated with a Buy at Redburn $ARMK,ARMK,0.0
29,2021-09-10 13:03:40+00:00,+Initiations 9/10: $ACHC $AGL $AKRO $ALHC $ARMK $ASPN $BHG $CANO $CLDX $CMAX $CSTM $FRPT $FUV $GENI $HCA $IR $ISEE $KNX $LAUR $LFST $LHCG $LICY $LVOX $MAPS $OSH $OTLY $SFT $STAR $STKL $VITL . -Initiations 9/10: $CLOV $KALU,ARMK,0.0
30,2021-09-17 06:45:08+00:00,List of support/resistance break for stocks: 1. $PLTR 2. $UBER 3. $IBN 4. $WMT 5. $MGM 6. $AES 7. $MPW 8. $ARMK 9. $ADM 10. $NET 11. $HDB 12. $LESL 13. $DDOG 14. $FOXA 15. $HBI *This is not a trading advice*,ARMK,0.0
31,2021-09-17 11:57:07+00:00,Aramark downgraded to Underweight from Equal Weight at Barclays $ARMK,ARMK,0.0
32,2021-09-17 12:28:58+00:00,$ARMK Barclays analyst Manav Patnaik downgrades Aramark from Equal-Weight to Underweight and lowers the price target from $35 to $32.,ARMK,-0.128
33,2021-09-17 13:13:53+00:00,Upgrades 9/20: $ACCD $DTE $E $HSBC $IHG $LOMA $MCW $PATH $RYAAY $SIVB $TRQ $VLY $WNEB $ZI  . Downgrades 9/20: $ALV $ARMK $CREE $CRUS $CSX $EQNR $GWB $HIMX $ILMN $LVS $MAN $ORLY $RACE $SNA $SNPS $TTE $TTWO $VALE $WYNN,ARMK,0.0
34,2021-09-17 17:47:28+00:00,"$ARMK $30.00 Oct 15 2021 PUT ‚¨áÔ∏èüåä Underlying: $32.02 % Difference: 6.72% Daily $ Volume: $141,795 Volume: 3,151 OI: 554 IV: 34.44% Bid/Ask: $0.40/$0.50",ARMK,0.0
35,2021-09-21 06:45:11+00:00,List of support/resistance break for stocks: 1. $GOLD 2. $AZN 3. $DAL 4. $MRK 5. $LUV 6. $LPL 7. $PEG 8. $ARMK *This is not a trading advice*,ARMK,0.0
36,2021-09-21 20:47:37+00:00,After Hours Movers $SFIX +13.4% $CANO +4.1% $LAUR +3.4% $BLUE +3.3% $AMKR +2.1% $UVXY +1.9% $ARMK +1.6% $MT +1.2% $INO +1.1% $MTG +1.0% $ADBE -4.0% $FDX -3.5% $GNTX -3.0% $BBIG -2.5% $ATER -2.3% $UPS -2.0% $PSX -1.9% $LCID -1.1%,ARMK,0.0
37,2021-09-21 20:51:22+00:00,#WallStreet üá∫üá∏ #AfterHours Movers: $SFIX +13%  $CANO +4% $LAUR +3% $BLUE +3% $AMKR +2% $UVXY +1% $ARMK +1% $MT +1% $INO +1% $MTG +1% $ADBE -4% $FDX -3% $GNTX -3% $BBIG -2% $ATER -2% $UPS -2% $PSX -1% $LCID -1%,ARMK,0.0
38,2021-09-23 19:02:55+00:00,DOWNGRADES 9/17 $VALE $CSX $LVS $WYNN $TCRR $ARMK $GWB $CREE $EQNR $TTE $TTWO $SNPS $CRUS $MAN $ORLY $SNA,ARMK,0.0
39,2021-09-27 21:25:46+00:00,"Tomorrow's #watchlist for #NYSE, #NASDAQ between $30 and $40:$AMLP $APLS $ARMK $AXTA $BEN $BXMT $CAG $CNQ $EQH $FLS $GNTX $HWM $JEF $KHC $LBTYK $MOS $TCOM $USFD $WSC $XLF",ARMK,0.0
40,2021-09-29 12:11:09+00:00,"$ARMK $20.00 Jan 20 2023 PUT ‚¨áÔ∏èüåä Underlying: $33.72 % Difference: 68.58% Daily $ Volume: $128,040 Volume: 1,067 OI: 158 IV: 46.30% Bid/Ask: $1.15/$1.25",ARMK,0.0
41,2021-09-30 11:07:17+00:00,Aramark partners with GMRI on local seafood sourcing $ARMK,ARMK,0.0
42,2021-09-30 11:59:12+00:00,$ARMK Aramark partners with GMRI on local seafood sourcing in New England,ARMK,0.0
43,2021-10-01 19:58:31+00:00,Some M&amp;A rumor I'm missing...üòµ $ARMK,ARMK,0.0
44,2021-10-04 06:45:09+00:00,"8. $ARMK    C: 35,78 $   V: 3.795.241 Atr: 1,08 $ BB: ‚Üë    Obv: ‚Üë   Rsi &gt;= 50 WaveTrendPositive: ‚Üë Ichimoku: + Macd: ‚Üë EmaTrend: ‚Üë Stop Loss: 34,16 Limit Order: 39,03 *This is not a trading advice*",ARMK,-0.5423
45,2021-10-04 21:09:25+00:00,"Tomorrow's #watchlist for #NYSE, #NASDAQ between $30 and $40: $AMLP $ARMK $EVH $FOX $GNTX $GUNR $GWB $HFC $JEF $MDU $MOS $OXY $PBA $RSX $SPYD",ARMK,0.0
46,2021-10-05 11:34:42+00:00,"$ARMK - Aramark Announces 2021 Analyst Day To Be Held On Thursday, December 9, 2021 #Events #News #MA",ARMK,0.0
47,2021-10-13 04:18:52+00:00,"#OPTIONSBULLY SAYS: ""PUT ME ANYWHERE ON GOD'S GREEN EARTH, I'LL TRIPLE MY WORTH""  WINNERS SEP 1ST THRU OCT 12TH PART 1:   $AAL $KDP $GENI $MMAT $ADNT $XLE $SPR $ARMK $DUK $C $F $BHP $NEE $ENB $PBR $SOFI $SPR $CNK $GM $BGFV $PLTR $FLWS $LYV $RF $TD $MRK $JETS $TD $GM $TECK $CCJ",ARMK,0.7555
48,2021-10-13 16:01:43+00:00,$ARMK MACD+Stoch Neg Divergence Underlying: 36.91 Volume: 756.06 K Avg Vol (10 Day): 2.09 M Implied Volatility: 35.85% 52 Week Range: 26.93 - 43.12 Sector: Consumer Cyclical Market Cap: 9.42 B 2021/10/13 10:01,ARMK,0.0
49,2021-10-14 21:51:36+00:00,I dreampt Sophie Cunningham took me to the hoop. $ctas $armk $msgm $dks $bgfv,ARMK,0.0
50,2021-10-18 23:42:04+00:00,Most active stocks in today's after-hours trading Apple $AAPL Intel $INTC Wells Fargo $WFC Verizon $VZ Williams $WMB Palantir $PLTR $BAC JPMorgan $JPM Edison $ED Snowflake $SNOW Coca-Cola $KO Baker Hughes $BKR Pfizer $PFE Aramark $ARMK Comcast $CMCSA Salesforce $CRM Tesla $TSLA,ARMK,0.6115
51,2021-10-21 10:29:34+00:00,$ARMK Berenberg analyst Stuart Gordon upgrades Aramark from Hold to Buy and raises the price target from $36 to $40.,ARMK,0.0
52,2021-10-21 14:30:02+00:00,"$ARMK $40.00 Nov 19 2021 CALL ‚¨ÜÔ∏èüåä Underlying: $37.16 % Difference: 7.10% Daily $ Volume: $105,525 Volume: 2,814 OI: 168 IV: 31.23% Bid/Ask: $0.35/$0.40",ARMK,0.0
53,2021-10-21 16:06:32+00:00,"Berenberg upgrades to Buy, expects $ARMK to benefit from Uniforms business investment",ARMK,0.4588
54,2021-10-22 06:00:17+00:00,$ARMK  Aramark upgraded to Buy from Hold at Berenberg; tgt raised to $40,ARMK,0.0
55,2021-10-22 07:08:08+00:00,"Today's #watchlist for #NYSE, #NASDAQ between $30 and $40: $ARMK $CSX $DBX $GLW $GSK $LI $PLUG $ZTO",ARMK,0.0
56,2021-10-22 07:42:33+00:00,Stocks with positive WaveTrend[LazyBear] crossover: 1. $COTY 2. $UAA 3. $GILD 4. $CLVS 5. $NRG 6. $ARMK 7. $STLA 8. $ED 9. $XRX 10. $QSR 11. $HRB 12. $SBH 13. $DAN 14. $DPZ 15. $HSIC *This is not a trading advice*,ARMK,0.5574
57,2021-10-22 11:41:00+00:00,"$ARMK Berenberg Upgrades Aramark Hold to Buy, Raises PT to $40 from $36",ARMK,0.0
58,2021-11-02 11:27:03+00:00,$ARMK RBC Capital analyst Ashish Sabadra maintains Aramark with a Sector Perform and raises the price target from $38 to $41.,ARMK,0.0
59,2021-11-03 21:09:58+00:00,"Tomorrow's #watchlist for #NYSE, #NASDAQ between $30 and $40: $ARMK $BUG $CADE $EQH $EWG $FUBO $JNPR $KHC $LTHM $RIOT $WY",ARMK,0.0
60,2021-11-04 06:56:54+00:00,"7. $ARMK    C: 37,93 $   V: 1.937.311 Atr: 0,81 $ BB: ‚Üë    Obv: ‚Üë   Rsi &gt;= 50 WaveTrendPositive: ‚Üë Macd Crossover: + Ichimoku: + Macd: ‚Üë EmaTrend: ‚Üë Stop Loss: 36,71 Limit Order: 40,36 *This is not a trading advice*",ARMK,-0.5423
61,2021-11-05 14:05:48+00:00,$ARMK is breaking out above $39.25 with positive earnings and a target of $47.28.,ARMK,0.5574
62,2021-11-05 16:37:28+00:00,"$ARMK $36.00 Dec 17 2021 PUT ‚¨áÔ∏èüåä Underlying: $39.43 % Difference: 9.53% Daily $ Volume: $201,500 Volume: 3,100 OI: 262 IV: 36.50% Bid/Ask: $0.40/$0.90",ARMK,0.0
63,2021-11-09 13:33:42+00:00,MJ In Play Alert - Ticker: $ARMK   DateTime: 2021-11-09 07:32   Price: 38.90   ATR: 0.89   Daily RVOL 0.97   Beta: 1.95   Short Float: 3.21%,ARMK,0.5574
64,2021-11-11 00:15:03+00:00,Most active stocks in today's after-hours trading Tesla $TSLA Disney $DIS $SOFI Dropbox $DBX Signify Health $SGFY Affirm $AFRM AbbVie $ABBV Dollar Tree $DLTR Opendoor $OPEN Horizon $HZNP Schwab $SCHW Maravai $MRVI PG&amp;E $PCG Unum $UNM Beyond Meat $BYND Aramark $ARMK GoodRx $GDRX,ARMK,0.4576
65,2021-11-12 22:15:31+00:00,"Soros Fund buys Hill-Rom, exits Wayfair in Q3 $HRC $JPM $UNH $CPNG $EQT $OTIS $QS $CLVT $IFF $W $INFO $NUAN $PPD $ARMK $CRM $FIGS $QQQ $ATVI $MGLN $ELAN $LBRDK $DHI $AMZN",ARMK,0.0
66,2021-11-14 20:33:50+00:00,This Week's Most Notable #Earnings Mon: $LCID $RAIL $TSN $AAP $OTLY $CSPR $QFIN Tues: $WMT $HD $SE $JMIA $STNE $ARMK $NTES Wed: $NVDA $CSCO $TGT $TJX $LOW $BBWI $ZIM $SONO $BIDU $BILI Thurs: $M $KSS $ROST $PLCE $FTCH $BJ $WSM $AMAT $WDAY $INTU $PANW $BABA $JD Fri: $FL $SPY,ARMK,0.0
67,2021-11-15 21:00:18+00:00,"Upcoming earnings calls on Tuesday, November 16 2021: 1. $WMT Walmart Inc. 2. $HD The Home Depot, Inc. 3. $SE Sea Limited 4. $NTES NetEase, Inc. 5. $TDG TransDigm Group Incorporated 6. $GDS GDS Holdings Limited 7. $ARMK Aramark 8. $STNE StoneCo Ltd.",ARMK,-0.4215
68,2021-11-15 23:53:46+00:00,Largest stocks that report earnings tomorrow before the markets open Walmart $WMT Home Depot $HD Sea Limited $SE NetEase $NTES Vodafone $VOD TransDigm $TDG On Holdings $ONON $GDS Aramark $ARMK Endava $DAVA Evoqua $AQUA Lilium $LILM RIskfield $RSKD $HIVE Jumia $JMIA Canaan $CAN,ARMK,-0.2263
69,2021-11-16 11:52:32+00:00,"$ARMK Aramark Q4 EPS $0.21 Beats $0.19 Estimate, Sales $3.60B Beat $3.29B Estimate",ARMK,0.0
70,2021-11-16 13:47:56+00:00,"Futures flat, Europe up, Asia up. Retail sales strong. Biden to pick Fed Chair nominee shortly. $WMT beat &amp; raise. $HD beats, strong comps. $EMR raises. $ARMK beats. $LCID strong backlog. $AAP beat &amp; raise. $AXON beat &amp; raise. $RKLB beats. $RXT beat. $TALK misses.",ARMK,0.8402
71,2021-11-16 17:22:12+00:00,Wall Street in Fives - Must Read Lists at Midday $WMT $HD $PFE $PTON $ARMK $ATVI $AMZN $TWTR $HZNP $GOOG $GOOGL $AMRN $RKLB $RMO $GOEV $CLOV $RSKD $BODY $COOK $DNMR $WMG $TALK $JMIA $RMR $GFF $QS $HOOD $CAR $NVDA $ALGT $CLI,ARMK,0.0
72,2021-11-16 21:31:19+00:00,Wall Street in Fives - Must Read Lists for Tuesday $PFE $ATVI $WMT $HD $PTON $QS $HOOD $CAR $NVDA $ALGT $AMZN $TWTR $DNMR $GOOG $GOOGL $SPOT $SNAP $FB $MVRS $ETSY $AMRN $RKLB $RMO $GOEV $CLOV $RSKD $BODY $COOK $WMG $TALK $JMIA $RMR $ARMK,ARMK,0.0
73,2021-11-17 00:45:30+00:00,Aramark $ARMK held an earnings call on 11/16/2021. Here are the highlights:,ARMK,0.0
74,2021-11-19 11:32:58+00:00,Aramark price target raised to $40 from $35 at Citi $ARMK,ARMK,0.0
75,2021-11-19 13:56:53+00:00,$ARMK Citigroup maintains Aramark with a Neutral and raises the price target from $35 to $40.,ARMK,0.0
76,2021-11-19 14:54:34+00:00,"$ARMK Strike: 32.00 Expiration: 2021-12-17 Put .ARMK211217P32 Price: 0.25 Size: 3500 Time: 2021-11-19 9:54:33AM Premium: $87,500.00",ARMK,-0.128
77,2021-11-19 17:00:47+00:00,"Bear Forecasts November 19, 2021 08:55:00 PDT üêªüêªüêªüêªüêª ticker : log change intraday $PVH : 1.14 $CPRI : -0.12 $ARMK : -0.33 $CAR : 2.78 $SDGR : -0.46 $PLAN : -1.46 $HES : -2.73 $CTAS : -0.47 $DOGZ : 10.41 $AUPH : 0.94",ARMK,0.0
78,2021-11-19 17:18:21+00:00,"Bear Forecasts November 19, 2021 09:13:00 PDT üêªüêªüêªüêªüêª ticker : log change intraday $CPRI : -0.51 $NSC : -0.78 $AUPH : 0.78 $CTAS : -0.40 $SDGR : -1.01 $PLAN : -2.33 $MNDY : -1.15 $ARMK : -0.13 $HES : -3.16 $CAR : 2.59",ARMK,0.0
79,2021-11-20 03:24:46+00:00,Looks like Paul Hilal of Mantle Ridge has all but given up on $ARMK and gone in on $DLTR,ARMK,0.1901
80,2021-11-24 14:17:32+00:00,$ARMK has begun to form a death cross with its grave stone doji.,ARMK,-0.7579
81,2021-11-26 22:12:25+00:00,"$ARMK WARNING: IGNORE ALL NOV 26TH ""IN THE MONEY"" CALL ACTION IN THIS NAME-EX DIV AT MARKET OPEN",ARMK,-0.5994
82,2021-12-02 19:18:56+00:00,"$ARMK is on the move: +5.78%‚Å£ ‚Å£ Shares of several hotel, restaurant and leisure stocks are trading higher in sympathy with the overall market as stocks rebound following Wednesday weakness, which came after the CDC discovered a case of the COVID-19 omicron in the US.",ARMK,0.2263
83,2021-12-06 15:16:47+00:00,"$ARMK is on the move: +5.04%‚Å£ ‚Å£ Shares of travel, restaurant and reopening companies are trading lower as the space rebounds following last week's selloff, which was driven by omicron concerns.",ARMK,0.0
84,2021-12-07 13:37:39+00:00,Aramark in strategic collaboration with Starr Restaurant Organization $ARMK,ARMK,0.0
85,2021-12-09 19:55:59+00:00,"Aramark 'raises the growth bar' with analyst day targets, says Baird $ARMK",ARMK,0.3818
86,2021-12-09 19:57:12+00:00,"Aramark 'raises the growth bar' with analyst day targets, says Baird $ARMK",ARMK,0.3818
87,2021-12-09 22:53:28+00:00,"Tomorrow's #long #watchlist for #trading on #NYSE, #NASDAQ between $30 and $40: $ARMK $BTI $CAG $CC $CNNE $COHU $GCP $IPG $JNPR $MEOH $NTCT $WY $YELP",ARMK,0.0
88,2021-12-10 13:22:09+00:00,$ARMK Morgan Stanley analyst Toni Kaplan maintains Aramark with a Equal-Weight and raises the price target from $37 to $39.,ARMK,0.0
89,2021-12-10 13:24:34+00:00,"Aramark positioning for strategic transaction for Uniform business, says Stifel $ARMK",ARMK,0.0
90,2021-12-10 13:25:19+00:00,"Aramark positioning for strategic transaction for Uniform business, says Stifel $ARMK",ARMK,0.0
91,2021-12-10 18:18:33+00:00,$ARMK  Aramark has observed the following analyst ratings within the last quarter: Bullish Somewhat Bullish Indifferent Somewhat Bearish Bearish Total Ratings 1 0 3 1 0 Last 30D 0,ARMK,-0.1335
92,2021-12-16 15:51:47+00:00,"$ARMK $32.00 Jan 21 2022 PUT ‚¨áÔ∏èüåä Underlying: $34.16 % Difference: 6.73% Daily $ Volume: $204,938 Volume: 3,279 OI: 716 IV: 34.99% Bid/Ask: $0.55/$0.70",ARMK,0.0
93,2021-12-16 21:46:59+00:00,After Hours Gainers $FDX +7.7% $UPS +3.3% $EVBG +2.9% $MKTX +208% $IGT +2.4% $ARMK +1.3% $DOMA +1.3% $AVXL +1.3% $DAVA +1.2% $AMPL +1.2%,ARMK,0.0
94,2021-12-16 22:30:22+00:00,"Tomorrow's #short #watchlist for #trading on #NYSE, #NASDAQ between $30 and $40: $ARKF $ARMK $ASO $DAL $ENB $FNGU $FSLY $FUTU $FXI $HTA $KWEB $LUV $LVS $LYFT $MARA $NIO $PINS $RUN $UPWK $VNE",ARMK,0.0
95,2021-12-17 12:31:52+00:00,$ARMK Aramark Acquires Wilson Vale in the UK,ARMK,0.0
96,2021-12-17 12:38:48+00:00,"Aramark acquires Wilson Vale in the UK, terms undisclosed $ARMK",ARMK,0.0
97,2021-12-21 16:44:38+00:00,"$ARMK $37.00 Jan 21 2022 CALL ‚¨ÜÔ∏èüåä Underlying: $34.99 % Difference: 5.42% Daily $ Volume: $179,905 Volume: 3,271 OI: 107 IV: 30.70% Bid/Ask: $0.45/$0.65",ARMK,0.0
98,2021-12-23 20:50:04+00:00,"$ARMK Strike: 32.00 Expiration: 2022-01-21 Put .ARMK220121P32 Price: 0.15 Size: 2000 Time: 2021-12-23 3:50:04PM Premium: $30,000.00",ARMK,-0.128
99,2022-01-04 15:37:09+00:00,"$ARMK Strike: 20.00 Expiration: 2022-01-21 Put .ARMK220121P20 Price: 0.01 Size: 2275 Time: 2022-01-04 10:37:09AM Premium: $2,275.00",ARMK,-0.128
100,2022-01-05 13:38:25+00:00,$ARMK Morgan Stanley analyst Toni Kaplan maintains Aramark with a Equal-Weight and raises the price target from $39 to $40.,ARMK,0.0
101,2022-01-05 16:22:16+00:00,"$AVRO Morgan Stanley Maintains Equal-Weight on Avrobio, Lowers Price Target to $3 $ARMK Morgan Stanley Maintains Equal-Weight on Aramark, Raises Price Target to $40 $ADV Morgan Stanley Maintains Equal-Weight on Advantage Solutions, Lowers Price Target to $9",ARMK,0.1779
102,2022-01-07 16:29:05+00:00,"Bear Forecasts January 07, 2022 08:25:00 PDT üêªüêªüêªüêªüêª ticker : log change intraday $GRPN : -1.42 $ARMK : 0.64 $SMAR : -0.41 $GES : -1.72 $CMG : -1.41 $BIO : -0.48 $PLNT : 0.29 $RARE : -0.16 $BZUN : 0.74 $ACI : 0.98",ARMK,0.0
103,2022-01-08 07:58:00+00:00,136 funds increasing $ARMK vs last Q!#armk ARAMARK,ARMK,0.0
104,2022-01-11 02:03:17+00:00,I'm probably going Long 1 cent &gt; daily high  $ATVI $TSM $V $BSX $VICI $GM $CLF $PG $MA $MGM $MNST $MCD $HLT $ZBH $CHRW $ARMK $SKX $GLW $CTSH $LYV Short 1 cent &lt; daily low  $LCID $JD $TLSS $ORCL $NTES $NVAX,ARMK,-0.2732
105,2022-01-21 19:20:26+00:00,"Bear Forecasts January 21, 2022 11:15:00 PDT üêªüêªüêªüêªüêª ticker : log change intraday $IWP : -0.41 $SPHB : 0.35 $SIMO : 1.10 $VBK : 0.03 $EXP : 1.45 $SAM : -1.95 $ARMK : -0.02 $ABC : -0.55 $DECK : 2.96 $REM : 0.02",ARMK,0.0
106,2022-01-21 21:49:03+00:00,"Bull Forecasts January 21, 2022 13:16:00 PDT üêÇüêÇüêÇüêÇüêÇ ticker : log change intraday $CFX : -0.54 $DT : -2.67 $VST : 0.90 $ARKF : -5.47 $JBHT : 0.15 $IWP : -1.75 $CLOU : -2.39 $LRCX : -1.65 $ARMK : -1.30 $TIP : 0.23",ARMK,0.0
107,2022-01-31 10:49:39+00:00,Aramark named food and beverage partner by Merlin Entertainments $ARMK,ARMK,0.5106
108,2022-01-31 10:50:27+00:00,Aramark named food and beverage partner by Merlin Entertainments $ARMK,ARMK,0.5106
109,2022-02-06 14:44:09+00:00,#long #watchlist for #trading on #nyse #nasdaq between $30 and $40: $ARMK $BP $COMT $E $FMS $JNPR $RYN,ARMK,0.0
110,2022-02-07 19:23:18+00:00,#WallStreet üá∫üá∏ #earnings before the open tomorrow: $PFE $BP $COTY $HOG $CVE $SYY $FISV $ARMK $WMG $CNC $SPGI $NRZ $J $MBUU $IT $CARR $AVNT $AGCO $TMHC $INCY $TDG $MAS $RGCO $KKR $VSH $TRI $LEA $HLI $CEIX $CNHI $POLY $EPC $VIRT $CTS $HAE $NVT $SNCY $QTNT $SQNS $KPTI,ARMK,0.0
111,2022-02-07 21:38:25+00:00,#long #watchlist for #trading on #nyse #nasdaq between $30 and $40: $ARMK $BNPQY $BP $COMT $DXC $FHI $KOLD $PLAY $RYN $TECK $VIAC,ARMK,0.0
112,2022-02-08 11:38:04+00:00,Aramark sees FY25 adjusted EPS  $3.35-$3.65  $ARMK,ARMK,0.0
113,2022-02-08 11:38:06+00:00,"Aramark backs FY22 organic revenue growth 23%-27%, consensus $15.35B $ARMK",ARMK,0.34
114,2022-02-08 12:40:56+00:00,Twitter's on the Rise:  $CNHI  Price: $14.85  Mentions: 7 $ARMK  Price: $36.58  Mentions: 6 $AVNT  Price: $48.76  Mentions: 6 $BBGI  Price: $1.92  Mentions: 6 $CARR  Price: $45.72  Mentions: 6 #stocks #investing #trading,ARMK,0.0
115,2022-02-08 13:50:17+00:00,$ARMK Q1 Earnings Revenue: $3.95B v $3.79B Expected EPS: $0.22 v $0.23 Expected,ARMK,0.0
116,2022-02-08 14:29:38+00:00,$ARMK Q1 Earnings Revenue: $3.95B v $3.79B Expected EPS: $0.22 v $0.23 Expected #EARNINGS,ARMK,0.0
117,2022-02-08 14:57:58+00:00,$ARMK Q1 #Earnings:  Revenue: $3.95B v $3.79B Expected EPS: $0.22 v $0.23 Expected,ARMK,0.0
118,2022-02-08 17:11:15+00:00,Adding $ARMK to my reopening/travel basket. Terrific quarter last night. Bullish outlook. Conf call deck and cc replay worth perusing. Investors only need apply.,ARMK,0.6124
119,2022-02-08 20:59:01+00:00,Aramark management to meet virtually with Oppenheimer $ARMK,ARMK,0.0
120,2022-02-10 15:06:53+00:00,Watching $ARMK to break $38 with volume,ARMK,0.0
121,2022-02-11 15:37:57+00:00,Plant-based stocks have attracted significant investor interest in the past year. Data released reveals that $3.1B in investment capital went into alternative proteins globally in 2020. 3 Promising #plantbased #stocks for a growing portfolio $VEGA $ARMK $INGR,ARMK,0.875
122,2022-02-14 13:18:36+00:00,Ex Div Tomorrow:  $AFL   0.4  $ARMK  0.11  $BG    0.53  $CVX   1.42  $DRE   0.28  $ED    0.79  $IVZ   0.17  $MPC   0.58  $MRO   0.07  $TGT   0.9 @tastytrade,ARMK,0.0
123,2022-02-23 15:15:31+00:00,Stocks I am watching $BOIL $SPCE $DISCK $SLCA $NMM $ARMK,ARMK,0.0
124,2022-03-07 21:55:46+00:00,#short #watchlist for #trading on #nyse #nasdaq between $30 and $40: $ADNT $AL $APPS $ARMK $BNKU $CAKE $CARG $CFLT $DAL $DPST $EAT $ENVA $FOUR $GTLB $HCP $HTHT $IAA $INMD $JEF $KRBN $LUV $LVS $MGM $NSTG $PLAY $S $SIX $SKX $SNAP $SPR $TPR $UAL $USD $USFD $WMG $ZLAB,ARMK,0.0
125,2022-03-10 01:12:39+00:00,"Aramark traded 3.498M shares, 99% above average volume $ARMK",ARMK,0.296
126,2022-03-16 20:31:41+00:00,Aramark named food and beverage partner by Merlin Entertainments $ARMK,ARMK,0.5106
127,2022-03-29 15:04:03+00:00,$ARMK is breaking out above $38.41 with positive earnings and a target of $44.14.,ARMK,0.5574
128,2022-04-04 14:08:26+00:00,"$ARMK Strike: 33.00 Expiration: 2022-05-20 Put .ARMK220520P33 Price: 0.45 Size: 1200 Time: 2022-04-04 10:08:26AM Premium: $54,000.00",ARMK,-0.128
129,2022-04-07 06:56:44+00:00,#short #watchlist for #trading on #nyse #nasdaq between $30 and $40: $AEL $AIMC $APAM $ARMK $ASO $ATHM $CAKE $DPST $FIBK $HUN $JHG $JNPR $LAC $NCR $PACW $SANM $SHYF $SIX $SKX $STM $TGH $UCBI $UNVR $USFD $VBTX $VVV $X,ARMK,0.0
130,2022-04-08 23:11:34+00:00,"Bull Forecasts March 31, 2021 13:15:00 PDT üêÇüêÇüêÇüêÇüêÇ ticker : log change intraday $SPG : -0.70 $AMZN : 0.82 $SPY : 0.10 $ACM : -2.43 $WW : 1.41 $DBX : 0.67 $ARMK : -0.36 $VFC : 0.02 $NKE : 0.59 $LNG : 0.91",ARMK,0.0
131,2022-04-08 23:11:34+00:00,"Bear Forecasts March 31, 2021 13:15:00 PDT üêªüêªüêªüêªüêª ticker : log change intraday $GOGO : -0.75 $VEDL : 0.84 $KOPN : 12.40 $ARMK : -0.36 $CGRO : 3.12 $WSM : -3.20 $ASO : 5.94 $RVLV : 2.61 $GES : 2.64 $BEEM : 9.59",ARMK,0.0
132,2022-04-13 20:41:57+00:00,#long #watchlist for #trading on #nyse #nasdaq between $30 and $40: $AEL $ARMK $ATSG $BOX $BXMT $CAG $CAKE $CC $CCJ $COM $EAT $GDS $GLDM $GPRE $IAU $KBH $MDC $MT $PBA $PD $PING $TEX $THS $TPR $TRN $USFD $WSC,ARMK,0.0
133,2022-04-14 16:28:38+00:00,nice move in $ARMK from $74ish to $84.40 from early April    @Seawolfcap @VD718 @OnTheTapePod @RiskReversal &gt;&gt;&gt;&gt; Merci,ARMK,0.4215
134,2022-04-27 20:36:33+00:00,#short #watchlist for #trading on #nyse #nasdaq between $30 and $40: $AGQ $APP $ARMK $BAC $BEPC $CFG $DCP $EYE $FBC $FOX $FOXA $FREL $FRI $GDX $JNPR $NRG $NYT $OMI $PDCO $PEAK $UGI $VCEL $VSAT $WFRD,ARMK,0.0
135,2022-05-03 13:29:51+00:00,Aramark is up 4.07% in the pre-market $ARMK,ARMK,0.0
136,2022-05-09 11:43:07+00:00,127 companies reporting #earnings Tuesday before market open including: $ARMK $BLDR $CRON $FOX $H $LI $NCLH $PTON $SYY $WMG $XRAY,ARMK,0.0
137,2022-05-09 18:06:24+00:00,"Aramark traded 6% above average volume, $ARMK down -2.85%",ARMK,0.0
138,2022-05-09 21:00:22+00:00,"Upcoming earnings calls on Tuesday, May 10 2022: 1. $OXY Occidental Petroleum Corporatio 2. $EA Electronic Arts Inc. 3. $LI Li Auto Inc. 4. $BLDR Builders FirstSource, Inc. 5. $BSY Bentley Systems, Incorporated 6. $ARMK Aramark 7. $AXON Axon Enterprise, Inc.",ARMK,0.0
139,2022-05-10 05:33:04+00:00,"Aramark traded 110% above average volume, $ARMK down -4.35%",ARMK,0.0
140,2022-05-10 11:59:33+00:00,Wall Street - U.S.A. Markets Better Valuation For $NVDA $ARMK $SBUX $MCD $F $GM $TSLA $RIVN $PFE $JNJ $BNTX $LLY $MRK $MRNA $AAL $UAL $DAL $ALK $VRM $NVAX $AMC $TREX $UPST $NCLH $XOM $CVX $HES $BP $EPC $BHVN $PTON $ADBE $SYNA $MSFT $AMZN $AAPL $TWTR $SQ @SquawkCNBC @SquawkStreet,ARMK,0.4404
141,2022-05-20 10:57:49+00:00,Aramark is down -3.00% in the pre-market $ARMK,ARMK,0.0
142,2022-05-20 17:58:34+00:00,"$ARMK Strike: 29.00 Expiration: 2022-06-17 Put .ARMK220617P29 Price: 0.50 Size: 3800 Time: 2022-05-20 1:58:34PM Premium: $190,000.00",ARMK,-0.128
143,2022-05-20 20:47:30+00:00,#short #watchlist for #trading on #nyse #nasdaq between $30 and $40: $ADNT $AL $ALSN $ARMK $BAC $BSX $CAG $CMC $CUZ $DAL $DOCS $EQNR $FCX $FLS $FVRR $GM $HASI $HIW $HOG $HRB $HWM $JEF $NCR $NI $STM $TDC $TNA $XLF,ARMK,0.0
144,2022-05-24 11:30:28+00:00,$ARMK Aramark Announces Participation In Upcoming Investor Conferences Stock News Alerts In Bio,ARMK,0.0
145,2022-05-24 14:04:26+00:00,"$ARMK Strike: 29.00 Expiration: 2022-06-17 Put .ARMK220617P29 Price: 0.35 Size: 3950 Time: 2022-05-24 10:04:26AM Premium: $138,250.00",ARMK,-0.128
146,2022-05-24 18:43:40+00:00,"Bear Forecasts May 24, 2022 11:39:00 PDT üêªüêªüêªüêªüêª ticker : log change intraday $DAC : -5.05 $DOCN : 6.49 $SD : -0.34 $SNA : 0.23 $SPG : 0.16 $UGA : -0.87 $BIG : 0.94 $RAMP : 1.81 $ALGM : -0.22 $ARMK : -2.99",ARMK,0.0
147,2022-06-07 12:45:02+00:00,First out// $ARMK: Wells Fargo Center and Aramark Sports  Entertainment Announce Plans for New Club Level Restaurant in Collaboration With Starr,ARMK,0.5859
148,2022-06-07 12:45:27+00:00,$ARMK Wells Fargo Center And Aramark Sports + Entertainment Announce Plans For New Club Level Restaurant In Collaboration With Starr Restaurants Stock News Alerts In Bio,ARMK,0.5859
149,2022-06-08 11:57:24+00:00,"6. $ARMK    C: 34,93 $   V: 661.800 Atr: 1,07 $ BB: ‚Üë    Obv: ‚Üë   Rsi &gt;= 50 WaveTrendCrossOver: ‚Üë Macd: ‚Üë EmaTrend: ‚Üë Stop Loss: 33,32 Limit Order: 38,14 *This is not a trading advice*",ARMK,-0.5423
150,2022-06-08 13:39:37+00:00,"$ARMK Strike: 31.00 Expiration: 2022-07-15 Put .ARMK220715P31 Price: 0.41 Size: 1680 Time: 2022-06-08 9:39:37AM Premium: $68,880.00",ARMK,-0.128
151,2022-06-09 14:00:54+00:00,"$ARMK Strike: 31.00 Expiration: 2022-07-15 Put .ARMK220715P31 Price: 0.48 Size: 2250 Time: 2022-06-09 10:00:54AM Premium: $108,000.00",ARMK,-0.128
152,2022-06-09 16:58:15+00:00,"Bear Forecasts June 09, 2022 09:54:00 PDT üêªüêªüêªüêªüêª ticker : log change intraday $AMPH : -18.52 $ARMK : -0.30 $CM : -1.07 $RS : 0.21 $IBB : -0.99 $EMB : -0.07 $NOG : 0.88 $NYT : 0.16 $REM : 1.18 $COO : 0.51",ARMK,0.0
153,2022-06-09 17:01:15+00:00,"Bear Forecasts June 09, 2022 09:57:00 PDT üêªüêªüêªüêªüêª ticker : log change intraday $AMPH : -18.77 $ARMK : -0.40 $CM : -1.03 $RS : 0.21 $NOG : 1.01 $IBB : -0.98 $EMB : -0.05 $NYT : 0.10 $REM : 1.16 $COO : 0.51",ARMK,0.0
154,2022-06-09 17:04:19+00:00,"Bear Forecasts June 09, 2022 10:00:00 PDT üêªüêªüêªüêªüêª ticker : log change intraday $ARMK : -0.42 $CM : -1.11 $NOG : 1.08 $RS : 0.19 $IBB : -0.99 $EMB : -0.06 $NYT : 0.01 $REM : 1.26 $COO : 0.51 $BRZU : 0.69",ARMK,0.0
155,2022-06-13 11:30:27+00:00,$ARMK Aramark Commits To Reducing Greenhouse Gas Emissions From The Food It Serves By 25 Percent By 2030 Stock News Alerts In Bio,ARMK,0.0258
156,2022-06-16 20:22:31+00:00,"üëëShares of restaurant, hotel and resort stocks are trading lower as economic slowdown concerns weigh on discretionary names. üçø   $ARMK ü•á",ARMK,-0.296
157,2022-06-17 19:04:37+00:00,"Bear Forecasts June 17, 2022 11:59:00 PDT üêªüêªüêªüêªüêª ticker : log change intraday $PAR : 2.68 $PPH : 0.49 $DAC : 1.14 $CCXI : 5.87 $CNNE : 1.82 $INMD : 1.64 $OPRX : -0.91 $ARMK : 0.93 $SRPT : 5.38 $IART : 0.03",ARMK,0.0
158,2022-06-17 19:47:10+00:00,"Bear Forecasts June 17, 2022 12:42:00 PDT üêªüêªüêªüêªüêª ticker : log change intraday $PPH : 0.41 $ARMK : 0.88 $TRUP : 2.04 $PEN : 2.36 $VVV : 0.41 $AER : 2.45 $TAP : -0.37 $GKOS : -2.62 $TFX : -1.20 $SAIC : 1.38",ARMK,0.0
159,2022-06-17 19:50:54+00:00,"Bear Forecasts June 17, 2022 12:46:00 PDT üêªüêªüêªüêªüêª ticker : log change intraday $PPH : 0.38 $TRUP : 1.67 $ARMK : 0.73 $PEN : 2.53 $VVV : 0.25 $AER : 2.17 $TAP : -0.52 $GKOS : -2.69 $TFX : -1.09 $SAIC : 1.30",ARMK,0.0
160,2022-06-20 07:22:11+00:00,"Bear Forecasts June 17, 2022 13:15:00 PDT üêªüêªüêªüêªüêª ticker : log change intraday $FSK : 0.11 $PEN : 2.07 $PPH : 0.27 $FEZ : -0.08 $TRUP : -0.34 $BRCC : -8.66 $ALGM : 0.14 $OTLY : -3.18 $ARMK : 0.25 $EAT : -1.53",ARMK,0.0
161,2022-06-23 17:14:30+00:00,"$ARMK Strike: 25.00 Expiration: 2022-08-19 Put .ARMK220819P25 Price: 0.60 Size: 1760 Time: 2022-06-23 1:14:30PM Premium: $105,600.00",ARMK,-0.128
162,2022-06-23 17:14:30+00:00,"$ARMK Strike: 25.00 Expiration: 2022-08-19 Put .ARMK220819P25 Price: 0.55 Size: 2640 Time: 2022-06-23 1:14:30PM Premium: $145,200.00",ARMK,-0.128
163,2022-06-25 02:50:18+00:00,"Aramark traded 73% above average volume, $ARMK closed up 5.70%",ARMK,0.0
164,2022-06-26 19:53:59+00:00,Aramark traded 8.42% above it's 52-wk low $ARMK,ARMK,-0.2732
165,2022-06-26 23:35:50+00:00,Aramark traded -9% below it's 50 DMA and -12% below it's 200 DMA $ARMK,ARMK,0.0
166,2022-06-27 10:13:24+00:00,My boy C-3PO told me to pump and dump Aramark $ARMK #StockAdvice,ARMK,-0.3818
167,2022-07-07 13:43:29+00:00,"$ARMK Strike: 31.00 Expiration: 2022-07-15 Put .ARMK220715P31 Price: 0.67 Size: 3930 Time: 2022-07-07 9:43:29AM Premium: $263,310.00",ARMK,-0.128
168,2022-07-07 17:04:31+00:00,"Bear Forecasts July 07, 2022 10:00:00 PDT üêªüêªüêªüêªüêª ticker : log change intraday $DVA : 1.48 $ARMK : -1.12 $WCC : 3.02 $HTZ : 2.47 $PH : 0.91 $TER : 0.82 $IEO : 0.48 $SRPT : 4.57 $WM : -0.82 $CDNS : 1.74",ARMK,0.0
169,2022-07-07 18:04:51+00:00,"Bear Forecasts July 07, 2022 11:00:00 PDT üêªüêªüêªüêªüêª ticker : log change intraday $ARMK : -1.29 $IYT : 0.47 $IEO : 0.19 $SAIA : -0.07 $PAYC : 2.28 $VSTO : 1.07 $DK : 0.89 $TXG : 0.21 $CAR : 3.13 $DVA : 1.96",ARMK,0.0
170,2022-07-19 11:30:22+00:00,$ARMK Aramark To Host Conference Call On Third Quarter 2022 Results Stock News Alerts In Bio,ARMK,0.0
171,2022-07-20 03:30:31+00:00,"Aramark traded 93% above average volume, $ARMK closed up 3.35%",ARMK,0.0
172,2022-07-20 13:00:29+00:00,$ARMK Aramark Sports + Entertainment Becomes The Foodservice Provider For Reno Tahoe Stock News Alerts In Bio,ARMK,0.4215
173,2022-07-21 11:30:01+00:00,First out// $ARMK: Aramark Named One of the Best Places to Work for Disability Inclusion; Scores 100% on Disability Equality,ARMK,0.6369
174,2022-07-21 11:30:25+00:00,$ARMK Aramark Named One Of The Best Places To Work For Disability Inclusion; Scores 100% On Disability Equality Index Stock News Alerts In Bio,ARMK,0.6369
175,2022-07-27 21:20:02+00:00,Aramark is up 3.09% after hours $ARMK,ARMK,0.0
176,2022-07-27 23:13:44+00:00,"Alot of short term strength for $ARMK. Gapped up, support at the 50 DMA and up 3 days in a row....I think it will continue for now. Bullish. #OptionsTrading #StockMarket #stocks",ARMK,0.7096
177,2022-08-01 00:11:16+00:00,My Options Ideas for tomorrow: CALLS - $PAA $ARMK $BERY $BR $HBAN $MKC PUTS - $FUL $HAS $NEOG CALL/PUT SPREAD $NJR #OptionsTrading #Daytrader,ARMK,0.0
178,2022-08-01 20:58:04+00:00,#long #watchlist for #trading on #nyse #nasdaq between $30 and $40: $ARMK $ATSG $CAG $COWN $CVNA $DAL $ELF $EVOP $FOUR $GM $HPQ $NAIL $NATI $NVT $PLAY $RIVN $ROL $RRR $SKX $TTM $UAL $UBSI $WMG,ARMK,0.0
179,2022-08-03 11:30:23+00:00,$ARMK Aramark Declares Quarterly Dividend #dividends Stock News Alerts In Bio,ARMK,0.0
180,2022-08-03 13:00:33+00:00,$ARMK Futures Better Served: Aramark Returns To Campus With Renewed Focus And A New Name Stock News Alerts In Bio,ARMK,0.4404
181,2022-08-04 00:07:48+00:00,"Aramark traded 35% above average volume, $ARMK closed up 4.34%",ARMK,0.0
182,2022-08-08 15:09:31+00:00,118 companies reporting #earnings Tuesday before the open including: $ARMK $BHC $EMR $GFS $IONS $LPX $NCLH $RL $SAVE $SYY $WMG,ARMK,0.0
183,2022-08-08 16:23:51+00:00,#earnings before the open tomorrow: $NCLH $SAVE $RL $HGV $WKHS $PLNT $CPRI $EVGO $SYY $CRON $H $VTNR $RMBL $VFF $EGRX $BHC $GFS $EMR $IONS $AXSM $AMRS $AHCO $AGEN $LPX $ADN $INSW $ARMK $WMG $RICK $CMAX $ADCT $XXII $NEO $PRGO $TH $SUNW $TDG $AVYA $BLDE,ARMK,0.0
184,2022-08-08 21:01:41+00:00,"Upcoming earnings calls on Tuesday, August 9 2022: 1. $AKAM Akamai Technologies, Inc. 2. $BSY Bentley Systems, Incorporated 3. $ARMK Aramark 4. $AXON Axon Enterprise, Inc. 5. $RL Ralph Lauren Corporation 6. $CELH Celsius Holdings, Inc. 7. $HRB H&amp;R Block, Inc.",ARMK,-0.4404
185,2022-08-08 22:53:24+00:00,$ARMK earnings before open cast your vote,ARMK,0.0
186,2022-08-09 10:30:30+00:00,$ARMK Aramark Reports Third Quarter Earnings #earnings Stock News Alerts In Bio,ARMK,0.0
187,2022-08-09 12:02:18+00:00,"$ARMK Q3 EPS $.25 Beasts $.24 Est., Sales $4.1B0 Beasts $3.82B Est., Sees FY Organic Rev Growth of 31-32%, Q4 at 107-108% of Pre-Covid Levels",ARMK,0.3818
188,2022-08-10 11:56:39+00:00,"12. $ARMK    C: 36,16 $   V: 2.207.700 Atr: 0,87 $ BB: ‚Üë    Obv: ‚Üë   Rsi &gt;= 50 Ichimoku: + Macd: ‚Üë EmaTrend: ‚Üë Stop Loss: 34,86 Limit Order: 38,76 *This is not a trading advice*",ARMK,-0.5423
189,2022-08-10 15:00:23+00:00,$ARMK Aramark Sports + Entertainment Announces New Concessions Menu And Premium Foodservice Offerings For MLB At Field Of Dreams Presented By GEICO #offering Stock News Alerts In Bio,ARMK,0.6705
190,2022-08-15 10:52:54+00:00,Aramark is up 2.97% in the pre-market $ARMK,ARMK,0.0
191,2022-08-19 11:58:29+00:00,"11. $ARMK    C: 37,96 $   V: 1.880.500 Atr: 0,82 $ BB: ‚Üë    Obv: ‚Üë   Rsi &gt;= 50 Ichimoku: + Macd: ‚Üë EmaTrend: ‚Üë Stop Loss: 36,73 Limit Order: 40,41 *This is not a trading advice*",ARMK,-0.5423
192,2022-09-02 10:10:13+00:00,"Work-from-home is a tailwind for $HFG.DE HelloFresh, while it's a headwind for food service giants $CPG.L $SW.PA &amp; $ARMK. Who do u think will have way higher revenue, profit and market cap in 10 years? I'm betting on $HFG.DE Unique chance to buy it at it's current 4b mcap! Long",ARMK,0.636
193,2022-09-07 16:19:23+00:00,$ARMK Aramark Sports + Entertainment Dishes Out Inventive Menu Creations And State-of-the-Art Self-Checkout Technology For 2022 NFL Season Stock News Alerts In Bio,ARMK,0.6597
194,2022-09-12 20:29:24+00:00,"Positive Nasdaq signals: 10WMA rising, Weekly MACD is in a positive crossover. Cons: trading under the 200DMA and 30WMA is NOT rising, A/D grade is a C Have feeler positions in $CLH $NFG $CALM $SM $ARMK WATCHLIST: $DK $FANG $HES $SON $STLD $DVN #CANSLIM",ARMK,0.802
195,2022-09-12 20:37:02+00:00,Today I got triggered in to my 'feeler' positions on $ARMK  and $SM. My only expectation is that I will be stopped out.  #CANSLIM,ARMK,-0.2263
196,2022-09-15 13:01:55+00:00,"Positive Nasdaq signals: 10WMA rising(barely), Weekly MACD is in a positive crossover. Cons: trading under the 200DMA, trading under the 50DMA, 30WMA is NOT rising, A/D grade is a C Have feeler positions in $CLH $HES $CALM $ARMK WATCHLIST: $FANG $EOG $DK $DVN #CANSLIM",ARMK,0.802
197,2022-09-16 01:49:15+00:00,"Positive Nasdaq signals: Weekly MACD is in a positive crossover. Cons: trading under the 200DMA, trading under the 50DMA, 30WMA and 10WMA are down, A/D grade is a C Have feeler positions in $CLH  $CALM $ARMK WATCHLIST: $GPK $DEN $CSIQ #CANSLIM",ARMK,0.802
198,2022-09-17 17:00:23+00:00,Have feeler Positions in: $CLH $CALM $ARMK Watchlist: $CSIQ $DEN $GLNG $ON #CANSLIM,ARMK,0.0
199,2022-09-18 07:52:01+00:00,WEEK 38/2022 - Market Pulse: Market in Correction - Exposure: 0% - FL: $ENPH $SWAV $WOLF $CELH $LTHM $TSLA $NBIX $VRTX - WL: $ALB $ARMK $CALM $CLH $CMG $CPRX $ON $PCTY $SMCI $ULTA,ARMK,0.0
200,2022-09-19 01:43:14+00:00,Interesting beverage names $ZVIA $KOF $CELH Restaurants also seeing some accumulation over last few wks $DENN $MCD $YUM $QSR $BJRI $TXRH $WEN $JACK $CBRL $ARCO $DRI $SBUX $CMG $WING $YUMC $ARMK $CAKE $SHAK $FAT $PTLO $SG $RICK,ARMK,0.4019
201,2022-09-19 11:30:22+00:00,$ARMK Thousands Of Aramark Employees Unite To Volunteer For Company‚Äôs Annual Day Of Service Stock News Alerts In Bio,ARMK,0.0
202,2022-09-22 02:51:06+00:00,"Positive Nasdaq signals: Weekly MACD (+) crossover. Cons: trading under the 200DMA, trading under the 50DMA, 30WMA and 10WMA are down, A/D grade D-, weekly Net HIGHS/LOWS in the RED. Have Feeler positions in $CALM $CLH Got Stopped out of $ARMK #CANSLIM",ARMK,0.4019
203,2022-09-26 17:34:14+00:00,"$ARMK $35.00 Jan 19 2024 CALL ‚¨ÜÔ∏èüåä Underlying: $32.96 % Difference: 5.82% Daily $ Volume: $9,067,500 Volume: 19,500 OI: 111 IV: 36.76% Bid/Ask: $4.10/$5.20",ARMK,0.0
204,2022-10-10 11:30:22+00:00,$ARMK Aramark To Increase Plant-based Menu Offerings On College Campuses #offering Stock News Alerts In Bio,ARMK,0.3182
205,2022-10-10 12:01:55+00:00,Stocks with positive macd crossover 1. $F 2. $DKNG 3. $VICI 4. $ARMK 5. $MAT 6. $GT 7. $MSGS 8. $SSSS *This is not a trading advice*,ARMK,0.5574
206,2022-10-11 14:00:18+00:00,$ARMK ‚Üëupgrade Aramark Sports + Entertainment Announces New Food and Beverage Creations and Hospitality Upgrades at Seven NHL and NBA Arenas,ARMK,0.6597
207,2022-10-18 11:30:30+00:00,$ARMK Aramark To Host Conference Call On Fourth Quarter And Full-Year Fiscal 2022 Results Stock News Alerts In Bio,ARMK,0.0
208,2022-10-26 22:57:43+00:00,the $ARMK setup is really attractive -Paul Hilal takes large activist stake in 2019 (see $CSX) -COVID wrecks biz -Now you have two good businesses (uniforms &amp; contract catering) wrapped in a bad balance sheet -biz recovering out of covid and spin-off of uniform biz in '23,ARMK,0.3804
209,2022-11-02 02:46:31+00:00,"Aramark traded 261% above average volume, $ARMK closed down -0.44%",ARMK,0.0
210,2022-11-02 20:27:37+00:00,#short #watchlist for #trading on #nyse #nasdaq between $30 and $40: $ADNT $ARMK $BSY $CAKE $CHWY $CIBR $DAL $DOCN $DT $EAT $EBAY $GO $INMD $NEM $NSA $PHM $PLAY $QLD $RYN $SGML $UPRO $VERV $VTR $XLRE $ZI,ARMK,0.0
211,2022-11-08 12:30:28+00:00,$ARMK Aramark Declares Quarterly Dividend #dividends Stock News Alerts In Bio,ARMK,0.0
212,2022-11-08 21:27:53+00:00,#long #watchlist for #trading on #nyse #nasdaq between $30 and $40: $ARMK $BSY $BWA $EWD $FHI $GDXJ $GDXU $GO $IPG $JNUG $LTHM $MNRL $NYT $QLD $RTO $SHOO $STM $UPRO $USFD $VVV,ARMK,0.0
213,2022-11-10 12:30:26+00:00,$ARMK Aramark To Participate In Upcoming J.P. Morgan Investor Conference Stock News Alerts In Bio,ARMK,0.0
214,2022-11-14 17:32:48+00:00,my pf $tmci $24.4 to $27.4(‚Üì$23.5) buy $epi $33.3 to $34.5(‚Üì$32.6) sell $armk $39.3(+1.5%),ARMK,0.0
215,2022-11-14 22:05:31+00:00,$ARMK earnings before open cast your vote,ARMK,0.0
216,2022-11-15 00:15:20+00:00,Largest stocks that report earnings tomorrow Walmart $WMT Home Depot $HD Sea Limited $SE Advance Auto Parts $AAP Aramark $ARMK Tencent Music $TME Berry $BERY Valvoline $VVV $AQUA Endava $DAVA Krispy Kreme $DNUT Energizer $ENR,ARMK,0.296
217,2022-11-15 00:17:12+00:00,Earnings Tomorrow.         Walmart $WMT Home Depot $HD Sea Limited $SE Advance Auto Parts $AAP Aramark $ARMK Tencent Music $TME Berry $BERY Valvoline $VVV $AQUA Endava $DAVA Krispy Kreme $DNUT Energizer $ENR,ARMK,0.296
218,2022-11-15 02:48:21+00:00,#Stocks Reporting #Earnings On #Tuesday(11/15) 1. $HD (Home Depot Inc) Estimated EPS = $4.12 Estimated Revenue = $37.96B 2. $WMT (Walmart Inc) Estimated EPS = $1.32 Estimated Revenue = $146.80B 3. $ARMK (Aramark) Estimated EPS = $0.49 Estimated Revenue = $4.11B,ARMK,0.0
219,2022-11-15 11:30:32+00:00,$ARMK Aramark Reports Fourth Quarter And Full Year Fiscal 2022 Results Stock News Alerts In Bio,ARMK,0.0
220,2022-11-15 11:36:19+00:00,"$ARMK Earnings: - EPS increased $0.15 to $0.29 - Adjusted EPS more than doubled to $0.49 - On a GAAP basis, revenue was $4.4 billion, operating income was $198 million - Net income was $76 million",ARMK,0.2732
221,2022-11-15 12:00:31+00:00,"Top earnings announcements Before Market today include $WMT, $HD, $SE, $ARMK, $BERY #stockstowatch #earnings",ARMK,0.2023
222,2022-11-15 12:21:37+00:00,Earnings continues today and we have the following in premarket: $WMT $HD $SE $ARMK$BERY $VVV $DNUT In after hours we have:  $BHP $ALC $AAP $LEGN $SGFY $LU $SGML #economics #jobs #inflation #investing,ARMK,0.0
223,2022-11-15 14:31:23+00:00,üëÄüìà TICKERS ON WATCH üìàüëÄ 2022-11-15 at 09:31 AM $TSM $IMGN $CTOS $UMC $SWKS $CTVA $ARMK $TMF $ING $GHAC $KMX $CNC $XPO $LW,ARMK,0.0
224,2022-11-15 18:26:16+00:00,"$ARMK Strike: 41.00 Expiration: 2022-11-18 Put .ARMK221118P41 Price: 0.85 Size: 2500 Time: 2022-11-15 1:26:16PM Premium: $212,500.00",ARMK,-0.128
225,2022-11-15 18:51:31+00:00,A trade alert originally called on 11/15/2022 for $ARMK just hit 50% profit!,ARMK,0.6588
226,2022-11-15 22:15:18+00:00,"Aramark traded 85% above average volume, $ARMK closed up 4.35%",ARMK,0.0
227,2022-11-16 05:21:29+00:00,Stocks with NEW 52 wk high | $AAQC $ACM $ACRO $ADMA $ADT $AEHR $AGGR $AHRN $AIN $AIT $AKIC $AMAL $AMKR $ARMK $ASR $AVGE $BBLU | Follow us now @NASDAQinformer #NASDAQ100 #NASDAQ #NYSE #StockMarket #investing |,ARMK,0.0
228,2022-11-16 12:32:05+00:00,"$ARMK RBC Capital Maintains Sector Perform on Aramark, Raises PT to $45",ARMK,0.0
229,2022-11-18 09:09:23+00:00,[NYSE] NewHigh-Count/Consumer Cyclical $QSR 3 $MOD 3 $JILL 2 $PAG 2 $SRI 2 $TEN 2 $AIN 1 $ARMK 1 $CHS 1 $ETD 1 From:2022/11/11„Äú,ARMK,0.0
230,2022-11-18 13:01:05+00:00,Ex Div on Monday: $B 0.16 $E 0.31 $AG 0.01 $EE 0.03 $HE 0.35 $DHT 0.04 $EGY 0.03 $GSL 0.38 $HBI 0.15 $JNJ 1.13 $LTC 0.19 $MFC 0.24 $PRU 1.2 $XYL 0.3 $ARMK 0.11 $BGCP 0.01 $MCHP 0.33 $SWKS 0.62 @tastytrade,ARMK,0.0
231,2022-11-18 15:00:56+00:00,"$ARMK Strike: 40.00 Expiration: 2022-11-18 Put .ARMK221118P40 Price: 0.05 Size: 1000 Time: 2022-11-18 10:00:56AM Premium: $5,000.00",ARMK,-0.128
232,2022-11-18 20:42:03+00:00,"Bear Forecasts November 18, 2022 12:37:00 PDT üêªüêªüêªüêªüêª ticker : log change intraday $NTAP : 0.94 $PRU : -1.42 $NOG : 2.92 $INMD : -5.01 $TXT : -0.01 $RL : 0.58 $ARMK : -0.92 $MP : -0.51 $MCK : -0.48 $SHEL : 0.65",ARMK,0.0
233,2022-11-18 20:45:06+00:00,"Bear Forecasts November 18, 2022 12:40:00 PDT üêªüêªüêªüêªüêª ticker : log change intraday $CFR : -0.37 $NTAP : 1.11 $PRU : -1.31 $TXT : 0.02 $NOG : 3.22 $MCK : -0.38 $INMD : -4.84 $RL : 0.88 $MP : -0.31 $ARMK : -0.82",ARMK,0.0
234,2022-11-19 09:09:21+00:00,[NYSE] NewHigh-Count/Consumer Cyclical $QSR 3 $CHS 2 $JILL 2 $MOD 2 $PAG 2 $SLGN 1 $TJX 1 $AIN 1 $ARMK 1 $ETD 1 From:2022/11/14„Äú,ARMK,0.0
235,2022-11-19 17:16:31+00:00,YOU WANNA SEE SOME STRONG CHARTS???  $AEHR  $APH  $MNST  $ARMK BAM!!!!,ARMK,0.7191
236,2022-11-22 09:09:23+00:00,[NYSE] NewHigh-Count/Consumer Cyclical $QSR 4 $SLGN 2 $CHS 2 $JILL 2 $TJX 1 $AIN 1 $ARMK 1 $ETD 1 $GEF 1 $MOD 1 From:2022/11/15„Äú,ARMK,0.0
237,2022-11-23 12:30:22+00:00,$ARMK Aramark To Participate In Upcoming Redburn Investor Conference Stock News Alerts In Bio,ARMK,0.0
238,2022-11-28 14:27:23+00:00,"üö® LARGE BLOCKTRADE ACTIVITY üö® STOCK: $ARMK SHARES: 665,590 @ $41.09 AMOUNT: $27.35 MILLION",ARMK,0.4466
239,2022-11-30 12:00:08+00:00,Ticker Price Sector    EPS-Rating $ACGL 58.98   INSURANCE  C $ADM 96.45   FOOD/BEV  A $ALV 86.18   AUTO  D $APA 46.59   ENERGY  C $ARMK 40.57   BUSINS SVC  C $CAH 78.65   MEDICAL  C $CALM 57.51   FOOD/BEV  C,ARMK,0.4278
240,2022-12-02 03:22:21+00:00,$ARMK was $16 April 2020 Now it's $42 #stocks #stockmarket #stock #ETFs #ETF #Investor #DRIP #investing #invest #investment #investors #investments #growthstocks #options #OptionsTrading #stockstobuy #StocksToTrade #stockstowatch #ES_F #Futures #generationalwealth #moneytwitter,ARMK,0.0
241,2022-12-02 09:09:22+00:00,[NYSE] NewHigh-Count/Consumer Cyclical $AZO 3 $BBW 2 $MANU 2 $ALSN 1 $ARMK 1 $HVT 1 $GPC 1 $JILL 1 $TJX 1 From:2022/11/25„Äú,ARMK,0.0
242,2022-12-02 17:44:56+00:00,üö® LARGE BLOCKTRADE ACTIVITY üö® STOCK: $ARMK SHARES: 1.07 MILLION @ $41.961 AMOUNT: $45.0 MILLION,ARMK,0.4466
243,2022-12-03 09:09:24+00:00,[NYSE] NewHigh-Count/Consumer Cyclical $BBW 3 $ARMK 2 $AZO 2 $GPC 1 $LVS 1 $VIPS 1 $YUMC 1 $ALSN 1 $HVT 1 From:2022/11/28„Äú,ARMK,0.0
244,2022-12-06 09:09:22+00:00,[NYSE] NewHigh-Count/Consumer Cyclical $BBW 3 $VIPS 2 $YUMC 2 $ARMK 2 $AZO 2 $MNSO 1 $GPC 1 $LVS 1 $ALSN 1 From:2022/11/29„Äú,ARMK,0.0
245,2022-12-07 09:09:22+00:00,[NYSE] NewHigh-Count/Consumer Cyclical $VIPS 3 $YUMC 3 $BBW 3 $ARMK 2 $AZO 2 $BKE 1 $MNSO 1 $GPC 1 $LVS 1 From:2022/11/30„Äú,ARMK,0.0
246,2022-12-07 21:30:45+00:00,#short #watchlist for #trading on #nyse #nasdaq between $40 and $50: $ARMK $COIN $CRC $CTLT $DQ $GH $HGV $HP $IAC $JKS $KKR $MRTX $SAGE $SHAK $SLB $VTR $WFC $WLY $XMTR,ARMK,0.0
247,2022-12-08 09:09:22+00:00,[NYSE] NewHigh-Count/Consumer Cyclical $VIPS 4 $YUMC 3 $ARMK 2 $BBW 2 $JILL 1 $BKE 1 $MNSO 1 $GPC 1 $LVS 1 From:2022/12/01„Äú,ARMK,0.0
248,2022-12-08 20:49:09+00:00,üö® LARGE BLOCKTRADE ACTIVITY üö® STOCK: $ARMK SHARES: 1.17 MILLION @ $40.7 AMOUNT: $47.5 MILLION,ARMK,0.4466
249,2022-12-08 21:49:06+00:00,"üö® LARGE BLOCKTRADE ACTIVITY üö® STOCK: $ARMK SHARES: 650,000 @ $40.94 AMOUNT: $26.61 MILLION",ARMK,0.4466
250,2022-12-12 22:00:47+00:00,#long #watchlist for #trading on #nyse #nasdaq between $40 and $50: $AGR $ARMK $AYX $BBEU $C $CFG $CHWY $CUBE $EWT $FTS $MC $NNN $QGEN $SAVA $SHYG $SMAR $SRLN $TFC $TREX $VEA $VTR $ZION,ARMK,0.0
251,2022-12-13 13:30:02+00:00,"üìä üîä Stocks with unusual returns and volume by this time of day:      $ARMK: +4.2%, 10.4x avg volume      $NDSN: +1.6%, 1.7x avg volume",ARMK,0.0
252,2022-12-14 21:30:03+00:00,#long #watchlist for #trading on #nyse #nasdaq between $40 and $50: $ALSN $ARMK $CLDX $DT $EXC $GLPG $GTLB $HGV $NFE $PBW $PCVX $PHM $RARE $RNG $SMAR $SNY $TSLS $UNFI $WFRD,ARMK,0.0
253,2022-12-15 22:36:44+00:00,"$ARMK Aramark, MCKEE LYNN,  purchased shares valued at 737143 USD, date 2022-12-13, posted 2022-12-15T17:36:00 üöÄ",ARMK,0.6249
254,2022-12-15 22:37:24+00:00,"$ARMK, Aramark, Harrington Lauren A,  sold shares valued at 401605 USD, date 2022-12-13, posted 2022-12-15T17:36:58",ARMK,0.6249
255,2022-12-15 22:37:24+00:00,"$ARMK Aramark, Harrington Lauren A,  purchased shares valued at 153217 USD, date 2022-12-13, posted 2022-12-15T17:36:58 üöÄ",ARMK,0.6249
256,2022-12-15 22:38:13+00:00,"ARMK (Aramark) üö® #Insider #stock alert! üí∞ #Sale on 2022-12-13 - $ARMK üá∫üá∏: Harrington Lauren A (SVP and General Counsel), total amount $401.520. Float is 240.00M shares",ARMK,0.5707
257,2022-12-21 13:28:12+00:00,"üö® LARGE BLOCKTRADE ACTIVITY üö® STOCK: $ARMK SHARES: 505,990 @ $41.18 AMOUNT: $20.84 MILLION",ARMK,0.4466
258,2022-12-21 16:02:26+00:00,"Stocks to watch today! $CCL, $FL, $ARMK, $AAL, $W, $RCUS, $DASH, $BIVI, $ZUO, $ETSY and $PAGS .",ARMK,0.0
259,2022-12-28 12:00:09+00:00,Ticker Price Sector    EPS-Rating  Exposure $ADM 95.91   FOOD/BEV  A $AIG 63.33   INSURANCE  C $AME 140.13   MACHINE  A $APA 47.64   ENERGY  C $ARMK 41.54   BUSINS SVC  C $ATI 31.45   METALS  C $BP 35.04   ENERGY  B,ARMK,0.6874
260,2022-12-30 21:16:37+00:00,"üö® LARGE BLOCKTRADE ACTIVITY üö® STOCK: $ARMK SHARES: 400,000 @ $41.34 AMOUNT: $16.54 MILLION",ARMK,0.4466
261,2023-01-05 21:34:18+00:00,"üö® LARGE BLOCKTRADE ACTIVITY üö® STOCK: $ARMK SHARES: 554,380 @ $42.46 AMOUNT: $23.54 MILLION",ARMK,0.4466
262,2023-01-06 16:03:13+00:00,$ARMK was $16 April 2020 Now it's $43 #stocks #stockmarket #stock #ETFs #ETF #Investor #DRIP #investing #invest #investment #investors #investments #growthstocks #options #OptionsTrading #stockstobuy #StocksToTrade #stockstowatch #ES_F #Futures #generationalwealth #moneytwitter,ARMK,0.0
263,2023-01-06 21:27:36+00:00,#long #watchlist for #trading on #nyse #nasdaq between $40 and $50: $ARMK $BWA $COWZ $DCP $EBAY $FCX $GUNR $GXO $HAL $HGV $HOG $KHC $MC $MOS $ODP $ST $TPR $UAL $WPM,ARMK,0.0
264,2023-01-07 06:53:28+00:00,$ARMK was $16 April 2020 Now it's $44 #stocks #stockmarket #stock #ETFs #ETF #Investor #DRIP #investing #invest #investment #investors #investments #growthstocks #options #OptionsTrading #stockstobuy #StocksToTrade #stockstowatch #ES_F #Futures #generationalwealth #moneytwitter,ARMK,0.0
265,2023-01-07 09:09:23+00:00,[NYSE] NewHigh-Count/Consumer Cyclical $BKE 3 $OI 3 $VIPS 3 $LVS 2 $ARMK 1 $DKS 1 $MSC 1 $DECK 1 From:2022/12/30„Äú,ARMK,0.0
266,2023-01-09 12:03:18+00:00,"3. $ARMK    C: 43,95 $   V: 2.407.300 Atr: 0,93 $ BB: ‚Üë    Obv: ‚Üë   Rsi &gt;= 50 Macd Crossover: + Ichimoku: + Macd: ‚Üë EmaTrend: ‚Üë Stop Loss: 42,55 Limit Order: 46,75 *This is not a trading advice*",ARMK,-0.5423
267,2023-01-09 21:33:25+00:00,"üö® LARGE BLOCKTRADE ACTIVITY üö® STOCK: $ARMK SHARES: 400,000 @ $43.69 AMOUNT: $17.48 MILLION",ARMK,0.4466
268,2023-01-10 22:10:10+00:00,"üö® LARGE BLOCKTRADE ACTIVITY üö® STOCK: $ARMK SHARES: 600,000 @ $44.05 AMOUNT: $26.43 MILLION",ARMK,0.4466
269,2023-01-11 09:09:23+00:00,[NYSE] NewHigh-Count/Consumer Cyclical $BKE 4 $LVS 4 $OI 4 $VIPS 3 $DECK 2 $MNSO 2 $YUMC 2 $ARMK 2 $DKS 2 From:2023/01/04„Äú,ARMK,0.0
270,2023-01-12 09:09:23+00:00,[NYSE] NewHigh-Count/Consumer Cyclical $BKE 4 $ARMK 3 $LVS 3 $OI 3 $DRI 2 $DECK 2 $MNSO 2 $YUMC 2 $DKS 2 $MSC 2 From:2023/01/05„Äú,ARMK,0.0
271,2023-01-13 07:28:26+00:00,$ARMK was $16 April 2020 Now it's $45 #stocks #stockmarket #stock #ETFs #ETF #Investor #DRIP #investing #invest #investment #investors #investments #growthstocks #options #OptionsTrading #stockstobuy #StocksToTrade #stockstowatch #ES_F #Futures #generationalwealth #moneytwitter,ARMK,0.0
272,2023-01-13 09:09:25+00:00,[NYSE] NewHigh-Count/Consumer Cyclical $ARMK 4 $DECK 3 $DKS 3 $LVS 3 $BKE 3 $MOD 2 $TPR 2 $DRI 2 $MNSO 2 $YUMC 2 From:2023/01/06„Äú,ARMK,0.0
273,2023-01-14 09:09:22+00:00,[NYSE] NewHigh-Count/Consumer Cyclical $ARMK 4 $DECK 4 $LVS 4 $MNSO 3 $AIN 2 $ARCO 2 $VIPS 2 $DKS 2 $MOD 2 From:2023/01/09„Äú,ARMK,0.0
274,2023-01-18 09:09:23+00:00,[NYSE] NewHigh-Count/Consumer Cyclical $ARMK 4 $AIN 3 $TPR 3 $DECK 3 $LVS 3 $DDS 2 $HVT 2 $MOD 2 $MPX 2 $ARCO 2 From:2023/01/10„Äú,ARMK,0.0
275,2023-01-19 09:09:22+00:00,[NYSE] NewHigh-Count/Consumer Cyclical $TPR 4 $ARMK 4 $DDS 3 $MPX 3 $AIN 3 $MNSO 2 $HVT 2 $MOD 2 $ARCO 2 $DECK 2 From:2023/01/11„Äú,ARMK,0.0
276,2023-01-20 09:09:24+00:00,[NYSE] NewHigh-Count/Consumer Cyclical $DDS 3 $MPX 3 $TPR 3 $AIN 3 $ARMK 3 $MNSO 2 $MOD 2 $DECK 2 $LVS 2 $TMHC 1 From:2023/01/12„Äú,ARMK,0.0
277,2023-01-21 09:09:22+00:00,[NYSE] NewHigh-Count/Consumer Cyclical $MNSO 3 $DDS 3 $MPX 3 $TPR 2 $AIN 2 $ARMK 2 $TMHC 1 $HVT 1 $MOD 1 $ARCO 1 From:2023/01/13„Äú,ARMK,0.0
278,2023-01-26 21:27:38+00:00,#short #watchlist for #trading on #nyse #nasdaq between $40 and $50: $ABCB $ARMK $CSIQ $IAA $PBW $SKX $STNG,ARMK,0.0
279,2023-01-27 21:36:10+00:00,#short #watchlist for #trading on #nyse #nasdaq between $40 and $50: $ABCB $ARMK $AVA $CSIQ $DRV $SDS $SKX $SRTY $UL,ARMK,0.0
280,2023-01-29 00:21:48+00:00,"Watchlist for Monday (30JAN): $AAN, $ARMK, $CLDX, $COLL, $DAL, $GEO, $INSW, $PLAY, $PTCT, $QTWO, $SEM, $SKYW, $XPRO",ARMK,0.0
281,2023-01-30 01:57:49+00:00,$ARMK Citigroup analyst James Ainley maintains Aramark with a Neutral and raises the price target from $39 to $45,ARMK,0.0
282,2023-01-31 18:34:08+00:00,$ARMK Top analyst price target for next week-,ARMK,0.2023
283,2023-02-02 09:51:15+00:00,Aramark To Sell Its 50% Equity Stake In Aim Services To Mitsui &amp;amp; Co. For $535M $ARMK,ARMK,0.0
284,2023-02-06 11:48:34+00:00,47 #earnings reports Tuesday premarket including: $AGCO $ARMK $BP $CARR $CG $CNC $CTLT $DD $FISV $GPK $HAIN $HTZ $INCY $J $KKR $LIN $RCL $XYL,ARMK,0.0
285,2023-02-06 13:30:47+00:00,Earnings 2/7 pre: $ADNT $AVXL $ARMK $BP $CG $CTLT $CNC $CEIX $DD $FISV $IT $HAE $HAIN $HTZ $J $INCY $KKR $MAC $MDNA $RCL $SPR $XYL,ARMK,0.0
286,2023-02-06 20:16:39+00:00,#earnings before the open tomorrow:  $RCL $BP $HTZ $CNC $J $AGCO $CG $DD $FISV $LIN $CEIX $ARMK $ARCC $GPK $AKTS $SPR $AVXL $MBUU $CTLT $VVV $IT $OMF $MSGS $KKR $ADNT $CARR $INCY $XYL $NTDOY $TDG $FSV $CTS $DCPH $AUDC $HAE $SCSC $CIVB $PNC $HLNE $NVT,ARMK,0.0
287,2023-02-06 22:32:52+00:00,üö® LARGE BLOCKTRADE ACTIVITY üö® STOCK: $ARMK SHARES: 1.0 MILLION @ $43.86 AMOUNT: $43.86 MILLION,ARMK,0.4466
288,2023-02-07 11:06:15+00:00,#Earnings before the open Tuesday $RCL $BP $HTZ $CNC $J $AGCO $CG $DD $FISV $LIN $CEIX $ARMK $ARCC $GPK $AKTS $SPR $AVXL $MBUU $CTLT $VVV $IT $OMF $MSGS $KKR $ADNT $CARR $INCY $XYL $NTDOY $TDG $FSV $CTS $DCPH $AUDC $HAE $SCSC $CIVB $PNC $HLNE $NVT,ARMK,0.0
289,2023-02-07 12:20:50+00:00,"$ARMK Aramark Q1 Adj EPS $0.44 Beats $0.43 Est., Sales $4.60B Beat $4.55B Est.",ARMK,0.0
290,2023-02-07 13:34:05+00:00,‚ö° Aramark $ARMK Q1 2023 conference call just started. Tune in live on Quartr.,ARMK,0.0
291,2023-02-07 14:38:22+00:00,DailyDown5 $ARMK $40.77 -7.05% -8.44% -3.98% 12.19% 31.55 $BBBY $3.23 -44.88% 14.54% 91.12% -26.76% 49.92 $BLNK $12.35 -10.90% -9.27% 9.96% -14.60% 44.53 $CHGG $16.43 -21.87% -20.86% -37.88% -22.17% 22.32 $ELYS $1.18 -6.00% 72.04% 200.51% 254.34% 76.43,ARMK,0.0
292,2023-02-07 15:27:34+00:00,$ARMK - Aramark shares are trading lower after the company reported Q1 earnings results.,ARMK,0.0
293,2023-02-07 16:30:02+00:00,"üìä üîä Stocks with unusual returns and volume by this time of day:      $CHGG: -18.5%, 13.0x avg volume      $AMRK: -16.1%, 11.2x avg volume      $ARMK: -11.6%, 10.9x avg volume      $NVT: +4.3%, 4.5x avg volume      $OMF: +8.8%, 4.0x avg volume      $CARR: -4.5%, 3.1x avg volume",ARMK,0.0
294,2023-02-07 17:00:18+00:00,"Aramark traded 62% above average volume, $ARMK down -11.72%",ARMK,0.0
295,2023-02-07 17:30:02+00:00,"üìä üîä Stocks with unusual returns and volume by this time of day:      $CHGG: -19.0%, 11.3x avg volume      $ARMK: -11.1%, 10.4x avg volume      $AMRK: -12.7%, 10.0x avg volume      $CRTO: +8.7%, 9.3x avg volume      $TTWO: +8.1%, 5.9x avg volume",ARMK,0.0
296,2023-02-07 18:55:42+00:00,$BBBY Feb 10 2023 1 Call (Weekly) $ARMK Mar 17 2023 43 Call $CCL Mar 24 2023 14 Call (Weekly) $LIZI Mar 17 2023 2.5 Call,ARMK,0.0
297,2023-02-07 19:15:48+00:00,$BBBY Feb 10 2023 1 Call (Weekly) $CTLT Mar 17 2023 80 Call $AMC Feb 17 2023 .5 Call $ARMK Mar 17 2023 43 Call,ARMK,0.0
298,2023-02-07 20:14:11+00:00,$BIDU Feb 10 2023 200 Call (Weekly) $BBBY Feb 10 2023 1 Call (Weekly) $CTLT Mar 17 2023 80 Call $ARMK Mar 17 2023 43 Call,ARMK,0.0
299,2023-02-07 21:15:07+00:00,"TOP LOSERS TUE, FEB 07 ‚öì $CHGG -17.07% | $GME -11.34% | $LAZR -10.95% | $AI -10.93% | $CVAC -10.78% | $AMC -9.26% | $GETY -7.65% | $ARMK 40.91 | $X -6.68% | $LESL -6.25% | $GPK -6.17% | $SQSP -5.78% | $PINS 26.47",ARMK,-0.3818
300,2023-02-07 21:28:05+00:00,#short #watchlist for #trading on #nyse #nasdaq between $40 and $50: $AGR $ARMK $BCE $BEAM $CARR $CHWY $CSIQ $EDU $EPC $FUTU $IP $ITCI $RMBS $SLG $TSLQ $VZ $YETI,ARMK,0.0
301,2023-02-07 22:13:03+00:00,"Aramark traded 311% above average volume, $ARMK closed down -6.77%",ARMK,0.0
302,2023-02-08 05:03:17+00:00,Aramark is down -4.99% after hours $ARMK,ARMK,0.0
303,2023-02-09 00:04:29+00:00,#short #watchlist for #trading on #nyse #nasdaq between $30 and $40: $AMLX $AOSL $ARMK $BEN $BTI $COLD $CSIQ $EDU $ENR $FHI $GO $IP $LAZ $MDC $MP $NVRO $ONLN $PERI $SCSC $SGRY $SLG $U $WMG $WRK $YOU,ARMK,0.0
304,2023-02-10 14:58:57+00:00,New MOMO Trend 2 only from Mometic     $ARMK #stockstowatch,ARMK,0.0
305,2023-02-10 19:59:55+00:00,"REAL-TIME WATCHLIST ALERT Polar AI just analyzed 3,000 + stocks‚Ä¶ BUY Signals Triggered =  $ARMK $CPRI $OSK $UA $VALE $VMW #stocks #stockstobuy #trading #stockmarket #investing",ARMK,0.4466
306,2023-02-17 15:30:30+00:00,"REAL-TIME WATCHLIST ALERT Polar AI just analyzed 3,000 + stocks‚Ä¶ BUY Signals Triggered =  $A $ADT $ARMK $CB $CPRI $EL $INCY $PRPL $VITL #stocks #stockstobuy #trading #stockmarket #investing",ARMK,0.4466
307,2023-02-23 15:30:33+00:00,"REAL-TIME WATCHLIST ALERT Polar AI just analyzed 3,000 + stocks‚Ä¶ BUY Signals Triggered =  $A $APD $ARMK $BABA $BCS $BKE $BLK $CWAN $GEO $MA $TJX $WDS #stocks #stockstobuy #trading #stockmarket #investing",ARMK,0.4466
308,2023-02-24 16:05:58+00:00,Stocks with positive WaveTrend[LazyBear] crossover: 1. $INTU 2. $RRC 3. $ORCL 4. $EQT 5. $AR 6. $APA 7. $COMM 8. $EIX 9. $PBI 10. $MELI 11. $ARMK 12. $SKT 13. $PDCE 14. $LOMA *This is not a trading advice*,ARMK,0.5574
309,2023-02-27 14:41:36+00:00,"Daily Reversals: $IAG, $ARMK, $NAD",ARMK,0.0
310,2023-02-28 22:08:22+00:00,Above5DaysMA $ARMK $44.99 21.53% 20.17% 1.19% 12.48% 66.66 $ARNC $26.44 19.48% 19.37% 12.51% 29.80% 64.75 $BGS $14.50 15.08% 19.15% 8.29% 9.60% 63.95 $CENX $12.07 7.00% 17.53% 7.77% 45.95% 66.85 $CLOV $1.32 14.78% 18.92% 10.00% 6.45% 60.58,ARMK,0.0
311,2023-03-02 20:00:01+00:00,"REAL-TIME WATCHLIST ALERT Polar AI just analyzed 3,000 + stocks‚Ä¶ BUY Signals Triggered =  $AAWW $AON $ARMK $BURL $CWAN $GEO $NXST $ROST $TJX $VRSN $WMG #stocks #stockstobuy #trading #stockmarket #investing",ARMK,0.4466
312,2023-03-06 14:32:37+00:00,"New MOMO Trend 2 only from Mometic     $ARMK,ASRT,AMBA,ARCC #stockstowatch",ARMK,0.0
313,2023-03-06 23:04:19+00:00,Stocks with positive macd crossover 1. $SNAP 2. $AI 3. $MRK 4. $VST 5. $CSCO 6. $OXY 7. $SQ 8. $AUY 9. $ARMK 10. $ORCL 11. $JD 12. $GE 13. $TME 14. $GLW 15. $PCAR *This is not a trading advice*,ARMK,0.5574
314,2023-03-13 12:39:25+00:00,"üö® LARGE BLOCKTRADE ACTIVITY üö® STOCK: $ARMK SHARES: 596,560 @ $34.59 AMOUNT: $20.64 MILLION",ARMK,0.4466
315,2023-03-13 13:23:59+00:00,Most active stocks in today's pre market trading First Republic $FRC Tesla $TSLA Bank of America $BAC PacWest $PACW Charles Schwab $SCHW Western Alliance $WAL Aramark $ARMK Amazon $AMZN Coca-Cola $KO $AMD $AIG Apple $AAPL Nvidia $NVDA Seagen $SGEN Ford $F Opendoor $OPEN $NDAQ,ARMK,0.5709
316,2023-03-13 13:58:44+00:00,StockMKTNewz: Most active stocks in today's pre market trading First Republic $FRC Tesla $TSLA Bank of America $BAC PacWest $PACW Charles Schwab $SCHW Western Alliance $WAL Aramark $ARMK Amazon $AMZN Coca-Cola $KO $AMD $AIG Apple $AAPL Nvidia $NVDA Seagen $SGEN Ford $F Open‚Ä¶,ARMK,0.5709
317,2023-03-14 14:49:36+00:00,"New MOMO Trend 2 only from Mometic     $ARMK,BAH #stockstowatch",ARMK,0.0
318,2023-03-15 14:20:12+00:00,"$ARMK $35.00 Jan 19 2024 CALL ‚¨ÜÔ∏èüåä Underlying: $33.11 % Difference: 5.40% Daily $ Volume: $219,350 Volume: 820 OI: 123 IV: 33.84% Bid/Ask: $1.75/$3.60",ARMK,0.0
319,2023-03-24 12:06:54+00:00,Stocks with positive macd crossover 1. $TSLA 2. $CVNA 3. $MRVL 4. $JD 5. $DIS 6. $WU 7. $SNOW 8. $GILD 9. $TTD 10. $ARMK 11. $WRK 12. $ADI 13. $PXD 14. $REGN 15. $PAYX *This is not a trading advice*,ARMK,0.5574
320,2023-03-27 07:30:06+00:00,Paul Torres-Cohen $ARMK,ARMK,0.0
321,2023-04-06 17:30:19+00:00,"$ARMK Strike: 30.00 Expiration: 2023-04-21 Call .ARMK230421C30 Price: 5.00 Size: 5000 Time: 2023-04-06 1:30:19PM Premium: $2,500,000.00",ARMK,-0.128
322,2023-04-06 17:45:47+00:00,$ARMK 04/21/23 $30.00 CALL Type: large Time: 12:30:19 Total Size: 5000 Contracts Total Value: $2500000 Average Price: $5 Ask: $6.7 Bid: $4.1 Underlying: $34.78 Sentiment: neutral #optionsflow #optiontrading #options #stocks #stockmarket #unusualflow #daytrading #trading,ARMK,0.34
323,2023-04-06 17:49:50+00:00,"$ARMK Strike: 35.00 Expiration: 2023-04-21 Call .ARMK230421C35 Price: 0.75 Size: 5000 Time: 2023-04-06 1:49:49PM Premium: $375,000.00",ARMK,-0.128
324,2023-04-06 17:50:03+00:00,"$ARMK Strike: 35.00 Expiration: 2023-04-21 Put .ARMK230421P35 Price: 0.75 Size: 5000 Time: 2023-04-06 1:50:03PM Premium: $375,000.00",ARMK,-0.128
325,2023-04-10 13:17:34+00:00,$AMZN is one of the top 10 US Ideas at Redburn for Q2 Top Buys $AMZN $ARMK $BKNG $CME $CCEP $EW $MSCI $SPOT Top Sells $CHH $WMG,ARMK,0.5267
326,2023-04-10 23:27:12+00:00,#long #watchlist for #trading on #nyse #nasdaq between $30 and $40: $AEL $ARMK $DIVO $EWU $FLNG $IP $KIE $KYMR $MC $NOG $NRG $SGRY $SPYD $SUPN $TFC $WFC $WRK $XRAY,ARMK,0.0
327,2023-04-11 20:32:09+00:00,#long #watchlist for #trading on #nyse #nasdaq between $30 and $40: $AMH $APA $APAM $ARMK $CG $DAL $DOCS $E $EPR $EVH $GPRE $INMD $IP $JXN $LUV $NOG $NRG $NXT $PLAY $PRCT $SGML $TFC $TNA $TNL $URTY $USFD $UWM $WFC $WRK $WY $XPO,ARMK,0.0
328,2023-04-13 02:55:54+00:00,What is the cheapest stock you know of on 2024 or 2025 PE/FCF that you think with &gt;80% probability will grow organic Earnings/FCF above nominal GDP for the next decade?  A few $ZI $MKL $LOW $APG $GOOG $CHTR $BRK $PYPL $TSM $SPLK $ARMK $FERG $AMZN,ARMK,0.0
329,2023-04-19 20:37:05+00:00,#short #watchlist for #trading on #nyse #nasdaq between $30 and $40: $AMLP $APA $ARMK $BROS $CPE $GLW $HRB $INDA $JNPR $MPLX $MUR $NOG $OTEX $PBA $PBF $RHHBY $SGML $SHOO $SU $VXX $WMB,ARMK,0.0
330,2023-04-21 17:43:36+00:00,"New MOMO Trend 2 only from Mometic     $ARMK,BRSH #stockstowatch",ARMK,0.0
331,2023-04-26 14:40:00+00:00,üòç  $ABCL $AMSWA $ARMK $BTU $HOPE $HTLD $MSA $NWSA $TILE $WTBA   Like üòé üôè  #investing  #ToTheMoon  #news  #options  #bottomfishing  #StocksToBuy  #Stocks  #trading  #StocksToWatch  #YOLO  #FOMO  #RedditArmy  #daytrading  #investments #ChatGPT,ARMK,0.3612
332,2023-04-30 08:00:27+00:00,Paul Torres-Cohen $ARMK,ARMK,0.0
333,2023-05-02 12:07:22+00:00,Stocks with positive macd crossover 1. $AAPL 2. $UBER 3. $SWN 4. $MRVL 5. $MGM 6. $PYPL 7. $CX 8. $JD 9. $GT 10. $KR 11. $FAST 12. $ARMK 13. $TRIP 14. $BHC 15. $LNG *This is not a trading advice*,ARMK,0.5574
334,2023-05-06 08:13:24+00:00,The cyclical nature of markets and what not. Now is the time to double down on Aramark $ARMK #WallStreetBets,ARMK,0.0
335,2023-05-08 17:54:34+00:00,#earnings before the open tomorrow: $FSR $NKLA $NVAX $PLUG $DOCN $UAA $AMCX $EVGO $COTY $BLUE $DUK $J $SQSP $APD $FOXA $OTLY $GFS $ARMK $LEV $XXII $MRSN $ASC $NXST $WE $HR $IGT $CHH $CTLT $WRBY $CRON $TDG $VTNR $WHD $ESPR $SEAS $YOU $VYGR $ASRT $TH $WMG $ATKR $MCRB $REFI $FSTR,ARMK,0.0
336,2023-05-08 19:01:33+00:00,"IV for tomorrow morning $WAT+/-6.1%, $CHH +/-5.2%, $UAA +/-5.1%, $HSIC +/-4.9%, $COTY +/-4.2%, $ARMK +/-3.4%, $APD +/-3.4%, $VST +/-3.4%, $APO +/-3.1%, $TDG +/-2.9%, $J +/-2.7%, $FOXA +/-2.1%, $RPRX +/-1.1%, $DUK +/-1%",ARMK,0.0
337,2023-05-09 10:01:04+00:00,Today's earnings announcement:  Pre-Market: $DUK $APD $TDG $APO $GFS $CHT $WAT $FOXA $FOX $RPRX $J $WMG $BSY $CRBG $HSIC $COTY $ARMK $VST $CTLT $HR $CHH After market: $ABNB $OXY $ALC $EA $CPNG $EC $AXON $WYNN $RIVN $AKAM $EXAS $CE $AGL $MASI $TWLO $TOST $DAR $TBTYK $OVV $CELH,ARMK,0.0
338,2023-05-09 12:33:36+00:00,‚ö° Aramark $ARMK Q2 2023 conference call just started. Tune in live on Quartr.,ARMK,0.0
339,2023-05-09 13:46:46+00:00,"$ARMK Strike: 34.00 Expiration: 2023-05-19 Put .ARMK230519P34 Price: 0.41 Size: 2432 Time: 2023-05-09 9:46:46AM Premium: $99,712.00",ARMK,-0.128
340,2023-05-09 13:53:35+00:00,$CTAS is just on another plane vs. $UNF or $ARMK. Such a well run business...,ARMK,0.2732
341,2023-05-09 15:42:04+00:00,$NVAX May 12 2023 13.5 Call (Weekly) $FUTU May 26 2023 43 Call (Weekly) $ARMK Sep 20 2024 45 Call $FUTU May 12 2023 40 Call (Weekly),ARMK,0.0
342,2023-05-09 15:53:28+00:00,"$ARMK $40.00 Sep 20 2024 CALL ‚¨ÜÔ∏èüåä Underlying: $35.48 % Difference: 11.30% Daily $ Volume: $114,298 Volume: 349 OI: 2 IV: 30.07% Bid/Ask: $2.65/$3.90",ARMK,0.0
343,2023-05-09 21:04:35+00:00,üí∞ Aramark Holdings  $ARMK  EPS. vs Forecast 0.28 / 0.26 üü¢ Rev. vs Forecast 4.6B / 4.39B üü¢ Market Cap: 9.32B,ARMK,0.0
344,2023-05-10 11:55:29+00:00,$ARMK Morgan Stanley analyst Toni Kaplan maintains Aramark with a Equal-Weight and raises the price target from $40 to $41.,ARMK,0.0
345,2023-05-10 12:08:59+00:00,Stocks with positive macd crossover 1. $PLTR 2. $NVAX 3. $ITUB 4. $VALE 5. $VST 6. $CLF 7. $HWM 8. $CARR 9. $U 10. $HPQ 11. $NFLX 12. $GGB 13. $MUFG 14. $PANW 15. $ARMK *This is not a trading advice*,ARMK,0.5574
346,2023-05-10 12:09:08+00:00,"1. $ARMK    C: 35,84 $   V: 3.685.000 Atr: 0,93 $ BB: ‚Üë    Obv: ‚Üë   Rsi &gt;= 50 WaveTrendCrossOver: ‚Üë Macd Crossover: + Ichimoku: + Macd: ‚Üë EmaTrend: ‚Üë Stop Loss: 34,45 Limit Order: 38,63 *This is not a trading advice*",ARMK,-0.5423
347,2023-05-10 13:18:57+00:00,"With football schedule to be released and the #sixersceltics series looking crazy $ARMK is one to take a look at, with recent gains and opportunity for the investor.",ARMK,0.4215
348,2023-05-10 13:28:10+00:00,Turn your everyday favorites into investment opportunities by investing in the products and services you use $LULU $TSLA $ARMK Win-win! üí∏üíº #InvestInYourself #SmartMoneyMoves #FinancialGrowth,ARMK,0.69
349,2023-05-10 14:42:55+00:00,$ARMK RBC Capital analyst Ashish Sabadra reiterates Aramark with a Sector Perform and maintains $48 price target.,ARMK,0.0
350,2023-05-11 12:30:08+00:00,First out// $ARMK: Aramark Announces National Brand Agreement with Bean Sprouts to Offer More Healthy Food Options for Kids and,ARMK,0.7346
351,2023-05-11 15:32:12+00:00,"$ARMK Strike: 41.00 Expiration: 2024-01-19 Call .ARMK240119C41 Price: 2.00 Size: 16000 Time: 2023-05-11 11:32:11AM Premium: $3,200,000.00",ARMK,-0.128
352,2023-05-11 15:33:22+00:00,"üí• OPTION PLAY! üí•  Ticker: $ARMK Type: Call Strike: $41.00 Price: $2.00 Size: 16000 Expiration: 2024-01-19 Premium: $3,200,000.00",ARMK,0.4451
353,2023-05-11 15:47:31+00:00,$ARMK 01/19/24 $41.00 CALL Type: large Time: 10:32:11 Total Size: 16000 Contracts Total Value: $3200000 Average Price: $2 Ask: $2.75 Bid: $1.85 Underlying: $36.85 Sentiment: neutral #optionsflow #optiontrading #options #stocks #stockmarket #unusualflow #daytrading #trading,ARMK,0.34
354,2023-05-11 15:57:09+00:00,"$ARMK $28.00 Jan 19 2024 PUT ‚¨áÔ∏èüåä Underlying: $36.88 % Difference: 31.71% Daily $ Volume: $930,000 Volume: 12,000 OI: 224 IV: 32.88% Bid/Ask: $0.70/$0.85",ARMK,0.0
355,2023-05-11 17:25:26+00:00,Today's Top Unusual Options Activity:  - $GOOGL 5/12 117 put  - $DIS 5/12 93 call - $GOOGL 7/21 120 put - $ARMK 1/19/24 41 call - $DIS 5/12 94 call - $DTC 5/19 7.5 put - $NFLX 5/12 337.5 put,ARMK,0.2023
356,2023-05-11 20:26:17+00:00,#long #watchlist for #trading on #nyse #nasdaq between $30 and $40: $ARCT $ARKK $ARMK $CWEN $DOG $FTDR $GFL $HCP $RELX $SFM $SGML $TPH,ARMK,0.0
357,2023-05-12 20:29:08+00:00,#long #watchlist for #trading on #nyse #nasdaq between $30 and $40: $ARMK $CMP $CWEN $DOG $ECH $FTDR $IPG $MAXN $SFM $SGML $VVV,ARMK,0.0
358,2023-05-15 11:51:33+00:00,Ex Div Tomorrow: $ED 0.81 $ADM 0.45 $AFL 0.42 $FSK 0.05 $INN 0.06 $MPC 0.75 $MRO 0.1 $PBF 0.2 $TGT 1.08 $APAM 0.5 $ARMK 0.11 $PCAR 0.25 $POOL 1.1 @tastyliveshow,ARMK,0.0
359,2023-05-15 20:32:19+00:00,#long #watchlist for #trading on #nyse #nasdaq between $30 and $40: $ABB $ARMK $ATHM $BBWI $CWEN $ECH $EWZ $FLYW $FTDR $ISEE $NOG $NSSC $OMH $SWTX $TPX,ARMK,0.0
360,2023-05-16 20:26:44+00:00,#long #watchlist for #trading on #nyse #nasdaq between $30 and $40: $ARMK $ATHM $DAL $PRCT $WAL,ARMK,0.0
361,2023-05-17 20:31:47+00:00,#long #watchlist for #trading on #nyse #nasdaq between $30 and $40: $ARMK $BOH $CAKE $DAL $HPQ $HTH $TECL $TENB $TNL $TQQQ $VRNT $WAL $WBS $YELP,ARMK,0.0
362,2023-05-22 14:18:24+00:00,"New MOMO Trend 2 only from Mometic     $ARMK,BBAG #stockstowatch",ARMK,0.0
363,2023-05-22 20:52:48+00:00,Double inside day scan $ADSK $ARCO $ARMK $COHU $FUN $HUM $NNI $OC $SEAS $TTWO via @Deepvue,ARMK,0.0
364,2023-05-26 20:25:35+00:00,#long #watchlist for #trading on #nyse #nasdaq between $30 and $40: $AI $ARMK $BRBR $DV $SYM $UNVR,ARMK,0.0
365,2023-05-29 11:11:55+00:00,Major #13G headlines for today (26-May-2023) 1/4 Mantle Ridge LP reports 9.9% stake in $ARMK (Aramark) JHL Capital Gro... reports 1.6% stake in $MP (MP Materials Co...) Follow us for timely alerts on funds buys and sells.,ARMK,0.0
366,2023-05-31 18:08:26+00:00,Today's Top Unusual Options Activity:  - $AFRM 6/16 14.5 put - $LNG 9/15 120 put - $SOFI 6/16 7.5 call - $UPST 6/09 33 call - $AMZN 12/10/25 110 put - $ARMK 1/19/24 50 call - $PFE 6/16 36 put,ARMK,0.2023
367,2023-05-31 22:06:06+00:00,"#Options: Call/Put Highest % Volume Changes PM Calls: $ARMK, $AAP, $PEP, $NTAP, $CRDO Puts: $AAP, $FEZ, $IP, $VGK, $MTB",ARMK,0.0
368,2023-05-31 22:35:58+00:00,"Options Trades [Options Flow] 5/31: Calls on Aramark $ARMK: There is significant call option activity with a 20:1 ratio over put options. An unusually large call spread trade for the January 2024 expiry has taken place, 23,000 contracts were bought at $1.15 for the Jan 19th 46.00 strike calls, and 23,000 contracts were sold at $0.45 for the Jan 50.00 strike calls. The open interest suggests that this activity was new positioning.  The block trader is betting that the stock price will rise between $46 and $50 by January 2024. Puts on Bumble $BMBL:  There is a notable put option activity with a ratio of around 11:1 over calls. This is primarily driven by a large put block that was executed on the July 21st 12.50 put for $0.25. The bid/ask spread was suggests that this was a closing trade.",ARMK,-0.4588
369,2023-06-01 08:54:05+00:00,$ARMK UBS analyst Joshua Chan initiates coverage on Aramark with a Neutral rating and announces Price Target of $42.,ARMK,0.0
370,2023-06-01 14:13:30+00:00,List of Ichimoku applicable stocks: 1. $AAPL 2. $TSLA 3. $AAL 4. $PLTR 5. $NVDA 6. $MRVL 7. $ADBE 8. $PSTG 9. $MGI 10. $AI 11. $AMD 12. $TSM 13. $MSFT 14. $ARMK 15. $CRM *This is not a trading advice*,ARMK,0.0
371,2023-06-02 22:34:20+00:00,üìÖBaird Consumer Tech & Services Conf 23 ~ 6/6 to 6/8 $ULTA $PATH $FIVN $WMT $ZI $DT $CRSR  $SHAK $CROX $TSCO $BROS $TWKS $POOL $XPOF $EGHT $CDAY $NVTS $PAYC $BSY $WGO $REZI $TNET $BSY $ARMK $PII $WOOF $PI $H $MODN $KAR $TNET $BB $EXLS $COHO $FLR $LAUR $QLYS $FISV $CPRT $WSC $KEYS $COOK $ASGN,ARMK,0.0
372,2023-06-06 13:59:54+00:00,Watching $ARMK $BLDR $DOCN,ARMK,0.0
373,2023-06-06 15:40:42+00:00,Long $ARMK 40.60,ARMK,0.0
374,2023-06-06 19:06:13+00:00,Out $ARMK for pennies. Not sure why it was even on my scanner in the first place - abysmal volume.,ARMK,-0.2411
375,2023-06-06 19:45:29+00:00,"That $ARMK exit did not age well, lmao.",ARMK,-0.6072
376,2023-06-06 20:25:03+00:00,#long #watchlist for #trading on #nyse #nasdaq between $40 and $50: $AEL $ALK $ARMK $CZR $DOCN $FUTU $HTHT $IART $KBH $MC $MRTX $NTLA $OMF $PGNY $SLVM $SPT $TGLS $TNL $W,ARMK,0.0
377,2023-06-08 15:00:02+00:00,We're selling $ARMK today.  After  posting 10% #profit,ARMK,0.0
378,2023-06-09 16:55:38+00:00,üìÖOppenheimer Consumer Growth & E-Commerce Conf 2023 ~ 06/12 to 6/14 $ULTA $SHAK $WMT $LOVE $BOWL $BRN $CAKE $TSCO $HRL $DENN $YUMC $ARMK $PRGO $BJRI $JYNT $SG $LTH $THCH $TNL $PETQ $POOL $GRWG,ARMK,0.3818
379,2023-06-09 20:26:53+00:00,#short #watchlist for #trading on #nyse #nasdaq between $40 and $50: $ARMK $CSCO $NTLA $RCI $ROL $RPD $Z,ARMK,0.0
